[codex/eight-coordinate-continuation-20260930 db398f84a] Record Wave46 audited rook exclusions and exact prime-five bound
 3779 files changed, 2009001 insertions(+), 202786 deletions(-)
 create mode 100644 acceleration/audit_20261004_code_delsarte_image_lower_count_renormalization_native_v1.md
 create mode 100644 acceleration/audit_20261004_fixed17_per_copy_local_sat_assignment_v3.py
 create mode 100644 acceleration/audit_20261004_fixed17_per_copy_local_sat_assignment_v3_spec.md
 create mode 100644 acceleration/audit_20261004_fixed17_per_copy_local_sat_assignment_v4.py
 create mode 100644 acceleration/audit_20261004_fixed17_per_copy_local_sat_assignment_v4_spec.md
 create mode 100644 acceleration/audit_20261004_fixed17_per_copy_local_sat_v6.py
 create mode 100644 acceleration/audit_20261004_fixed17_per_copy_local_sat_v6_spec.md
 create mode 100644 acceleration/audit_20261004_local_sat_binary_drat_actual_controls_native01.md
 create mode 100644 acceleration/audit_20261004_local_sat_binary_drat_dependency_controls_native_v4.md
 create mode 100644 acceleration/audit_20261004_local_sat_binary_drat_linux_build_native_actual01.md
 create mode 100644 acceleration/audit_20261004_local_sat_binary_drat_linux_build_native_v1.md
 create mode 100644 acceleration/audit_20261004_local_sat_binary_drat_original_fixture_native_veto01.md
 create mode 100644 acceleration/audit_20261004_local_sat_binary_native_actual_controls_native01.md
 create mode 100644 acceleration/audit_20261004_makhnev_theorem2_lemmas6_9_checkpoint_v1.md
 create mode 100644 acceleration/audit_20261004_nine_mathematical_literal_root_checkpoint_v1.md
 create mode 100644 acceleration/audit_20261004_prime5_analytic_delsarte_family_v1.py
 create mode 100644 acceleration/audit_20261004_prime5_analytic_delsarte_family_v1_spec.md
 create mode 100644 acceleration/audit_20261004_prime5_analytic_delsarte_native_v1.md
 create mode 100644 acceleration/audit_20261004_prime5_analytic_delsarte_v1.py
 create mode 100644 acceleration/audit_20261004_prime5_analytic_delsarte_v1_spec.md
 create mode 100644 acceleration/audit_20261004_prime5_analytic_family_and_target_dimension24_addendum01.md
 create mode 100644 acceleration/audit_20261004_prime5_analytic_family_and_target_dimension24_native_v1.md
 create mode 100644 acceleration/audit_20261004_prime5_code_delsarte_v1.py
 create mode 100644 acceleration/audit_20261004_prime5_code_delsarte_v1_spec.md
 create mode 100644 acceleration/audit_20261004_prime5_triangle_image_weight_counts_native_v1.md
 create mode 100644 acceleration/audit_20261004_rook_all_unit_deficiencies_and_not229_native_v1.md
 create mode 100644 acceleration/audit_20261004_rook_count228_d2_four_or_five_checkpoint_v1.md
 create mode 100644 acceleration/audit_20261004_rook_count228_deficiency_patterns_checkpoint_v1.md
 create mode 100644 acceleration/audit_20261004_rook_deficiency_and_n3_native_v1.md
 create mode 100644 acceleration/audit_20261004_rook_nine_count_not228_checkpoint_v1.md
 create mode 100644 acceleration/audit_20261004_target_integer_triangle_signed_one_design_native_v1.md
 create mode 100644 acceleration/audit_20261004_target_prime5_left_code_support54_native_v1.md
 create mode 100644 acceleration/audit_20261004_target_prime5_left_code_support55_native_v1.md
 create mode 100644 acceleration/audit_20261004_target_rook_nine_count_not231_structural_v1.md
 create mode 100644 acceleration/audit_20261004_target_rook_nine_deficiency_gap_native_v1.md
 create mode 100644 acceleration/audit_20261004_target_ternary_3adic_gram_rank98_nonobstruction_native_v1.md
 create mode 100644 acceleration/audit_20261004_target_ternary_incidence_mod9_nonlift_pairing_native_v1.md
 create mode 100644 acceleration/audit_20261004_target_ternary_left_code_color_moments_weights48_75_native_v1.md
 create mode 100644 acceleration/audit_20261004_target_ternary_left_code_dot_weights_checkpoint_v1.md
 create mode 100644 acceleration/audit_20261004_ternary_circuit_integer_lift_support_boundary_native_v1.md
 create mode 100644 acceleration/audit_20261004_ternary_color_histograms_v1.py
 create mode 100644 acceleration/audit_20261004_ternary_color_histograms_v1_spec.md
 create mode 100644 acceleration/build_20261004_local_sat_binary_drat_linux_v1.sh
 create mode 100644 acceleration/build_20261004_local_sat_binary_drat_linux_v1_spec.md
 create mode 100644 acceleration/check_20261004_nine_mathematical_literal_root_v1.py
 create mode 100644 acceleration/check_20261004_nine_mathematical_literal_root_v1_spec.md
 create mode 100644 acceleration/check_20261004_nine_mathematical_literal_root_v2.py
 create mode 100644 acceleration/check_20261004_nine_mathematical_literal_root_v2_spec.md
 create mode 100644 acceleration/configuration_20261004_per_copy_local_sat_closed_seal_v1.json
 create mode 100644 acceleration/configuration_20261004_per_copy_local_sat_closed_seal_v2.json
 create mode 100644 acceleration/configuration_20261004_prime5_analytic_delsarte_family_independent_v1.json
 create mode 100644 acceleration/configuration_20261004_prime5_analytic_delsarte_independent_v1.json
 create mode 100644 acceleration/configuration_20261004_prime5_code_delsarte_v1.json
 create mode 100644 acceleration/configuration_20261004_prime5_code_delsarte_v2.json
 create mode 100644 acceleration/configuration_20261004_ternary_color_histogram_science_root_v1.json
 create mode 100644 acceleration/construct_20261004_prime5_analytic_delsarte_v1.py
 create mode 100644 acceleration/construct_20261004_prime5_analytic_delsarte_v1_spec.md
 create mode 100644 acceleration/construct_20261004_prime5_analytic_delsarte_v2.py
 create mode 100644 acceleration/construct_20261004_prime5_analytic_delsarte_v2_spec.md
 create mode 100644 acceleration/diff_20261004_fixed17_per_copy_local_sat_native_v1_v2.txt
 create mode 100644 acceleration/diff_20261004_nine_five_mathematical_materializers_v1.txt
 create mode 100644 acceleration/diff_20261004_per_copy_local_sat_assignment_v3_v4.txt
 create mode 100644 acceleration/diff_20261004_prime5_analytic_delsarte_v1_v2.txt
 create mode 100644 acceleration/materialize_20261004_five_mathematical_claims_v1.ps1
 create mode 100644 acceleration/materialize_20261004_five_mathematical_claims_v1_spec.md
 create mode 100644 acceleration/materialize_20261004_nine_bound_mathematical_claims_v1.ps1
 create mode 100644 acceleration/materialize_20261004_nine_bound_mathematical_claims_v1_spec.md
 create mode 100644 acceleration/plan_20261004_five_mathematical_candidate_materialization_v1.json
 create mode 100644 acceleration/plan_20261004_fixed17_per_copy_local_sat_assignment_calibration_v3.json
 create mode 100644 acceleration/plan_20261004_fixed17_per_copy_local_sat_assignment_calibration_v4_context02.json
 create mode 100644 acceleration/plan_20261004_fixed17_per_copy_local_sat_binary_controls_v2.json
 create mode 100644 acceleration/plan_20261004_fixed17_per_copy_local_sat_binary_controls_v3.json
 create mode 100644 acceleration/plan_20261004_fixed17_per_copy_local_sat_binary_controls_v4.json
 create mode 100644 acceleration/plan_20261004_local_sat_binary_drat_linux_build_v1.json
 create mode 100644 acceleration/plan_20261004_local_sat_binary_drat_proof_controls_root_actual_v1.json
 create mode 100644 acceleration/plan_20261004_nine_bound_mathematical_candidate_copy_v1.json
 create mode 100644 acceleration/plan_20261004_nine_bound_mathematical_candidate_copy_v2.json
 create mode 100644 acceleration/plan_20261004_per_copy_local_sat_closed_seal_v1.json
 create mode 100644 acceleration/plan_20261004_per_copy_local_sat_closed_seal_v2.json
 create mode 100644 acceleration/plan_20261004_prime5_analytic_delsarte_author_controls_v1.json
 create mode 100644 acceleration/plan_20261004_prime5_analytic_delsarte_author_controls_v2.json
 create mode 100644 acceleration/plan_20261004_prime5_analytic_delsarte_family_independent_calibration_v1.json
 create mode 100644 acceleration/plan_20261004_prime5_analytic_delsarte_family_independent_full_v1.json
 create mode 100644 acceleration/plan_20261004_prime5_analytic_delsarte_family_root_v2.json
 create mode 100644 acceleration/plan_20261004_prime5_analytic_delsarte_science_root_v1.json
 create mode 100644 acceleration/plan_20261004_prime5_code_delsarte_science_root_v1.json
 create mode 100644 acceleration/plan_20261004_prime5_code_delsarte_science_root_v2.json
 create mode 100644 acceleration/plan_20261004_ternary_color_histogram_independent_full_root_v2.json
 create mode 100644 acceleration/plan_20261004_ternary_color_histogram_science_root_v1.json
 create mode 100644 acceleration/proposal_20261004_five_bound_claim_append_v1.json
 create mode 100644 acceleration/proposal_20261004_five_bound_mathematical_literal_append_v1.json
 create mode 100644 acceleration/proposal_20261004_nine_bound_mathematical_literal_append_v2.json
 create mode 100644 acceleration/proposal_20261004_prime5_analytic_delsarte_family_v2.json
 create mode 100644 acceleration/proposal_20261004_ternary_circuit_integer_lift_support_boundary_claim_v1.json
 create mode 100644 acceleration/proposal_20261004_ternary_color_histogram_independent_full_packet_v1.json
 create mode 100644 acceleration/proposal_20261004_three_written_claim_append_v4.json
 create mode 100644 acceleration/proposal_20261004_three_written_followup_literal_append_v1.json
 create mode 100644 acceleration/proposal_20261004_two_local_sat_finite_engineering_claim_append_v2.json
 create mode 100644 acceleration/results/20261001_n3_hamming_scope/makhnev_1988.pdf
 create mode 100644 acceleration/results/20261001_n3_hamming_scope/summary.json
 create mode 100644 acceleration/results/20261004_code_delsarte_image_count_renormalization_candidate01.json
 create mode 100644 acceleration/results/20261004_code_delsarte_image_count_renormalization_root_written_acceptance01.json
 create mode 100644 acceleration/results/20261004_five_bound_claim_live_install_root_receipt01.json
 create mode 100644 acceleration/results/20261004_five_mathematical_append_candidate01/CLAIMS.before.yaml
 create mode 100644 acceleration/results/20261004_five_mathematical_append_candidate01/CLAIMS.candidate.yaml
 create mode 100644 acceleration/results/20261004_five_mathematical_append_candidate01/evidence_resolution.json
 create mode 100644 acceleration/results/20261004_five_mathematical_append_candidate01/summary.json
 create mode 100644 acceleration/results/20261004_five_mathematical_append_candidate_supervision01/manifest.json
 create mode 100644 acceleration/results/20261004_five_mathematical_append_candidate_supervision01/summary.json
 create mode 100644 acceleration/results/20261004_five_mathematical_candidate_root_one01.json
 create mode 100644 acceleration/results/20261004_five_mathematical_candidate_schema_one01.json
 create mode 100644 acceleration/results/20261004_five_mathematical_candidate_schema_report01.json
 create mode 100644 acceleration/results/20261004_five_mathematical_candidate_schema_supervision01/manifest.json
 create mode 100644 acceleration/results/20261004_five_mathematical_candidate_schema_supervision01/summary.json
 create mode 100644 acceleration/results/20261004_five_mathematical_literal_checker_cp_static_review01.json
 create mode 100644 acceleration/results/20261004_five_mathematical_literal_root_typed01/summary.json
 create mode 100644 acceleration/results/20261004_five_mathematical_literal_root_typed_one01.json
 create mode 100644 acceleration/results/20261004_five_mathematical_literal_root_typed_supervision01/manifest.json
 create mode 100644 acceleration/results/20261004_five_mathematical_literal_root_typed_supervision01/summary.json
 create mode 100644 acceleration/results/20261004_five_mathematical_live_install_root_receipt01.json
 create mode 100644 acceleration/results/20261004_five_mathematical_live_transition_root_acceptance01.json
 create mode 100644 acceleration/results/20261004_five_typed_preworker_guard_correction01.md
 create mode 100644 acceleration/results/20261004_fixed17_local_sat_native_controls_root_independent_acceptance01.json
 create mode 100644 acceleration/results/20261004_fixed17_per_copy_local_sat_binary_controls_inputs01/bad_hash.sha256
 create mode 100644 acceleration/results/20261004_fixed17_per_copy_local_sat_binary_controls_inputs01/crlf_sensitive_valid.bdrat
 create mode 100644 acceleration/results/20261004_fixed17_per_copy_local_sat_binary_controls_inputs01/empty_only.bdrat
 create mode 100644 acceleration/results/20261004_fixed17_per_copy_local_sat_binary_controls_inputs01/sat.sha256
 create mode 100644 acceleration/results/20261004_fixed17_per_copy_local_sat_binary_controls_inputs01/unsat.sha256
 create mode 100644 acceleration/results/20261004_fixed17_per_copy_local_sat_binary_controls_inputs01/vars13_incomplete.bdrat
 create mode 100644 acceleration/results/20261004_fixed17_per_copy_local_sat_binary_controls_inputs01/vars13_valid.bdrat
 create mode 100644 acceleration/results/20261004_fixed17_per_copy_local_sat_binary_controls_inputs02/crlf_dependency_valid.bdrat
 create mode 100644 acceleration/results/20261004_fixed17_per_copy_local_sat_binary_controls_inputs02/crlf_missing_lemma.bdrat
 create mode 100644 acceleration/results/20261004_fixed17_per_copy_local_sat_binary_controls_inputs02/crlf_translated.bdrat
 create mode 100644 acceleration/results/20261004_fixed17_per_copy_local_sat_binary_controls_inputs02/ctrl_z_first_valid.bdrat
 create mode 100644 acceleration/results/20261004_fixed17_per_copy_local_sat_binary_controls_inputs02/ctrl_z_truncated.bdrat
 create mode 100644 acceleration/results/20261004_fixed17_per_copy_local_sat_binary_controls_supervision01/bad_hash/linux_cleanup_observations.jsonl
 create mode 100644 acceleration/results/20261004_fixed17_per_copy_local_sat_binary_controls_supervision01/bad_hash/manifest.json
 create mode 100644 acceleration/results/20261004_fixed17_per_copy_local_sat_binary_controls_supervision01/bad_hash/progress.jsonl
 create mode 100644 acceleration/results/20261004_fixed17_per_copy_local_sat_binary_controls_supervision01/bad_hash/stderr.log
 create mode 100644 acceleration/results/20261004_fixed17_per_copy_local_sat_binary_controls_supervision01/bad_hash/stdout.log
 create mode 100644 acceleration/results/20261004_fixed17_per_copy_local_sat_binary_controls_supervision01/bad_hash/summary.json
 create mode 100644 acceleration/results/20261004_fixed17_per_copy_local_sat_binary_controls_supervision01/existing_output/linux_cleanup_observations.jsonl
 create mode 100644 acceleration/results/20261004_fixed17_per_copy_local_sat_binary_controls_supervision01/existing_output/manifest.json
 create mode 100644 acceleration/results/20261004_fixed17_per_copy_local_sat_binary_controls_supervision01/existing_output/progress.jsonl
 create mode 100644 acceleration/results/20261004_fixed17_per_copy_local_sat_binary_controls_supervision01/existing_output/stderr.log
 create mode 100644 acceleration/results/20261004_fixed17_per_copy_local_sat_binary_controls_supervision01/existing_output/stdout.log
 create mode 100644 acceleration/results/20261004_fixed17_per_copy_local_sat_binary_controls_supervision01/existing_output/summary.json
 create mode 100644 acceleration/results/20261004_fixed17_per_copy_local_sat_binary_controls_supervision01/sat/linux_cleanup_observations.jsonl
 create mode 100644 acceleration/results/20261004_fixed17_per_copy_local_sat_binary_controls_supervision01/sat/manifest.json
 create mode 100644 acceleration/results/20261004_fixed17_per_copy_local_sat_binary_controls_supervision01/sat/progress.jsonl
 create mode 100644 acceleration/results/20261004_fixed17_per_copy_local_sat_binary_controls_supervision01/sat/stderr.log
 create mode 100644 acceleration/results/20261004_fixed17_per_copy_local_sat_binary_controls_supervision01/sat/stdout.log
 create mode 100644 acceleration/results/20261004_fixed17_per_copy_local_sat_binary_controls_supervision01/sat/summary.json
 create mode 100644 acceleration/results/20261004_fixed17_per_copy_local_sat_binary_controls_supervision01/unsat/linux_cleanup_observations.jsonl
 create mode 100644 acceleration/results/20261004_fixed17_per_copy_local_sat_binary_controls_supervision01/unsat/manifest.json
 create mode 100644 acceleration/results/20261004_fixed17_per_copy_local_sat_binary_controls_supervision01/unsat/progress.jsonl
 create mode 100644 acceleration/results/20261004_fixed17_per_copy_local_sat_binary_controls_supervision01/unsat/stderr.log
 create mode 100644 acceleration/results/20261004_fixed17_per_copy_local_sat_binary_controls_supervision01/unsat/stdout.log
 create mode 100644 acceleration/results/20261004_fixed17_per_copy_local_sat_binary_controls_supervision01/unsat/summary.json
 create mode 100644 acceleration/results/20261004_fixed17_per_copy_local_sat_binary_controls_supervision01/unsupported_seconds/linux_cleanup_observations.jsonl
 create mode 100644 acceleration/results/20261004_fixed17_per_copy_local_sat_binary_controls_supervision01/unsupported_seconds/manifest.json
 create mode 100644 acceleration/results/20261004_fixed17_per_copy_local_sat_binary_controls_supervision01/unsupported_seconds/progress.jsonl
 create mode 100644 acceleration/results/20261004_fixed17_per_copy_local_sat_binary_controls_supervision01/unsupported_seconds/stderr.log
 create mode 100644 acceleration/results/20261004_fixed17_per_copy_local_sat_binary_controls_supervision01/unsupported_seconds/stdout.log
 create mode 100644 acceleration/results/20261004_fixed17_per_copy_local_sat_binary_controls_supervision01/unsupported_seconds/summary.json
 create mode 100644 acceleration/results/20261004_fixed17_per_copy_local_sat_native02/linux_cleanup_observations.jsonl
 create mode 100644 acceleration/results/20261004_fixed17_per_copy_local_sat_native02/manifest.json
 create mode 100644 acceleration/results/20261004_fixed17_per_copy_local_sat_native02/progress.jsonl
 create mode 100644 acceleration/results/20261004_fixed17_per_copy_local_sat_native02/reviews.jsonl
 create mode 100644 acceleration/results/20261004_fixed17_per_copy_local_sat_native02/stderr.log
 create mode 100644 acceleration/results/20261004_fixed17_per_copy_local_sat_native02/stdout.log
 create mode 100644 acceleration/results/20261004_fixed17_per_copy_local_sat_native02/summary.json
 create mode 100644 acceleration/results/20261004_fixed17_per_copy_local_sat_native02_root_runtime_acceptance01.json
 create mode 100644 acceleration/results/20261004_fixed17_per_copy_local_sat_native_root_runtime_acceptance01.json
 create mode 100644 acceleration/results/20261004_independent_review/code_delsarte_image_lower_count_renormalization_native01/claim_binding_schema2.json
 create mode 100644 acceleration/results/20261004_independent_review/code_delsarte_image_lower_count_renormalization_native01/summary.json
 create mode 100644 acceleration/results/20261004_independent_review/fixed17_per_copy_local_sat_assignment_calibration03/controls.json
 create mode 100644 acceleration/results/20261004_independent_review/fixed17_per_copy_local_sat_assignment_calibration04/control_000.json
 create mode 100644 acceleration/results/20261004_independent_review/fixed17_per_copy_local_sat_assignment_calibration04/control_001.json
 create mode 100644 acceleration/results/20261004_independent_review/fixed17_per_copy_local_sat_assignment_calibration04/control_002.json
 create mode 100644 acceleration/results/20261004_independent_review/fixed17_per_copy_local_sat_assignment_calibration04/control_003.json
 create mode 100644 acceleration/results/20261004_independent_review/fixed17_per_copy_local_sat_assignment_calibration04/control_004.json
 create mode 100644 acceleration/results/20261004_independent_review/fixed17_per_copy_local_sat_assignment_calibration04/control_005.json
 create mode 100644 acceleration/results/20261004_independent_review/fixed17_per_copy_local_sat_assignment_calibration04/control_006.json
 create mode 100644 acceleration/results/20261004_independent_review/fixed17_per_copy_local_sat_assignment_calibration04/control_007.json
 create mode 100644 acceleration/results/20261004_independent_review/fixed17_per_copy_local_sat_assignment_calibration04/control_008.json
 create mode 100644 acceleration/results/20261004_independent_review/fixed17_per_copy_local_sat_assignment_calibration04/control_009.json
 create mode 100644 acceleration/results/20261004_independent_review/fixed17_per_copy_local_sat_assignment_calibration04/control_010.json
 create mode 100644 acceleration/results/20261004_independent_review/fixed17_per_copy_local_sat_assignment_calibration04/control_011.json
 create mode 100644 acceleration/results/20261004_independent_review/fixed17_per_copy_local_sat_assignment_calibration04/control_012.json
 create mode 100644 acceleration/results/20261004_independent_review/fixed17_per_copy_local_sat_assignment_calibration04/control_013.json
 create mode 100644 acceleration/results/20261004_independent_review/fixed17_per_copy_local_sat_assignment_calibration04/control_014.json
 create mode 100644 acceleration/results/20261004_independent_review/fixed17_per_copy_local_sat_assignment_calibration04/control_015.json
 create mode 100644 acceleration/results/20261004_independent_review/fixed17_per_copy_local_sat_assignment_calibration04/control_016.json
 create mode 100644 acceleration/results/20261004_independent_review/fixed17_per_copy_local_sat_assignment_calibration04/control_017.json
 create mode 100644 acceleration/results/20261004_independent_review/fixed17_per_copy_local_sat_assignment_calibration04/control_018.json
 create mode 100644 acceleration/results/20261004_independent_review/fixed17_per_copy_local_sat_assignment_calibration04/control_019.json
 create mode 100644 acceleration/results/20261004_independent_review/fixed17_per_copy_local_sat_assignment_calibration04/control_020.json
 create mode 100644 acceleration/results/20261004_independent_review/fixed17_per_copy_local_sat_assignment_calibration04/control_021.json
 create mode 100644 acceleration/results/20261004_independent_review/fixed17_per_copy_local_sat_assignment_calibration04/control_022.json
 create mode 100644 acceleration/results/20261004_independent_review/fixed17_per_copy_local_sat_assignment_calibration04/control_023.json
 create mode 100644 acceleration/results/20261004_independent_review/fixed17_per_copy_local_sat_assignment_calibration04/control_024.json
 create mode 100644 acceleration/results/20261004_independent_review/fixed17_per_copy_local_sat_assignment_calibration04/control_025.json
 create mode 100644 acceleration/results/20261004_independent_review/fixed17_per_copy_local_sat_assignment_calibration04/control_026.json
 create mode 100644 acceleration/results/20261004_independent_review/fixed17_per_copy_local_sat_assignment_calibration04/control_027.json
 create mode 100644 acceleration/results/20261004_independent_review/fixed17_per_copy_local_sat_assignment_calibration04/control_028.json
 create mode 100644 acceleration/results/20261004_independent_review/fixed17_per_copy_local_sat_assignment_calibration04/control_029.json
 create mode 100644 acceleration/results/20261004_independent_review/fixed17_per_copy_local_sat_assignment_calibration04/control_030.json
 create mode 100644 acceleration/results/20261004_independent_review/fixed17_per_copy_local_sat_assignment_calibration04/control_031.json
 create mode 100644 acceleration/results/20261004_independent_review/fixed17_per_copy_local_sat_assignment_calibration04/control_032.json
 create mode 100644 acceleration/results/20261004_independent_review/fixed17_per_copy_local_sat_assignment_calibration04/control_033.json
 create mode 100644 acceleration/results/20261004_independent_review/fixed17_per_copy_local_sat_assignment_calibration04/control_034.json
 create mode 100644 acceleration/results/20261004_independent_review/fixed17_per_copy_local_sat_assignment_calibration04/control_035.json
 create mode 100644 acceleration/results/20261004_independent_review/fixed17_per_copy_local_sat_assignment_calibration04/control_036.json
 create mode 100644 acceleration/results/20261004_independent_review/fixed17_per_copy_local_sat_assignment_calibration04/control_037.json
 create mode 100644 acceleration/results/20261004_independent_review/fixed17_per_copy_local_sat_assignment_calibration04/control_038.json
 create mode 100644 acceleration/results/20261004_independent_review/fixed17_per_copy_local_sat_assignment_calibration04/control_039.json
 create mode 100644 acceleration/results/20261004_independent_review/fixed17_per_copy_local_sat_assignment_calibration04/control_040.json
 create mode 100644 acceleration/results/20261004_independent_review/fixed17_per_copy_local_sat_assignment_calibration04/control_041.json
 create mode 100644 acceleration/results/20261004_independent_review/fixed17_per_copy_local_sat_assignment_calibration04/control_042.json
 create mode 100644 acceleration/results/20261004_independent_review/fixed17_per_copy_local_sat_assignment_calibration04/control_043.json
 create mode 100644 acceleration/results/20261004_independent_review/fixed17_per_copy_local_sat_assignment_calibration04/control_044.json
 create mode 100644 acceleration/results/20261004_independent_review/fixed17_per_copy_local_sat_assignment_calibration04/control_045.json
 create mode 100644 acceleration/results/20261004_independent_review/fixed17_per_copy_local_sat_assignment_calibration04/control_046.json
 create mode 100644 acceleration/results/20261004_independent_review/fixed17_per_copy_local_sat_assignment_calibration04/control_047.json
 create mode 100644 acceleration/results/20261004_independent_review/fixed17_per_copy_local_sat_assignment_calibration04/control_048.json
 create mode 100644 acceleration/results/20261004_independent_review/fixed17_per_copy_local_sat_assignment_calibration04/control_049.json
 create mode 100644 acceleration/results/20261004_independent_review/fixed17_per_copy_local_sat_assignment_calibration04/control_050.json
 create mode 100644 acceleration/results/20261004_independent_review/fixed17_per_copy_local_sat_assignment_calibration04/control_051.json
 create mode 100644 acceleration/results/20261004_independent_review/fixed17_per_copy_local_sat_assignment_calibration04/control_052.json
 create mode 100644 acceleration/results/20261004_independent_review/fixed17_per_copy_local_sat_assignment_calibration04/control_053.json
 create mode 100644 acceleration/results/20261004_independent_review/fixed17_per_copy_local_sat_assignment_calibration04/control_054.json
 create mode 100644 acceleration/results/20261004_independent_review/fixed17_per_copy_local_sat_assignment_calibration04/control_055.json
 create mode 100644 acceleration/results/20261004_independent_review/fixed17_per_copy_local_sat_assignment_calibration04/control_056.json
 create mode 100644 acceleration/results/20261004_independent_review/fixed17_per_copy_local_sat_assignment_calibration04/control_057.json
 create mode 100644 acceleration/results/20261004_independent_review/fixed17_per_copy_local_sat_assignment_calibration04/control_058.json
 create mode 100644 acceleration/results/20261004_independent_review/fixed17_per_copy_local_sat_assignment_calibration04/control_059.json
 create mode 100644 acceleration/results/20261004_independent_review/fixed17_per_copy_local_sat_assignment_calibration04/control_060.json
 create mode 100644 acceleration/results/20261004_independent_review/fixed17_per_copy_local_sat_assignment_calibration04/control_061.json
 create mode 100644 acceleration/results/20261004_independent_review/fixed17_per_copy_local_sat_assignment_calibration04/control_062.json
 create mode 100644 acceleration/results/20261004_independent_review/fixed17_per_copy_local_sat_assignment_calibration04/control_063.json
 create mode 100644 acceleration/results/20261004_independent_review/fixed17_per_copy_local_sat_assignment_calibration04/control_064.json
 create mode 100644 acceleration/results/20261004_independent_review/fixed17_per_copy_local_sat_assignment_calibration04/control_065.json
 create mode 100644 acceleration/results/20261004_independent_review/fixed17_per_copy_local_sat_assignment_calibration04/control_066.json
 create mode 100644 acceleration/results/20261004_independent_review/fixed17_per_copy_local_sat_assignment_calibration04/control_067.json
 create mode 100644 acceleration/results/20261004_independent_review/fixed17_per_copy_local_sat_assignment_calibration04/control_068.json
 create mode 100644 acceleration/results/20261004_independent_review/fixed17_per_copy_local_sat_assignment_calibration04/control_069.json
 create mode 100644 acceleration/results/20261004_independent_review/fixed17_per_copy_local_sat_assignment_calibration04/control_070.json
 create mode 100644 acceleration/results/20261004_independent_review/fixed17_per_copy_local_sat_assignment_calibration04/control_071.json
 create mode 100644 acceleration/results/20261004_independent_review/fixed17_per_copy_local_sat_assignment_calibration04/control_072.json
 create mode 100644 acceleration/results/20261004_independent_review/fixed17_per_copy_local_sat_assignment_calibration04/control_073.json
 create mode 100644 acceleration/results/20261004_independent_review/fixed17_per_copy_local_sat_assignment_calibration04/control_074.json
 create mode 100644 acceleration/results/20261004_independent_review/fixed17_per_copy_local_sat_assignment_calibration04/control_075.json
 create mode 100644 acceleration/results/20261004_independent_review/fixed17_per_copy_local_sat_assignment_calibration04/control_076.json
 create mode 100644 acceleration/results/20261004_independent_review/fixed17_per_copy_local_sat_assignment_calibration04/control_077.json
 create mode 100644 acceleration/results/20261004_independent_review/fixed17_per_copy_local_sat_assignment_calibration04/control_078.json
 create mode 100644 acceleration/results/20261004_independent_review/fixed17_per_copy_local_sat_assignment_calibration04/control_079.json
 create mode 100644 acceleration/results/20261004_independent_review/fixed17_per_copy_local_sat_assignment_calibration04/control_080.json
 create mode 100644 acceleration/results/20261004_independent_review/fixed17_per_copy_local_sat_assignment_calibration04/control_081.json
 create mode 100644 acceleration/results/20261004_independent_review/fixed17_per_copy_local_sat_assignment_calibration04/control_082.json
 create mode 100644 acceleration/results/20261004_independent_review/fixed17_per_copy_local_sat_assignment_calibration04/controls.json
 create mode 100644 acceleration/results/20261004_independent_review/fixed17_per_copy_local_sat_assignment_calibration04/fixture_packet/extra/summary.json
 create mode 100644 acceleration/results/20261004_independent_review/fixed17_per_copy_local_sat_assignment_calibration04/fixture_packet/leaf.json
 create mode 100644 acceleration/results/20261004_independent_review/fixed17_per_copy_local_sat_assignment_calibration04/fixture_packet/summary.json
 create mode 100644 acceleration/results/20261004_independent_review/fixed17_per_copy_local_sat_assignment_calibration04/summary.json
 create mode 100644 acceleration/results/20261004_independent_review/fixed17_per_copy_local_sat_assignment_calibration_supervision04/manifest.json
 create mode 100644 acceleration/results/20261004_independent_review/fixed17_per_copy_local_sat_assignment_calibration_supervision04/progress.jsonl
 create mode 100644 acceleration/results/20261004_independent_review/fixed17_per_copy_local_sat_assignment_calibration_supervision04/stderr.log
 create mode 100644 acceleration/results/20261004_independent_review/fixed17_per_copy_local_sat_assignment_calibration_supervision04/stdout.log
 create mode 100644 acceleration/results/20261004_independent_review/fixed17_per_copy_local_sat_assignment_calibration_supervision04/summary.json
 create mode 100644 acceleration/results/20261004_independent_review/local_sat_binary_drat_controls02/crlf_missing_lemma_negative/linux_cleanup_observations.jsonl
 create mode 100644 acceleration/results/20261004_independent_review/local_sat_binary_drat_controls02/crlf_missing_lemma_negative/manifest.json
 create mode 100644 acceleration/results/20261004_independent_review/local_sat_binary_drat_controls02/crlf_missing_lemma_negative/progress.jsonl
 create mode 100644 acceleration/results/20261004_independent_review/local_sat_binary_drat_controls02/crlf_missing_lemma_negative/stderr.log
 create mode 100644 acceleration/results/20261004_independent_review/local_sat_binary_drat_controls02/crlf_missing_lemma_negative/stdout.log
 create mode 100644 acceleration/results/20261004_independent_review/local_sat_binary_drat_controls02/crlf_missing_lemma_negative/summary.json
 create mode 100644 acceleration/results/20261004_independent_review/local_sat_binary_drat_controls02/crlf_translated_negative/linux_cleanup_observations.jsonl
 create mode 100644 acceleration/results/20261004_independent_review/local_sat_binary_drat_controls02/crlf_translated_negative/manifest.json
 create mode 100644 acceleration/results/20261004_independent_review/local_sat_binary_drat_controls02/crlf_translated_negative/progress.jsonl
 create mode 100644 acceleration/results/20261004_independent_review/local_sat_binary_drat_controls02/crlf_translated_negative/stderr.log
 create mode 100644 acceleration/results/20261004_independent_review/local_sat_binary_drat_controls02/crlf_translated_negative/stdout.log
 create mode 100644 acceleration/results/20261004_independent_review/local_sat_binary_drat_controls02/crlf_translated_negative/summary.json
 create mode 100644 acceleration/results/20261004_independent_review/local_sat_binary_drat_controls02/ctrl_z_truncated_negative/linux_cleanup_observations.jsonl
 create mode 100644 acceleration/results/20261004_independent_review/local_sat_binary_drat_controls02/ctrl_z_truncated_negative/manifest.json
 create mode 100644 acceleration/results/20261004_independent_review/local_sat_binary_drat_controls02/ctrl_z_truncated_negative/progress.jsonl
 create mode 100644 acceleration/results/20261004_independent_review/local_sat_binary_drat_controls02/ctrl_z_truncated_negative/stderr.log
 create mode 100644 acceleration/results/20261004_independent_review/local_sat_binary_drat_controls02/ctrl_z_truncated_negative/stdout.log
 create mode 100644 acceleration/results/20261004_independent_review/local_sat_binary_drat_controls02/ctrl_z_truncated_negative/summary.json
 create mode 100644 acceleration/results/20261004_independent_review/local_sat_binary_drat_controls02/empty_only_negative/linux_cleanup_observations.jsonl
 create mode 100644 acceleration/results/20261004_independent_review/local_sat_binary_drat_controls02/empty_only_negative/manifest.json
 create mode 100644 acceleration/results/20261004_independent_review/local_sat_binary_drat_controls02/empty_only_negative/progress.jsonl
 create mode 100644 acceleration/results/20261004_independent_review/local_sat_binary_drat_controls02/empty_only_negative/stderr.log
 create mode 100644 acceleration/results/20261004_independent_review/local_sat_binary_drat_controls02/empty_only_negative/stdout.log
 create mode 100644 acceleration/results/20261004_independent_review/local_sat_binary_drat_controls02/empty_only_negative/summary.json
 create mode 100644 acceleration/results/20261004_independent_review/local_sat_binary_drat_controls02/genuine_native/linux_cleanup_observations.jsonl
 create mode 100644 acceleration/results/20261004_independent_review/local_sat_binary_drat_controls02/genuine_native/manifest.json
 create mode 100644 acceleration/results/20261004_independent_review/local_sat_binary_drat_controls02/genuine_native/progress.jsonl
 create mode 100644 acceleration/results/20261004_independent_review/local_sat_binary_drat_controls02/genuine_native/stderr.log
 create mode 100644 acceleration/results/20261004_independent_review/local_sat_binary_drat_controls02/genuine_native/stdout.log
 create mode 100644 acceleration/results/20261004_independent_review/local_sat_binary_drat_controls02/genuine_native/summary.json
 create mode 100644 acceleration/results/20261004_independent_review/local_sat_binary_drat_controls02/hand_crlf_sensitive/linux_cleanup_observations.jsonl
 create mode 100644 acceleration/results/20261004_independent_review/local_sat_binary_drat_controls02/hand_crlf_sensitive/manifest.json
 create mode 100644 acceleration/results/20261004_independent_review/local_sat_binary_drat_controls02/hand_crlf_sensitive/progress.jsonl
 create mode 100644 acceleration/results/20261004_independent_review/local_sat_binary_drat_controls02/hand_crlf_sensitive/stderr.log
 create mode 100644 acceleration/results/20261004_independent_review/local_sat_binary_drat_controls02/hand_crlf_sensitive/stdout.log
 create mode 100644 acceleration/results/20261004_independent_review/local_sat_binary_drat_controls02/hand_crlf_sensitive/summary.json
 create mode 100644 acceleration/results/20261004_independent_review/local_sat_binary_drat_controls02/hand_ctrl_z/linux_cleanup_observations.jsonl
 create mode 100644 acceleration/results/20261004_independent_review/local_sat_binary_drat_controls02/hand_ctrl_z/manifest.json
 create mode 100644 acceleration/results/20261004_independent_review/local_sat_binary_drat_controls02/hand_ctrl_z/progress.jsonl
 create mode 100644 acceleration/results/20261004_independent_review/local_sat_binary_drat_controls02/hand_ctrl_z/stderr.log
 create mode 100644 acceleration/results/20261004_independent_review/local_sat_binary_drat_controls02/hand_ctrl_z/stdout.log
 create mode 100644 acceleration/results/20261004_independent_review/local_sat_binary_drat_controls02/hand_ctrl_z/summary.json
 create mode 100644 acceleration/results/20261004_independent_review/local_sat_binary_drat_controls02/incomplete_hand_negative/linux_cleanup_observations.jsonl
 create mode 100644 acceleration/results/20261004_independent_review/local_sat_binary_drat_controls02/incomplete_hand_negative/manifest.json
 create mode 100644 acceleration/results/20261004_independent_review/local_sat_binary_drat_controls02/incomplete_hand_negative/progress.jsonl
 create mode 100644 acceleration/results/20261004_independent_review/local_sat_binary_drat_controls02/incomplete_hand_negative/stderr.log
 create mode 100644 acceleration/results/20261004_independent_review/local_sat_binary_drat_controls02/incomplete_hand_negative/stdout.log
 create mode 100644 acceleration/results/20261004_independent_review/local_sat_binary_drat_controls02/incomplete_hand_negative/summary.json
 create mode 100644 acceleration/results/20261004_independent_review/local_sat_binary_drat_controls02/native_on_sat_negative/linux_cleanup_observations.jsonl
 create mode 100644 acceleration/results/20261004_independent_review/local_sat_binary_drat_controls02/native_on_sat_negative/manifest.json
 create mode 100644 acceleration/results/20261004_independent_review/local_sat_binary_drat_controls02/native_on_sat_negative/progress.jsonl
 create mode 100644 acceleration/results/20261004_independent_review/local_sat_binary_drat_controls02/native_on_sat_negative/stderr.log
 create mode 100644 acceleration/results/20261004_independent_review/local_sat_binary_drat_controls02/native_on_sat_negative/stdout.log
 create mode 100644 acceleration/results/20261004_independent_review/local_sat_binary_drat_controls02/native_on_sat_negative/summary.json
 create mode 100644 acceleration/results/20261004_independent_review/nonzero_rook_deficiency_maximum_lower2_native01/claim_binding_schema2.json
 create mode 100644 acceleration/results/20261004_independent_review/nonzero_rook_deficiency_maximum_lower2_native01/claim_binding_schema2_02.json
 create mode 100644 acceleration/results/20261004_independent_review/nonzero_rook_deficiency_maximum_lower2_native01/summary.json
 create mode 100644 acceleration/results/20261004_independent_review/prime5_analytic_delsarte_calibration01/summary.json
 create mode 100644 acceleration/results/20261004_independent_review/prime5_analytic_delsarte_finite384_exact_audit01/claim_binding_schema2.json
 create mode 100644 acceleration/results/20261004_independent_review/prime5_analytic_delsarte_finite384_exact_audit01/summary.json
 create mode 100644 acceleration/results/20261004_independent_review/prime5_analytic_delsarte_formal_native01/summary.json
 create mode 100644 acceleration/results/20261004_independent_review/prime5_analytic_delsarte_full01/independent_author_stages.json
 create mode 100644 acceleration/results/20261004_independent_review/prime5_analytic_delsarte_full01/independent_certificate.json
 create mode 100644 acceleration/results/20261004_independent_review/prime5_analytic_delsarte_full01/independent_polynomial_values.json
 create mode 100644 acceleration/results/20261004_independent_review/prime5_analytic_delsarte_full01/summary.json
 create mode 100644 acceleration/results/20261004_independent_review/prime5_analytic_delsarte_t10_s122_exact_dual01/claim_binding_schema2.json
 create mode 100644 acceleration/results/20261004_independent_review/prime5_analytic_delsarte_t10_s122_exact_dual01/summary.json
 create mode 100644 acceleration/results/20261004_independent_review/prime5_analytic_family_calibration01/control_0.json
 create mode 100644 acceleration/results/20261004_independent_review/prime5_analytic_family_calibration01/control_1.json
 create mode 100644 acceleration/results/20261004_independent_review/prime5_analytic_family_calibration01/control_10.json
 create mode 100644 acceleration/results/20261004_independent_review/prime5_analytic_family_calibration01/control_11.json
 create mode 100644 acceleration/results/20261004_independent_review/prime5_analytic_family_calibration01/control_12.json
 create mode 100644 acceleration/results/20261004_independent_review/prime5_analytic_family_calibration01/control_13.json
 create mode 100644 acceleration/results/20261004_independent_review/prime5_analytic_family_calibration01/control_14.json
 create mode 100644 acceleration/results/20261004_independent_review/prime5_analytic_family_calibration01/control_15.json
 create mode 100644 acceleration/results/20261004_independent_review/prime5_analytic_family_calibration01/control_16.json
 create mode 100644 acceleration/results/20261004_independent_review/prime5_analytic_family_calibration01/control_17.json
 create mode 100644 acceleration/results/20261004_independent_review/prime5_analytic_family_calibration01/control_18.json
 create mode 100644 acceleration/results/20261004_independent_review/prime5_analytic_family_calibration01/control_19.json
 create mode 100644 acceleration/results/20261004_independent_review/prime5_analytic_family_calibration01/control_2.json
 create mode 100644 acceleration/results/20261004_independent_review/prime5_analytic_family_calibration01/control_20.json
 create mode 100644 acceleration/results/20261004_independent_review/prime5_analytic_family_calibration01/control_21.json
 create mode 100644 acceleration/results/20261004_independent_review/prime5_analytic_family_calibration01/control_22.json
 create mode 100644 acceleration/results/20261004_independent_review/prime5_analytic_family_calibration01/control_23.json
 create mode 100644 acceleration/results/20261004_independent_review/prime5_analytic_family_calibration01/control_24.json
 create mode 100644 acceleration/results/20261004_independent_review/prime5_analytic_family_calibration01/control_25.json
 create mode 100644 acceleration/results/20261004_independent_review/prime5_analytic_family_calibration01/control_26.json
 create mode 100644 acceleration/results/20261004_independent_review/prime5_analytic_family_calibration01/control_3.json
 create mode 100644 acceleration/results/20261004_independent_review/prime5_analytic_family_calibration01/control_4.json
 create mode 100644 acceleration/results/20261004_independent_review/prime5_analytic_family_calibration01/control_5.json
 create mode 100644 acceleration/results/20261004_independent_review/prime5_analytic_family_calibration01/control_6.json
 create mode 100644 acceleration/results/20261004_independent_review/prime5_analytic_family_calibration01/control_7.json
 create mode 100644 acceleration/results/20261004_independent_review/prime5_analytic_family_calibration01/control_8.json
 create mode 100644 acceleration/results/20261004_independent_review/prime5_analytic_family_calibration01/control_9.json
 create mode 100644 acceleration/results/20261004_independent_review/prime5_analytic_family_calibration01/controls.json
 create mode 100644 acceleration/results/20261004_independent_review/prime5_analytic_family_calibration01/summary.json
 create mode 100644 acceleration/results/20261004_independent_review/prime5_analytic_family_calibration_supervision01/manifest.json
 create mode 100644 acceleration/results/20261004_independent_review/prime5_analytic_family_calibration_supervision01/summary.json
 create mode 100644 acceleration/results/20261004_independent_review/prime5_analytic_family_full01/independent_author_stages.json
 create mode 100644 acceleration/results/20261004_independent_review/prime5_analytic_family_full01/independent_best_baseline.json
 create mode 100644 acceleration/results/20261004_independent_review/prime5_analytic_family_full01/independent_best_low_image_counts.json
 create mode 100644 acceleration/results/20261004_independent_review/prime5_analytic_family_full01/independent_case_checks.json
 create mode 100644 acceleration/results/20261004_independent_review/prime5_analytic_family_full01/summary.json
 create mode 100644 acceleration/results/20261004_independent_review/prime5_analytic_family_full_supervision01/manifest.json
 create mode 100644 acceleration/results/20261004_independent_review/prime5_analytic_family_full_supervision01/summary.json
 create mode 100644 acceleration/results/20261004_independent_review/prime5_code_delsarte_calibration01/summary.json
 create mode 100644 acceleration/results/20261004_independent_review/prime5_triangle_image_weight_counts_native01/claim_binding_schema2.json
 create mode 100644 acceleration/results/20261004_independent_review/prime5_triangle_image_weight_counts_native01/summary.json
 create mode 100644 acceleration/results/20261004_independent_review/rook_count228_d2_four_or_five_checkpoint01/claim_binding_schema2.json
 create mode 100644 acceleration/results/20261004_independent_review/rook_count228_d2_four_or_five_checkpoint01/summary.json
 create mode 100644 acceleration/results/20261004_independent_review/rook_count228_deficiency_patterns_checkpoint01/claim_binding_schema2.json
 create mode 100644 acceleration/results/20261004_independent_review/rook_count228_deficiency_patterns_checkpoint01/summary.json
 create mode 100644 acceleration/results/20261004_independent_review/rook_deficiency_second_neighbor_mass_native01/claim_binding_schema2.json
 create mode 100644 acceleration/results/20261004_independent_review/rook_deficiency_second_neighbor_mass_native01/summary.json
 create mode 100644 acceleration/results/20261004_independent_review/rook_deficiency_strict_second_neighbor_native01/claim_binding_schema2.json
 create mode 100644 acceleration/results/20261004_independent_review/rook_deficiency_strict_second_neighbor_native01/summary.json
 create mode 100644 acceleration/results/20261004_independent_review/rook_nine_count_not228_checkpoint01/claim_binding_schema2.json
 create mode 100644 acceleration/results/20261004_independent_review/rook_nine_count_not228_checkpoint01/summary.json
 create mode 100644 acceleration/results/20261004_independent_review/rook_nine_count_not229_native01/claim_binding_schema2.json
 create mode 100644 acceleration/results/20261004_independent_review/rook_nine_count_not229_native01/claim_binding_schema2_02.json
 create mode 100644 acceleration/results/20261004_independent_review/rook_nine_count_not229_native01/summary.json
 create mode 100644 acceleration/results/20261004_independent_review/rook_nine_count_not231_structural01/claim_binding_schema2.json
 create mode 100644 acceleration/results/20261004_independent_review/rook_nine_count_not231_structural01/summary.json
 create mode 100644 acceleration/results/20261004_independent_review/rook_square_coverage_n3_native01/claim_binding_schema2.json
 create mode 100644 acceleration/results/20261004_independent_review/rook_square_coverage_n3_native01/summary.json
 create mode 100644 acceleration/results/20261004_independent_review/target_integer_triangle_signed_one_design_native01/claim_binding_schema2.json
 create mode 100644 acceleration/results/20261004_independent_review/target_integer_triangle_signed_one_design_native01/summary.json
 create mode 100644 acceleration/results/20261004_independent_review/target_prime5_left_code_dimension_upper24_native01/claim_binding_schema2.json
 create mode 100644 acceleration/results/20261004_independent_review/target_prime5_left_code_dimension_upper24_native01/summary.json
 create mode 100644 acceleration/results/20261004_independent_review/target_prime5_left_code_support54_native01/claim_binding_schema2.json
 create mode 100644 acceleration/results/20261004_independent_review/target_prime5_left_code_support54_native01/summary.json
 create mode 100644 acceleration/results/20261004_independent_review/target_prime5_left_code_support55_native01/claim_binding_schema2.json
 create mode 100644 acceleration/results/20261004_independent_review/target_prime5_left_code_support55_native01/summary.json
 create mode 100644 acceleration/results/20261004_independent_review/target_rook_nine_deficiency_gap_native01/claim_binding_schema2.json
 create mode 100644 acceleration/results/20261004_independent_review/target_rook_nine_deficiency_gap_native01/summary.json
 create mode 100644 acceleration/results/20261004_independent_review/target_ternary_3adic_gram_rank98_nonobstruction01/claim_binding_schema2.json
 create mode 100644 acceleration/results/20261004_independent_review/target_ternary_3adic_gram_rank98_nonobstruction01/claim_binding_schema2_revision2.json
 create mode 100644 acceleration/results/20261004_independent_review/target_ternary_3adic_gram_rank98_nonobstruction01/statement_field_clarification_revision2.json
 create mode 100644 acceleration/results/20261004_independent_review/target_ternary_3adic_gram_rank98_nonobstruction01/summary.json
 create mode 100644 acceleration/results/20261004_independent_review/target_ternary_3adic_gram_rank98_nonobstruction01/summary_claim_bound01.json
 create mode 100644 acceleration/results/20261004_independent_review/target_ternary_3adic_gram_rank98_nonobstruction01/summary_claim_bound02.json
 create mode 100644 acceleration/results/20261004_independent_review/target_ternary_incidence_mod9_nonlift_pairing01/claim_binding_schema2.json
 create mode 100644 acceleration/results/20261004_independent_review/target_ternary_incidence_mod9_nonlift_pairing01/summary.json
 create mode 100644 acceleration/results/20261004_independent_review/target_ternary_left_code_color_moments_weights48_75_01/claim_binding_schema2.json
 create mode 100644 acceleration/results/20261004_independent_review/target_ternary_left_code_color_moments_weights48_75_01/summary.json
 create mode 100644 acceleration/results/20261004_independent_review/target_ternary_left_code_dot_weights01/claim_binding_schema2.json
 create mode 100644 acceleration/results/20261004_independent_review/target_ternary_left_code_dot_weights01/summary.json
 create mode 100644 acceleration/results/20261004_independent_review/ternary_circuit_integer_lift_support_boundary01/claim_binding_schema2.json
 create mode 100644 acceleration/results/20261004_independent_review/ternary_circuit_integer_lift_support_boundary01/claim_bound_summary01.json
 create mode 100644 acceleration/results/20261004_independent_review/ternary_circuit_integer_lift_support_boundary01/summary.json
 create mode 100644 acceleration/results/20261004_independent_review/ternary_color_histogram_author_controls01/summary.json
 create mode 100644 acceleration/results/20261004_independent_review/ternary_color_histogram_calibration01/case_00.json
 create mode 100644 acceleration/results/20261004_independent_review/ternary_color_histogram_calibration01/case_01.json
 create mode 100644 acceleration/results/20261004_independent_review/ternary_color_histogram_calibration01/case_02.json
 create mode 100644 acceleration/results/20261004_independent_review/ternary_color_histogram_calibration01/case_03.json
 create mode 100644 acceleration/results/20261004_independent_review/ternary_color_histogram_calibration01/case_04.json
 create mode 100644 acceleration/results/20261004_independent_review/ternary_color_histogram_calibration01/case_05.json
 create mode 100644 acceleration/results/20261004_independent_review/ternary_color_histogram_calibration01/case_06.json
 create mode 100644 acceleration/results/20261004_independent_review/ternary_color_histogram_calibration01/case_07.json
 create mode 100644 acceleration/results/20261004_independent_review/ternary_color_histogram_calibration01/case_08.json
 create mode 100644 acceleration/results/20261004_independent_review/ternary_color_histogram_calibration01/case_09.json
 create mode 100644 acceleration/results/20261004_independent_review/ternary_color_histogram_calibration01/case_10.json
 create mode 100644 acceleration/results/20261004_independent_review/ternary_color_histogram_calibration01/case_11.json
 create mode 100644 acceleration/results/20261004_independent_review/ternary_color_histogram_calibration01/case_12.json
 create mode 100644 acceleration/results/20261004_independent_review/ternary_color_histogram_calibration01/case_13.json
 create mode 100644 acceleration/results/20261004_independent_review/ternary_color_histogram_calibration01/case_14.json
 create mode 100644 acceleration/results/20261004_independent_review/ternary_color_histogram_calibration01/case_15.json
 create mode 100644 acceleration/results/20261004_independent_review/ternary_color_histogram_calibration01/case_16.json
 create mode 100644 acceleration/results/20261004_independent_review/ternary_color_histogram_calibration01/case_17.json
 create mode 100644 acceleration/results/20261004_independent_review/ternary_color_histogram_calibration01/case_18.json
 create mode 100644 acceleration/results/20261004_independent_review/ternary_color_histogram_calibration01/case_19.json
 create mode 100644 acceleration/results/20261004_independent_review/ternary_color_histogram_calibration01/case_20.json
 create mode 100644 acceleration/results/20261004_independent_review/ternary_color_histogram_calibration01/case_21.json
 create mode 100644 acceleration/results/20261004_independent_review/ternary_color_histogram_calibration01/case_22.json
 create mode 100644 acceleration/results/20261004_independent_review/ternary_color_histogram_calibration01/case_23.json
 create mode 100644 acceleration/results/20261004_independent_review/ternary_color_histogram_calibration01/case_24.json
 create mode 100644 acceleration/results/20261004_independent_review/ternary_color_histogram_calibration01/case_25.json
 create mode 100644 acceleration/results/20261004_independent_review/ternary_color_histogram_calibration01/case_26.json
 create mode 100644 acceleration/results/20261004_independent_review/ternary_color_histogram_calibration01/case_27.json
 create mode 100644 acceleration/results/20261004_independent_review/ternary_color_histogram_calibration01/case_28.json
 create mode 100644 acceleration/results/20261004_independent_review/ternary_color_histogram_calibration01/case_29.json
 create mode 100644 acceleration/results/20261004_independent_review/ternary_color_histogram_calibration01/case_30.json
 create mode 100644 acceleration/results/20261004_independent_review/ternary_color_histogram_calibration01/case_31.json
 create mode 100644 acceleration/results/20261004_independent_review/ternary_color_histogram_calibration01/case_32.json
 create mode 100644 acceleration/results/20261004_independent_review/ternary_color_histogram_calibration01/case_33.json
 create mode 100644 acceleration/results/20261004_independent_review/ternary_color_histogram_calibration01/case_34.json
 create mode 100644 acceleration/results/20261004_independent_review/ternary_color_histogram_calibration01/case_35.json
 create mode 100644 acceleration/results/20261004_independent_review/ternary_color_histogram_calibration01/case_36.json
 create mode 100644 acceleration/results/20261004_independent_review/ternary_color_histogram_calibration01/case_37.json
 create mode 100644 acceleration/results/20261004_independent_review/ternary_color_histogram_calibration01/case_38.json
 create mode 100644 acceleration/results/20261004_independent_review/ternary_color_histogram_calibration01/case_39.json
 create mode 100644 acceleration/results/20261004_independent_review/ternary_color_histogram_calibration01/case_40.json
 create mode 100644 acceleration/results/20261004_independent_review/ternary_color_histogram_calibration01/case_41.json
 create mode 100644 acceleration/results/20261004_independent_review/ternary_color_histogram_calibration01/case_42.json
 create mode 100644 acceleration/results/20261004_independent_review/ternary_color_histogram_calibration01/case_43.json
 create mode 100644 acceleration/results/20261004_independent_review/ternary_color_histogram_calibration01/case_44.json
 create mode 100644 acceleration/results/20261004_independent_review/ternary_color_histogram_calibration01/case_45.json
 create mode 100644 acceleration/results/20261004_independent_review/ternary_color_histogram_calibration01/case_46.json
 create mode 100644 acceleration/results/20261004_independent_review/ternary_color_histogram_calibration01/case_47.json
 create mode 100644 acceleration/results/20261004_independent_review/ternary_color_histogram_calibration01/case_48.json
 create mode 100644 acceleration/results/20261004_independent_review/ternary_color_histogram_calibration01/case_49.json
 create mode 100644 acceleration/results/20261004_independent_review/ternary_color_histogram_calibration01/controls.json
 create mode 100644 acceleration/results/20261004_independent_review/ternary_color_histogram_calibration01/summary.json
 create mode 100644 acceleration/results/20261004_independent_review/ternary_color_histogram_finite_screen_claim01/claim_binding_schema2.json
 create mode 100644 acceleration/results/20261004_independent_review/ternary_color_histogram_finite_screen_claim01/summary.json
 create mode 100644 acceleration/results/20261004_independent_review/ternary_color_histogram_full01/checkpoint_000.json
 create mode 100644 acceleration/results/20261004_independent_review/ternary_color_histogram_full01/checkpoint_001.json
 create mode 100644 acceleration/results/20261004_independent_review/ternary_color_histogram_full01/checkpoint_002.json
 create mode 100644 acceleration/results/20261004_independent_review/ternary_color_histogram_full01/checkpoint_003.json
 create mode 100644 acceleration/results/20261004_independent_review/ternary_color_histogram_full01/checkpoint_004.json
 create mode 100644 acceleration/results/20261004_independent_review/ternary_color_histogram_full01/checkpoint_005.json
 create mode 100644 acceleration/results/20261004_independent_review/ternary_color_histogram_full01/checkpoint_006.json
 create mode 100644 acceleration/results/20261004_independent_review/ternary_color_histogram_full01/checkpoint_007.json
 create mode 100644 acceleration/results/20261004_independent_review/ternary_color_histogram_full01/checkpoint_008.json
 create mode 100644 acceleration/results/20261004_independent_review/ternary_color_histogram_full01/checkpoint_009.json
 create mode 100644 acceleration/results/20261004_independent_review/ternary_color_histogram_full01/checkpoint_010.json
 create mode 100644 acceleration/results/20261004_independent_review/ternary_color_histogram_full01/checkpoint_011.json
 create mode 100644 acceleration/results/20261004_independent_review/ternary_color_histogram_full01/checkpoint_012.json
 create mode 100644 acceleration/results/20261004_independent_review/ternary_color_histogram_full01/checkpoint_013.json
 create mode 100644 acceleration/results/20261004_independent_review/ternary_color_histogram_full01/checkpoint_014.json
 create mode 100644 acceleration/results/20261004_independent_review/ternary_color_histogram_full01/checkpoint_015.json
 create mode 100644 acceleration/results/20261004_independent_review/ternary_color_histogram_full01/checkpoint_016.json
 create mode 100644 acceleration/results/20261004_independent_review/ternary_color_histogram_full01/checkpoint_017.json
 create mode 100644 acceleration/results/20261004_independent_review/ternary_color_histogram_full01/checkpoint_018.json
 create mode 100644 acceleration/results/20261004_independent_review/ternary_color_histogram_full01/checkpoint_019.json
 create mode 100644 acceleration/results/20261004_independent_review/ternary_color_histogram_full01/checkpoint_020.json
 create mode 100644 acceleration/results/20261004_independent_review/ternary_color_histogram_full01/checkpoint_021.json
 create mode 100644 acceleration/results/20261004_independent_review/ternary_color_histogram_full01/checkpoint_022.json
 create mode 100644 acceleration/results/20261004_independent_review/ternary_color_histogram_full01/checkpoint_023.json
 create mode 100644 acceleration/results/20261004_independent_review/ternary_color_histogram_full01/checkpoint_024.json
 create mode 100644 acceleration/results/20261004_independent_review/ternary_color_histogram_full01/checkpoint_025.json
 create mode 100644 acceleration/results/20261004_independent_review/ternary_color_histogram_full01/checkpoint_026.json
 create mode 100644 acceleration/results/20261004_independent_review/ternary_color_histogram_full01/checkpoint_027.json
 create mode 100644 acceleration/results/20261004_independent_review/ternary_color_histogram_full01/checkpoint_028.json
 create mode 100644 acceleration/results/20261004_independent_review/ternary_color_histogram_full01/checkpoint_029.json
 create mode 100644 acceleration/results/20261004_independent_review/ternary_color_histogram_full01/checkpoint_030.json
 create mode 100644 acceleration/results/20261004_independent_review/ternary_color_histogram_full01/checkpoint_031.json
 create mode 100644 acceleration/results/20261004_independent_review/ternary_color_histogram_full01/checkpoint_032.json
 create mode 100644 acceleration/results/20261004_independent_review/ternary_color_histogram_full01/checkpoint_033.json
 create mode 100644 acceleration/results/20261004_independent_review/ternary_color_histogram_full01/checkpoint_034.json
 create mode 100644 acceleration/results/20261004_independent_review/ternary_color_histogram_full01/checkpoint_035.json
 create mode 100644 acceleration/results/20261004_independent_review/ternary_color_histogram_full01/checkpoint_036.json
 create mode 100644 acceleration/results/20261004_independent_review/ternary_color_histogram_full01/checkpoint_037.json
 create mode 100644 acceleration/results/20261004_independent_review/ternary_color_histogram_full01/checkpoint_038.json
 create mode 100644 acceleration/results/20261004_independent_review/ternary_color_histogram_full01/checkpoint_039.json
 create mode 100644 acceleration/results/20261004_independent_review/ternary_color_histogram_full01/checkpoint_040.json
 create mode 100644 acceleration/results/20261004_independent_review/ternary_color_histogram_full01/checkpoint_041.json
 create mode 100644 acceleration/results/20261004_independent_review/ternary_color_histogram_full01/checkpoint_042.json
 create mode 100644 acceleration/results/20261004_independent_review/ternary_color_histogram_full01/checkpoint_043.json
 create mode 100644 acceleration/results/20261004_independent_review/ternary_color_histogram_full01/checkpoint_044.json
 create mode 100644 acceleration/results/20261004_independent_review/ternary_color_histogram_full01/checkpoint_045.json
 create mode 100644 acceleration/results/20261004_independent_review/ternary_color_histogram_full01/checkpoint_046.json
 create mode 100644 acceleration/results/20261004_independent_review/ternary_color_histogram_full01/checkpoint_047.json
 create mode 100644 acceleration/results/20261004_independent_review/ternary_color_histogram_full01/checkpoint_048.json
 create mode 100644 acceleration/results/20261004_independent_review/ternary_color_histogram_full01/checkpoint_049.json
 create mode 100644 acceleration/results/20261004_independent_review/ternary_color_histogram_full01/checkpoint_050.json
 create mode 100644 acceleration/results/20261004_independent_review/ternary_color_histogram_full01/checkpoint_051.json
 create mode 100644 acceleration/results/20261004_independent_review/ternary_color_histogram_full01/checkpoint_052.json
 create mode 100644 acceleration/results/20261004_independent_review/ternary_color_histogram_full01/checkpoint_053.json
 create mode 100644 acceleration/results/20261004_independent_review/ternary_color_histogram_full01/checkpoint_054.json
 create mode 100644 acceleration/results/20261004_independent_review/ternary_color_histogram_full01/checkpoint_055.json
 create mode 100644 acceleration/results/20261004_independent_review/ternary_color_histogram_full01/checkpoint_056.json
 create mode 100644 acceleration/results/20261004_independent_review/ternary_color_histogram_full01/checkpoint_057.json
 create mode 100644 acceleration/results/20261004_independent_review/ternary_color_histogram_full01/checkpoint_058.json
 create mode 100644 acceleration/results/20261004_independent_review/ternary_color_histogram_full01/checkpoint_059.json
 create mode 100644 acceleration/results/20261004_independent_review/ternary_color_histogram_full01/checkpoint_060.json
 create mode 100644 acceleration/results/20261004_independent_review/ternary_color_histogram_full01/checkpoint_061.json
 create mode 100644 acceleration/results/20261004_independent_review/ternary_color_histogram_full01/checkpoint_062.json
 create mode 100644 acceleration/results/20261004_independent_review/ternary_color_histogram_full01/checkpoint_063.json
 create mode 100644 acceleration/results/20261004_independent_review/ternary_color_histogram_full01/checkpoint_064.json
 create mode 100644 acceleration/results/20261004_independent_review/ternary_color_histogram_full01/checkpoint_065.json
 create mode 100644 acceleration/results/20261004_independent_review/ternary_color_histogram_full01/checkpoint_066.json
 create mode 100644 acceleration/results/20261004_independent_review/ternary_color_histogram_full01/checkpoint_067.json
 create mode 100644 acceleration/results/20261004_independent_review/ternary_color_histogram_full01/checkpoint_068.json
 create mode 100644 acceleration/results/20261004_independent_review/ternary_color_histogram_full01/checkpoint_069.json
 create mode 100644 acceleration/results/20261004_independent_review/ternary_color_histogram_full01/checkpoint_070.json
 create mode 100644 acceleration/results/20261004_independent_review/ternary_color_histogram_full01/checkpoint_071.json
 create mode 100644 acceleration/results/20261004_independent_review/ternary_color_histogram_full01/checkpoint_072.json
 create mode 100644 acceleration/results/20261004_independent_review/ternary_color_histogram_full01/checkpoint_073.json
 create mode 100644 acceleration/results/20261004_independent_review/ternary_color_histogram_full01/checkpoint_074.json
 create mode 100644 acceleration/results/20261004_independent_review/ternary_color_histogram_full01/checkpoint_075.json
 create mode 100644 acceleration/results/20261004_independent_review/ternary_color_histogram_full01/checkpoint_076.json
 create mode 100644 acceleration/results/20261004_independent_review/ternary_color_histogram_full01/checkpoint_077.json
 create mode 100644 acceleration/results/20261004_independent_review/ternary_color_histogram_full01/checkpoint_078.json
 create mode 100644 acceleration/results/20261004_independent_review/ternary_color_histogram_full01/checkpoint_079.json
 create mode 100644 acceleration/results/20261004_independent_review/ternary_color_histogram_full01/checkpoint_080.json
 create mode 100644 acceleration/results/20261004_independent_review/ternary_color_histogram_full01/checkpoint_081.json
 create mode 100644 acceleration/results/20261004_independent_review/ternary_color_histogram_full01/checkpoint_082.json
 create mode 100644 acceleration/results/20261004_independent_review/ternary_color_histogram_full01/checkpoint_083.json
 create mode 100644 acceleration/results/20261004_independent_review/ternary_color_histogram_full01/checkpoint_084.json
 create mode 100644 acceleration/results/20261004_independent_review/ternary_color_histogram_full01/checkpoint_085.json
 create mode 100644 acceleration/results/20261004_independent_review/ternary_color_histogram_full01/checkpoint_086.json
 create mode 100644 acceleration/results/20261004_independent_review/ternary_color_histogram_full01/checkpoint_087.json
 create mode 100644 acceleration/results/20261004_independent_review/ternary_color_histogram_full01/checkpoint_088.json
 create mode 100644 acceleration/results/20261004_independent_review/ternary_color_histogram_full01/checkpoint_089.json
 create mode 100644 acceleration/results/20261004_independent_review/ternary_color_histogram_full01/checkpoint_090.json
 create mode 100644 acceleration/results/20261004_independent_review/ternary_color_histogram_full01/checkpoint_091.json
 create mode 100644 acceleration/results/20261004_independent_review/ternary_color_histogram_full01/checkpoint_092.json
 create mode 100644 acceleration/results/20261004_independent_review/ternary_color_histogram_full01/checkpoint_093.json
 create mode 100644 acceleration/results/20261004_independent_review/ternary_color_histogram_full01/checkpoint_094.json
 create mode 100644 acceleration/results/20261004_independent_review/ternary_color_histogram_full01/checkpoint_095.json
 create mode 100644 acceleration/results/20261004_independent_review/ternary_color_histogram_full01/checkpoint_096.json
 create mode 100644 acceleration/results/20261004_independent_review/ternary_color_histogram_full01/checkpoint_097.json
 create mode 100644 acceleration/results/20261004_independent_review/ternary_color_histogram_full01/checkpoint_098.json
 create mode 100644 acceleration/results/20261004_independent_review/ternary_color_histogram_full01/checkpoint_099.json
 create mode 100644 acceleration/results/20261004_independent_review/ternary_color_histogram_full01/checkpoint_100.json
 create mode 100644 acceleration/results/20261004_independent_review/ternary_color_histogram_full01/checkpoint_101.json
 create mode 100644 acceleration/results/20261004_independent_review/ternary_color_histogram_full01/checkpoint_102.json
 create mode 100644 acceleration/results/20261004_independent_review/ternary_color_histogram_full01/checkpoint_103.json
 create mode 100644 acceleration/results/20261004_independent_review/ternary_color_histogram_full01/checkpoint_104.json
 create mode 100644 acceleration/results/20261004_independent_review/ternary_color_histogram_full01/checkpoint_105.json
 create mode 100644 acceleration/results/20261004_independent_review/ternary_color_histogram_full01/checkpoint_106.json
 create mode 100644 acceleration/results/20261004_independent_review/ternary_color_histogram_full01/checkpoint_107.json
 create mode 100644 acceleration/results/20261004_independent_review/ternary_color_histogram_full01/checkpoint_108.json
 create mode 100644 acceleration/results/20261004_independent_review/ternary_color_histogram_full01/checkpoint_109.json
 create mode 100644 acceleration/results/20261004_independent_review/ternary_color_histogram_full01/checkpoint_110.json
 create mode 100644 acceleration/results/20261004_independent_review/ternary_color_histogram_full01/checkpoint_111.json
 create mode 100644 acceleration/results/20261004_independent_review/ternary_color_histogram_full01/checkpoint_112.json
 create mode 100644 acceleration/results/20261004_independent_review/ternary_color_histogram_full01/checkpoint_113.json
 create mode 100644 acceleration/results/20261004_independent_review/ternary_color_histogram_full01/checkpoint_114.json
 create mode 100644 acceleration/results/20261004_independent_review/ternary_color_histogram_full01/checkpoint_115.json
 create mode 100644 acceleration/results/20261004_independent_review/ternary_color_histogram_full01/checkpoint_116.json
 create mode 100644 acceleration/results/20261004_independent_review/ternary_color_histogram_full01/checkpoint_117.json
 create mode 100644 acceleration/results/20261004_independent_review/ternary_color_histogram_full01/checkpoint_118.json
 create mode 100644 acceleration/results/20261004_independent_review/ternary_color_histogram_full01/checkpoint_119.json
 create mode 100644 acceleration/results/20261004_independent_review/ternary_color_histogram_full01/checkpoint_120.json
 create mode 100644 acceleration/results/20261004_independent_review/ternary_color_histogram_full01/checkpoint_121.json
 create mode 100644 acceleration/results/20261004_independent_review/ternary_color_histogram_full01/checkpoint_122.json
 create mode 100644 acceleration/results/20261004_independent_review/ternary_color_histogram_full01/checkpoint_123.json
 create mode 100644 acceleration/results/20261004_independent_review/ternary_color_histogram_full01/checkpoint_124.json
 create mode 100644 acceleration/results/20261004_independent_review/ternary_color_histogram_full01/checkpoint_125.json
 create mode 100644 acceleration/results/20261004_independent_review/ternary_color_histogram_full01/checkpoint_126.json
 create mode 100644 acceleration/results/20261004_independent_review/ternary_color_histogram_full01/checkpoint_127.json
 create mode 100644 acceleration/results/20261004_independent_review/ternary_color_histogram_full01/checkpoint_128.json
 create mode 100644 acceleration/results/20261004_independent_review/ternary_color_histogram_full01/checkpoint_129.json
 create mode 100644 acceleration/results/20261004_independent_review/ternary_color_histogram_full01/checkpoint_130.json
 create mode 100644 acceleration/results/20261004_independent_review/ternary_color_histogram_full01/checkpoint_131.json
 create mode 100644 acceleration/results/20261004_independent_review/ternary_color_histogram_full01/checkpoint_132.json
 create mode 100644 acceleration/results/20261004_independent_review/ternary_color_histogram_full01/checkpoint_133.json
 create mode 100644 acceleration/results/20261004_independent_review/ternary_color_histogram_full01/checkpoint_134.json
 create mode 100644 acceleration/results/20261004_independent_review/ternary_color_histogram_full01/checkpoint_135.json
 create mode 100644 acceleration/results/20261004_independent_review/ternary_color_histogram_full01/checkpoint_136.json
 create mode 100644 acceleration/results/20261004_independent_review/ternary_color_histogram_full01/checkpoint_137.json
 create mode 100644 acceleration/results/20261004_independent_review/ternary_color_histogram_full01/checkpoint_138.json
 create mode 100644 acceleration/results/20261004_independent_review/ternary_color_histogram_full01/checkpoint_139.json
 create mode 100644 acceleration/results/20261004_independent_review/ternary_color_histogram_full01/checkpoint_140.json
 create mode 100644 acceleration/results/20261004_independent_review/ternary_color_histogram_full01/checkpoint_141.json
 create mode 100644 acceleration/results/20261004_independent_review/ternary_color_histogram_full01/checkpoint_142.json
 create mode 100644 acceleration/results/20261004_independent_review/ternary_color_histogram_full01/checkpoint_143.json
 create mode 100644 acceleration/results/20261004_independent_review/ternary_color_histogram_full01/checkpoint_144.json
 create mode 100644 acceleration/results/20261004_independent_review/ternary_color_histogram_full01/checkpoint_145.json
 create mode 100644 acceleration/results/20261004_independent_review/ternary_color_histogram_full01/checkpoint_146.json
 create mode 100644 acceleration/results/20261004_independent_review/ternary_color_histogram_full01/checkpoint_147.json
 create mode 100644 acceleration/results/20261004_independent_review/ternary_color_histogram_full01/checkpoint_148.json
 create mode 100644 acceleration/results/20261004_independent_review/ternary_color_histogram_full01/checkpoint_149.json
 create mode 100644 acceleration/results/20261004_independent_review/ternary_color_histogram_full01/checkpoint_150.json
 create mode 100644 acceleration/results/20261004_independent_review/ternary_color_histogram_full01/checkpoint_151.json
 create mode 100644 acceleration/results/20261004_independent_review/ternary_color_histogram_full01/checkpoint_152.json
 create mode 100644 acceleration/results/20261004_independent_review/ternary_color_histogram_full01/checkpoint_153.json
 create mode 100644 acceleration/results/20261004_independent_review/ternary_color_histogram_full01/checkpoint_154.json
 create mode 100644 acceleration/results/20261004_independent_review/ternary_color_histogram_full01/checkpoint_155.json
 create mode 100644 acceleration/results/20261004_independent_review/ternary_color_histogram_full01/checkpoint_156.json
 create mode 100644 acceleration/results/20261004_independent_review/ternary_color_histogram_full01/checkpoint_157.json
 create mode 100644 acceleration/results/20261004_independent_review/ternary_color_histogram_full01/checkpoint_158.json
 create mode 100644 acceleration/results/20261004_independent_review/ternary_color_histogram_full01/checkpoint_159.json
 create mode 100644 acceleration/results/20261004_independent_review/ternary_color_histogram_full01/checkpoint_160.json
 create mode 100644 acceleration/results/20261004_independent_review/ternary_color_histogram_full01/checkpoint_161.json
 create mode 100644 acceleration/results/20261004_independent_review/ternary_color_histogram_full01/checkpoint_162.json
 create mode 100644 acceleration/results/20261004_independent_review/ternary_color_histogram_full01/checkpoint_163.json
 create mode 100644 acceleration/results/20261004_independent_review/ternary_color_histogram_full01/checkpoint_164.json
 create mode 100644 acceleration/results/20261004_independent_review/ternary_color_histogram_full01/checkpoint_165.json
 create mode 100644 acceleration/results/20261004_independent_review/ternary_color_histogram_full01/checkpoint_166.json
 create mode 100644 acceleration/results/20261004_independent_review/ternary_color_histogram_full01/checkpoint_167.json
 create mode 100644 acceleration/results/20261004_independent_review/ternary_color_histogram_full01/checkpoint_168.json
 create mode 100644 acceleration/results/20261004_independent_review/ternary_color_histogram_full01/checkpoint_169.json
 create mode 100644 acceleration/results/20261004_independent_review/ternary_color_histogram_full01/checkpoint_170.json
 create mode 100644 acceleration/results/20261004_independent_review/ternary_color_histogram_full01/checkpoint_171.json
 create mode 100644 acceleration/results/20261004_independent_review/ternary_color_histogram_full01/checkpoint_172.json
 create mode 100644 acceleration/results/20261004_independent_review/ternary_color_histogram_full01/checkpoint_173.json
 create mode 100644 acceleration/results/20261004_independent_review/ternary_color_histogram_full01/checkpoint_174.json
 create mode 100644 acceleration/results/20261004_independent_review/ternary_color_histogram_full01/checkpoint_175.json
 create mode 100644 acceleration/results/20261004_independent_review/ternary_color_histogram_full01/checkpoint_176.json
 create mode 100644 acceleration/results/20261004_independent_review/ternary_color_histogram_full01/checkpoint_177.json
 create mode 100644 acceleration/results/20261004_independent_review/ternary_color_histogram_full01/checkpoint_178.json
 create mode 100644 acceleration/results/20261004_independent_review/ternary_color_histogram_full01/checkpoint_179.json
 create mode 100644 acceleration/results/20261004_independent_review/ternary_color_histogram_full01/checkpoint_180.json
 create mode 100644 acceleration/results/20261004_independent_review/ternary_color_histogram_full01/checkpoint_181.json
 create mode 100644 acceleration/results/20261004_independent_review/ternary_color_histogram_full01/checkpoint_182.json
 create mode 100644 acceleration/results/20261004_independent_review/ternary_color_histogram_full01/checkpoint_183.json
 create mode 100644 acceleration/results/20261004_independent_review/ternary_color_histogram_full01/checkpoint_184.json
 create mode 100644 acceleration/results/20261004_independent_review/ternary_color_histogram_full01/checkpoint_185.json
 create mode 100644 acceleration/results/20261004_independent_review/ternary_color_histogram_full01/checkpoint_186.json
 create mode 100644 acceleration/results/20261004_independent_review/ternary_color_histogram_full01/checkpoint_187.json
 create mode 100644 acceleration/results/20261004_independent_review/ternary_color_histogram_full01/checkpoint_188.json
 create mode 100644 acceleration/results/20261004_independent_review/ternary_color_histogram_full01/checkpoint_189.json
 create mode 100644 acceleration/results/20261004_independent_review/ternary_color_histogram_full01/checkpoint_190.json
 create mode 100644 acceleration/results/20261004_independent_review/ternary_color_histogram_full01/checkpoint_191.json
 create mode 100644 acceleration/results/20261004_independent_review/ternary_color_histogram_full01/checkpoint_192.json
 create mode 100644 acceleration/results/20261004_independent_review/ternary_color_histogram_full01/checkpoint_193.json
 create mode 100644 acceleration/results/20261004_independent_review/ternary_color_histogram_full01/checkpoint_194.json
 create mode 100644 acceleration/results/20261004_independent_review/ternary_color_histogram_full01/checkpoint_195.json
 create mode 100644 acceleration/results/20261004_independent_review/ternary_color_histogram_full01/checkpoint_196.json
 create mode 100644 acceleration/results/20261004_independent_review/ternary_color_histogram_full01/checkpoint_197.json
 create mode 100644 acceleration/results/20261004_independent_review/ternary_color_histogram_full01/checkpoint_198.json
 create mode 100644 acceleration/results/20261004_independent_review/ternary_color_histogram_full01/checkpoint_199.json
 create mode 100644 acceleration/results/20261004_independent_review/ternary_color_histogram_full01/checkpoint_200.json
 create mode 100644 acceleration/results/20261004_independent_review/ternary_color_histogram_full01/checkpoint_201.json
 create mode 100644 acceleration/results/20261004_independent_review/ternary_color_histogram_full01/checkpoint_202.json
 create mode 100644 acceleration/results/20261004_independent_review/ternary_color_histogram_full01/checkpoint_203.json
 create mode 100644 acceleration/results/20261004_independent_review/ternary_color_histogram_full01/checkpoint_204.json
 create mode 100644 acceleration/results/20261004_independent_review/ternary_color_histogram_full01/checkpoint_205.json
 create mode 100644 acceleration/results/20261004_independent_review/ternary_color_histogram_full01/checkpoint_206.json
 create mode 100644 acceleration/results/20261004_independent_review/ternary_color_histogram_full01/checkpoint_207.json
 create mode 100644 acceleration/results/20261004_independent_review/ternary_color_histogram_full01/checkpoint_208.json
 create mode 100644 acceleration/results/20261004_independent_review/ternary_color_histogram_full01/checkpoint_209.json
 create mode 100644 acceleration/results/20261004_independent_review/ternary_color_histogram_full01/checkpoint_210.json
 create mode 100644 acceleration/results/20261004_independent_review/ternary_color_histogram_full01/checkpoint_211.json
 create mode 100644 acceleration/results/20261004_independent_review/ternary_color_histogram_full01/checkpoint_212.json
 create mode 100644 acceleration/results/20261004_independent_review/ternary_color_histogram_full01/checkpoint_213.json
 create mode 100644 acceleration/results/20261004_independent_review/ternary_color_histogram_full01/checkpoint_214.json
 create mode 100644 acceleration/results/20261004_independent_review/ternary_color_histogram_full01/checkpoint_215.json
 create mode 100644 acceleration/results/20261004_independent_review/ternary_color_histogram_full01/checkpoint_216.json
 create mode 100644 acceleration/results/20261004_independent_review/ternary_color_histogram_full01/checkpoint_217.json
 create mode 100644 acceleration/results/20261004_independent_review/ternary_color_histogram_full01/checkpoint_218.json
 create mode 100644 acceleration/results/20261004_independent_review/ternary_color_histogram_full01/checkpoint_219.json
 create mode 100644 acceleration/results/20261004_independent_review/ternary_color_histogram_full01/checkpoint_220.json
 create mode 100644 acceleration/results/20261004_independent_review/ternary_color_histogram_full01/checkpoint_221.json
 create mode 100644 acceleration/results/20261004_independent_review/ternary_color_histogram_full01/checkpoint_222.json
 create mode 100644 acceleration/results/20261004_independent_review/ternary_color_histogram_full01/checkpoint_223.json
 create mode 100644 acceleration/results/20261004_independent_review/ternary_color_histogram_full01/checkpoint_224.json
 create mode 100644 acceleration/results/20261004_independent_review/ternary_color_histogram_full01/checkpoint_225.json
 create mode 100644 acceleration/results/20261004_independent_review/ternary_color_histogram_full01/checkpoint_226.json
 create mode 100644 acceleration/results/20261004_independent_review/ternary_color_histogram_full01/checkpoint_227.json
 create mode 100644 acceleration/results/20261004_independent_review/ternary_color_histogram_full01/checkpoint_228.json
 create mode 100644 acceleration/results/20261004_independent_review/ternary_color_histogram_full01/checkpoint_229.json
 create mode 100644 acceleration/results/20261004_independent_review/ternary_color_histogram_full01/checkpoint_230.json
 create mode 100644 acceleration/results/20261004_independent_review/ternary_color_histogram_full01/checkpoint_231.json
 create mode 100644 acceleration/results/20261004_independent_review/ternary_color_histogram_full01/checkpoint_232.json
 create mode 100644 acceleration/results/20261004_independent_review/ternary_color_histogram_full01/checkpoint_233.json
 create mode 100644 acceleration/results/20261004_independent_review/ternary_color_histogram_full01/checkpoint_234.json
 create mode 100644 acceleration/results/20261004_independent_review/ternary_color_histogram_full01/checkpoint_235.json
 create mode 100644 acceleration/results/20261004_independent_review/ternary_color_histogram_full01/checkpoint_236.json
 create mode 100644 acceleration/results/20261004_independent_review/ternary_color_histogram_full01/checkpoint_237.json
 create mode 100644 acceleration/results/20261004_independent_review/ternary_color_histogram_full01/checkpoint_238.json
 create mode 100644 acceleration/results/20261004_independent_review/ternary_color_histogram_full01/checkpoint_239.json
 create mode 100644 acceleration/results/20261004_independent_review/ternary_color_histogram_full01/checkpoint_240.json
 create mode 100644 acceleration/results/20261004_independent_review/ternary_color_histogram_full01/checkpoint_241.json
 create mode 100644 acceleration/results/20261004_independent_review/ternary_color_histogram_full01/checkpoint_242.json
 create mode 100644 acceleration/results/20261004_independent_review/ternary_color_histogram_full01/checkpoint_243.json
 create mode 100644 acceleration/results/20261004_independent_review/ternary_color_histogram_full01/checkpoint_244.json
 create mode 100644 acceleration/results/20261004_independent_review/ternary_color_histogram_full01/checkpoint_245.json
 create mode 100644 acceleration/results/20261004_independent_review/ternary_color_histogram_full01/checkpoint_246.json
 create mode 100644 acceleration/results/20261004_independent_review/ternary_color_histogram_full01/checkpoint_247.json
 create mode 100644 acceleration/results/20261004_independent_review/ternary_color_histogram_full01/checkpoint_248.json
 create mode 100644 acceleration/results/20261004_independent_review/ternary_color_histogram_full01/checkpoint_249.json
 create mode 100644 acceleration/results/20261004_independent_review/ternary_color_histogram_full01/checkpoint_250.json
 create mode 100644 acceleration/results/20261004_independent_review/ternary_color_histogram_full01/checkpoint_251.json
 create mode 100644 acceleration/results/20261004_independent_review/ternary_color_histogram_full01/checkpoint_252.json
 create mode 100644 acceleration/results/20261004_independent_review/ternary_color_histogram_full01/checkpoint_253.json
 create mode 100644 acceleration/results/20261004_independent_review/ternary_color_histogram_full01/checkpoint_254.json
 create mode 100644 acceleration/results/20261004_independent_review/ternary_color_histogram_full01/checkpoint_255.json
 create mode 100644 acceleration/results/20261004_independent_review/ternary_color_histogram_full01/checkpoint_256.json
 create mode 100644 acceleration/results/20261004_independent_review/ternary_color_histogram_full01/checkpoint_257.json
 create mode 100644 acceleration/results/20261004_independent_review/ternary_color_histogram_full01/checkpoint_258.json
 create mode 100644 acceleration/results/20261004_independent_review/ternary_color_histogram_full01/checkpoint_259.json
 create mode 100644 acceleration/results/20261004_independent_review/ternary_color_histogram_full01/checkpoint_260.json
 create mode 100644 acceleration/results/20261004_independent_review/ternary_color_histogram_full01/checkpoint_261.json
 create mode 100644 acceleration/results/20261004_independent_review/ternary_color_histogram_full01/checkpoint_262.json
 create mode 100644 acceleration/results/20261004_independent_review/ternary_color_histogram_full01/checkpoint_263.json
 create mode 100644 acceleration/results/20261004_independent_review/ternary_color_histogram_full01/checkpoint_264.json
 create mode 100644 acceleration/results/20261004_independent_review/ternary_color_histogram_full01/checkpoint_265.json
 create mode 100644 acceleration/results/20261004_independent_review/ternary_color_histogram_full01/checkpoint_266.json
 create mode 100644 acceleration/results/20261004_independent_review/ternary_color_histogram_full01/checkpoint_267.json
 create mode 100644 acceleration/results/20261004_independent_review/ternary_color_histogram_full01/checkpoint_268.json
 create mode 100644 acceleration/results/20261004_independent_review/ternary_color_histogram_full01/checkpoint_269.json
 create mode 100644 acceleration/results/20261004_independent_review/ternary_color_histogram_full01/checkpoint_270.json
 create mode 100644 acceleration/results/20261004_independent_review/ternary_color_histogram_full01/checkpoint_271.json
 create mode 100644 acceleration/results/20261004_independent_review/ternary_color_histogram_full01/checkpoint_272.json
 create mode 100644 acceleration/results/20261004_independent_review/ternary_color_histogram_full01/checkpoint_273.json
 create mode 100644 acceleration/results/20261004_independent_review/ternary_color_histogram_full01/checkpoint_274.json
 create mode 100644 acceleration/results/20261004_independent_review/ternary_color_histogram_full01/checkpoint_275.json
 create mode 100644 acceleration/results/20261004_independent_review/ternary_color_histogram_full01/checkpoint_276.json
 create mode 100644 acceleration/results/20261004_independent_review/ternary_color_histogram_full01/checkpoint_277.json
 create mode 100644 acceleration/results/20261004_independent_review/ternary_color_histogram_full01/checkpoint_278.json
 create mode 100644 acceleration/results/20261004_independent_review/ternary_color_histogram_full01/checkpoint_279.json
 create mode 100644 acceleration/results/20261004_independent_review/ternary_color_histogram_full01/checkpoint_280.json
 create mode 100644 acceleration/results/20261004_independent_review/ternary_color_histogram_full01/checkpoint_281.json
 create mode 100644 acceleration/results/20261004_independent_review/ternary_color_histogram_full01/checkpoint_282.json
 create mode 100644 acceleration/results/20261004_independent_review/ternary_color_histogram_full01/checkpoint_283.json
 create mode 100644 acceleration/results/20261004_independent_review/ternary_color_histogram_full01/checkpoint_284.json
 create mode 100644 acceleration/results/20261004_independent_review/ternary_color_histogram_full01/checkpoint_285.json
 create mode 100644 acceleration/results/20261004_independent_review/ternary_color_histogram_full01/checkpoint_286.json
 create mode 100644 acceleration/results/20261004_independent_review/ternary_color_histogram_full01/checkpoint_287.json
 create mode 100644 acceleration/results/20261004_independent_review/ternary_color_histogram_full01/checkpoint_288.json
 create mode 100644 acceleration/results/20261004_independent_review/ternary_color_histogram_full01/checkpoint_289.json
 create mode 100644 acceleration/results/20261004_independent_review/ternary_color_histogram_full01/checkpoint_290.json
 create mode 100644 acceleration/results/20261004_independent_review/ternary_color_histogram_full01/checkpoint_291.json
 create mode 100644 acceleration/results/20261004_independent_review/ternary_color_histogram_full01/checkpoint_292.json
 create mode 100644 acceleration/results/20261004_independent_review/ternary_color_histogram_full01/checkpoint_293.json
 create mode 100644 acceleration/results/20261004_independent_review/ternary_color_histogram_full01/checkpoint_294.json
 create mode 100644 acceleration/results/20261004_independent_review/ternary_color_histogram_full01/checkpoint_295.json
 create mode 100644 acceleration/results/20261004_independent_review/ternary_color_histogram_full01/checkpoint_296.json
 create mode 100644 acceleration/results/20261004_independent_review/ternary_color_histogram_full01/checkpoint_297.json
 create mode 100644 acceleration/results/20261004_independent_review/ternary_color_histogram_full01/checkpoint_298.json
 create mode 100644 acceleration/results/20261004_independent_review/ternary_color_histogram_full01/checkpoint_299.json
 create mode 100644 acceleration/results/20261004_independent_review/ternary_color_histogram_full01/checkpoint_300.json
 create mode 100644 acceleration/results/20261004_independent_review/ternary_color_histogram_full01/checkpoint_301.json
 create mode 100644 acceleration/results/20261004_independent_review/ternary_color_histogram_full01/checkpoint_302.json
 create mode 100644 acceleration/results/20261004_independent_review/ternary_color_histogram_full01/checkpoint_303.json
 create mode 100644 acceleration/results/20261004_independent_review/ternary_color_histogram_full01/checkpoint_304.json
 create mode 100644 acceleration/results/20261004_independent_review/ternary_color_histogram_full01/checkpoint_305.json
 create mode 100644 acceleration/results/20261004_independent_review/ternary_color_histogram_full01/checkpoint_306.json
 create mode 100644 acceleration/results/20261004_independent_review/ternary_color_histogram_full01/checkpoint_307.json
 create mode 100644 acceleration/results/20261004_independent_review/ternary_color_histogram_full01/checkpoint_308.json
 create mode 100644 acceleration/results/20261004_independent_review/ternary_color_histogram_full01/checkpoint_309.json
 create mode 100644 acceleration/results/20261004_independent_review/ternary_color_histogram_full01/checkpoint_310.json
 create mode 100644 acceleration/results/20261004_independent_review/ternary_color_histogram_full01/checkpoint_311.json
 create mode 100644 acceleration/results/20261004_independent_review/ternary_color_histogram_full01/checkpoint_312.json
 create mode 100644 acceleration/results/20261004_independent_review/ternary_color_histogram_full01/checkpoint_313.json
 create mode 100644 acceleration/results/20261004_independent_review/ternary_color_histogram_full01/checkpoint_314.json
 create mode 100644 acceleration/results/20261004_independent_review/ternary_color_histogram_full01/checkpoint_315.json
 create mode 100644 acceleration/results/20261004_independent_review/ternary_color_histogram_full01/checkpoint_316.json
 create mode 100644 acceleration/results/20261004_independent_review/ternary_color_histogram_full01/checkpoint_317.json
 create mode 100644 acceleration/results/20261004_independent_review/ternary_color_histogram_full01/checkpoint_318.json
 create mode 100644 acceleration/results/20261004_independent_review/ternary_color_histogram_full01/checkpoint_319.json
 create mode 100644 acceleration/results/20261004_independent_review/ternary_color_histogram_full01/checkpoint_320.json
 create mode 100644 acceleration/results/20261004_independent_review/ternary_color_histogram_full01/checkpoint_321.json
 create mode 100644 acceleration/results/20261004_independent_review/ternary_color_histogram_full01/checkpoint_322.json
 create mode 100644 acceleration/results/20261004_independent_review/ternary_color_histogram_full01/checkpoint_323.json
 create mode 100644 acceleration/results/20261004_independent_review/ternary_color_histogram_full01/checkpoint_324.json
 create mode 100644 acceleration/results/20261004_independent_review/ternary_color_histogram_full01/checkpoint_325.json
 create mode 100644 acceleration/results/20261004_independent_review/ternary_color_histogram_full01/checkpoint_326.json
 create mode 100644 acceleration/results/20261004_independent_review/ternary_color_histogram_full01/checkpoint_327.json
 create mode 100644 acceleration/results/20261004_independent_review/ternary_color_histogram_full01/checkpoint_328.json
 create mode 100644 acceleration/results/20261004_independent_review/ternary_color_histogram_full01/checkpoint_329.json
 create mode 100644 acceleration/results/20261004_independent_review/ternary_color_histogram_full01/checkpoint_330.json
 create mode 100644 acceleration/results/20261004_independent_review/ternary_color_histogram_full01/checkpoint_331.json
 create mode 100644 acceleration/results/20261004_independent_review/ternary_color_histogram_full01/checkpoint_332.json
 create mode 100644 acceleration/results/20261004_independent_review/ternary_color_histogram_full01/checkpoint_333.json
 create mode 100644 acceleration/results/20261004_independent_review/ternary_color_histogram_full01/checkpoint_334.json
 create mode 100644 acceleration/results/20261004_independent_review/ternary_color_histogram_full01/checkpoint_335.json
 create mode 100644 acceleration/results/20261004_independent_review/ternary_color_histogram_full01/checkpoint_336.json
 create mode 100644 acceleration/results/20261004_independent_review/ternary_color_histogram_full01/checkpoint_337.json
 create mode 100644 acceleration/results/20261004_independent_review/ternary_color_histogram_full01/checkpoint_338.json
 create mode 100644 acceleration/results/20261004_independent_review/ternary_color_histogram_full01/checkpoint_339.json
 create mode 100644 acceleration/results/20261004_independent_review/ternary_color_histogram_full01/checkpoint_340.json
 create mode 100644 acceleration/results/20261004_independent_review/ternary_color_histogram_full01/checkpoint_341.json
 create mode 100644 acceleration/results/20261004_independent_review/ternary_color_histogram_full01/checkpoint_342.json
 create mode 100644 acceleration/results/20261004_independent_review/ternary_color_histogram_full01/checkpoint_343.json
 create mode 100644 acceleration/results/20261004_independent_review/ternary_color_histogram_full01/checkpoint_344.json
 create mode 100644 acceleration/results/20261004_independent_review/ternary_color_histogram_full01/checkpoint_345.json
 create mode 100644 acceleration/results/20261004_independent_review/ternary_color_histogram_full01/checkpoint_346.json
 create mode 100644 acceleration/results/20261004_independent_review/ternary_color_histogram_full01/checkpoint_347.json
 create mode 100644 acceleration/results/20261004_independent_review/ternary_color_histogram_full01/checkpoint_348.json
 create mode 100644 acceleration/results/20261004_independent_review/ternary_color_histogram_full01/checkpoint_349.json
 create mode 100644 acceleration/results/20261004_independent_review/ternary_color_histogram_full01/checkpoint_350.json
 create mode 100644 acceleration/results/20261004_independent_review/ternary_color_histogram_full01/checkpoint_351.json
 create mode 100644 acceleration/results/20261004_independent_review/ternary_color_histogram_full01/checkpoint_352.json
 create mode 100644 acceleration/results/20261004_independent_review/ternary_color_histogram_full01/checkpoint_353.json
 create mode 100644 acceleration/results/20261004_independent_review/ternary_color_histogram_full01/checkpoint_354.json
 create mode 100644 acceleration/results/20261004_independent_review/ternary_color_histogram_full01/checkpoint_355.json
 create mode 100644 acceleration/results/20261004_independent_review/ternary_color_histogram_full01/checkpoint_356.json
 create mode 100644 acceleration/results/20261004_independent_review/ternary_color_histogram_full01/checkpoint_357.json
 create mode 100644 acceleration/results/20261004_independent_review/ternary_color_histogram_full01/checkpoint_358.json
 create mode 100644 acceleration/results/20261004_independent_review/ternary_color_histogram_full01/checkpoint_359.json
 create mode 100644 acceleration/results/20261004_independent_review/ternary_color_histogram_full01/checkpoint_360.json
 create mode 100644 acceleration/results/20261004_independent_review/ternary_color_histogram_full01/checkpoint_361.json
 create mode 100644 acceleration/results/20261004_independent_review/ternary_color_histogram_full01/checkpoint_362.json
 create mode 100644 acceleration/results/20261004_independent_review/ternary_color_histogram_full01/checkpoint_363.json
 create mode 100644 acceleration/results/20261004_independent_review/ternary_color_histogram_full01/checkpoint_364.json
 create mode 100644 acceleration/results/20261004_independent_review/ternary_color_histogram_full01/checkpoint_365.json
 create mode 100644 acceleration/results/20261004_independent_review/ternary_color_histogram_full01/checkpoint_366.json
 create mode 100644 acceleration/results/20261004_independent_review/ternary_color_histogram_full01/checkpoint_367.json
 create mode 100644 acceleration/results/20261004_independent_review/ternary_color_histogram_full01/checkpoint_368.json
 create mode 100644 acceleration/results/20261004_independent_review/ternary_color_histogram_full01/checkpoint_369.json
 create mode 100644 acceleration/results/20261004_independent_review/ternary_color_histogram_full01/checkpoint_370.json
 create mode 100644 acceleration/results/20261004_independent_review/ternary_color_histogram_full01/checkpoint_371.json
 create mode 100644 acceleration/results/20261004_independent_review/ternary_color_histogram_full01/checkpoint_372.json
 create mode 100644 acceleration/results/20261004_independent_review/ternary_color_histogram_full01/checkpoint_373.json
 create mode 100644 acceleration/results/20261004_independent_review/ternary_color_histogram_full01/checkpoint_374.json
 create mode 100644 acceleration/results/20261004_independent_review/ternary_color_histogram_full01/checkpoint_375.json
 create mode 100644 acceleration/results/20261004_independent_review/ternary_color_histogram_full01/checkpoint_376.json
 create mode 100644 acceleration/results/20261004_independent_review/ternary_color_histogram_full01/checkpoint_377.json
 create mode 100644 acceleration/results/20261004_independent_review/ternary_color_histogram_full01/checkpoint_378.json
 create mode 100644 acceleration/results/20261004_independent_review/ternary_color_histogram_full01/checkpoint_379.json
 create mode 100644 acceleration/results/20261004_independent_review/ternary_color_histogram_full01/checkpoint_380.json
 create mode 100644 acceleration/results/20261004_independent_review/ternary_color_histogram_full01/checkpoint_381.json
 create mode 100644 acceleration/results/20261004_independent_review/ternary_color_histogram_full01/checkpoint_382.json
 create mode 100644 acceleration/results/20261004_independent_review/ternary_color_histogram_full01/checkpoint_383.json
 create mode 100644 acceleration/results/20261004_independent_review/ternary_color_histogram_full01/checkpoint_384.json
 create mode 100644 acceleration/results/20261004_independent_review/ternary_color_histogram_full01/checkpoint_385.json
 create mode 100644 acceleration/results/20261004_independent_review/ternary_color_histogram_full01/checkpoint_386.json
 create mode 100644 acceleration/results/20261004_independent_review/ternary_color_histogram_full01/checkpoint_387.json
 create mode 100644 acceleration/results/20261004_independent_review/ternary_color_histogram_full01/checkpoint_388.json
 create mode 100644 acceleration/results/20261004_independent_review/ternary_color_histogram_full01/checkpoint_389.json
 create mode 100644 acceleration/results/20261004_independent_review/ternary_color_histogram_full01/checkpoint_390.json
 create mode 100644 acceleration/results/20261004_independent_review/ternary_color_histogram_full01/checkpoint_391.json
 create mode 100644 acceleration/results/20261004_independent_review/ternary_color_histogram_full01/checkpoint_392.json
 create mode 100644 acceleration/results/20261004_independent_review/ternary_color_histogram_full01/checkpoint_393.json
 create mode 100644 acceleration/results/20261004_independent_review/ternary_color_histogram_full01/checkpoint_394.json
 create mode 100644 acceleration/results/20261004_independent_review/ternary_color_histogram_full01/checkpoint_395.json
 create mode 100644 acceleration/results/20261004_independent_review/ternary_color_histogram_full01/checkpoint_396.json
 create mode 100644 acceleration/results/20261004_independent_review/ternary_color_histogram_full01/checkpoint_397.json
 create mode 100644 acceleration/results/20261004_independent_review/ternary_color_histogram_full01/checkpoint_398.json
 create mode 100644 acceleration/results/20261004_independent_review/ternary_color_histogram_full01/checkpoint_399.json
 create mode 100644 acceleration/results/20261004_independent_review/ternary_color_histogram_full01/checkpoint_400.json
 create mode 100644 acceleration/results/20261004_independent_review/ternary_color_histogram_full01/checkpoint_401.json
 create mode 100644 acceleration/results/20261004_independent_review/ternary_color_histogram_full01/checkpoint_402.json
 create mode 100644 acceleration/results/20261004_independent_review/ternary_color_histogram_full01/checkpoint_403.json
 create mode 100644 acceleration/results/20261004_independent_review/ternary_color_histogram_full01/checkpoint_404.json
 create mode 100644 acceleration/results/20261004_independent_review/ternary_color_histogram_full01/checkpoint_405.json
 create mode 100644 acceleration/results/20261004_independent_review/ternary_color_histogram_full01/checkpoint_406.json
 create mode 100644 acceleration/results/20261004_independent_review/ternary_color_histogram_full01/checkpoint_407.json
 create mode 100644 acceleration/results/20261004_independent_review/ternary_color_histogram_full01/checkpoint_408.json
 create mode 100644 acceleration/results/20261004_independent_review/ternary_color_histogram_full01/checkpoint_409.json
 create mode 100644 acceleration/results/20261004_independent_review/ternary_color_histogram_full01/checkpoint_410.json
 create mode 100644 acceleration/results/20261004_independent_review/ternary_color_histogram_full01/checkpoint_411.json
 create mode 100644 acceleration/results/20261004_independent_review/ternary_color_histogram_full01/checkpoint_412.json
 create mode 100644 acceleration/results/20261004_independent_review/ternary_color_histogram_full01/checkpoint_413.json
 create mode 100644 acceleration/results/20261004_independent_review/ternary_color_histogram_full01/checkpoint_414.json
 create mode 100644 acceleration/results/20261004_independent_review/ternary_color_histogram_full01/checkpoint_415.json
 create mode 100644 acceleration/results/20261004_independent_review/ternary_color_histogram_full01/checkpoint_416.json
 create mode 100644 acceleration/results/20261004_independent_review/ternary_color_histogram_full01/checkpoint_417.json
 create mode 100644 acceleration/results/20261004_independent_review/ternary_color_histogram_full01/checkpoint_418.json
 create mode 100644 acceleration/results/20261004_independent_review/ternary_color_histogram_full01/checkpoint_419.json
 create mode 100644 acceleration/results/20261004_independent_review/ternary_color_histogram_full01/checkpoint_420.json
 create mode 100644 acceleration/results/20261004_independent_review/ternary_color_histogram_full01/checkpoint_421.json
 create mode 100644 acceleration/results/20261004_independent_review/ternary_color_histogram_full01/checkpoint_422.json
 create mode 100644 acceleration/results/20261004_independent_review/ternary_color_histogram_full01/checkpoint_423.json
 create mode 100644 acceleration/results/20261004_independent_review/ternary_color_histogram_full01/checkpoint_424.json
 create mode 100644 acceleration/results/20261004_independent_review/ternary_color_histogram_full01/checkpoint_425.json
 create mode 100644 acceleration/results/20261004_independent_review/ternary_color_histogram_full01/checkpoint_426.json
 create mode 100644 acceleration/results/20261004_independent_review/ternary_color_histogram_full01/checkpoint_427.json
 create mode 100644 acceleration/results/20261004_independent_review/ternary_color_histogram_full01/checkpoint_428.json
 create mode 100644 acceleration/results/20261004_independent_review/ternary_color_histogram_full01/checkpoint_429.json
 create mode 100644 acceleration/results/20261004_independent_review/ternary_color_histogram_full01/checkpoint_430.json
 create mode 100644 acceleration/results/20261004_independent_review/ternary_color_histogram_full01/checkpoint_431.json
 create mode 100644 acceleration/results/20261004_independent_review/ternary_color_histogram_full01/checkpoint_432.json
 create mode 100644 acceleration/results/20261004_independent_review/ternary_color_histogram_full01/checkpoint_433.json
 create mode 100644 acceleration/results/20261004_independent_review/ternary_color_histogram_full01/checkpoint_434.json
 create mode 100644 acceleration/results/20261004_independent_review/ternary_color_histogram_full01/checkpoint_435.json
 create mode 100644 acceleration/results/20261004_independent_review/ternary_color_histogram_full01/checkpoint_436.json
 create mode 100644 acceleration/results/20261004_independent_review/ternary_color_histogram_full01/checkpoint_437.json
 create mode 100644 acceleration/results/20261004_independent_review/ternary_color_histogram_full01/checkpoint_438.json
 create mode 100644 acceleration/results/20261004_independent_review/ternary_color_histogram_full01/checkpoint_439.json
 create mode 100644 acceleration/results/20261004_independent_review/ternary_color_histogram_full01/checkpoint_440.json
 create mode 100644 acceleration/results/20261004_independent_review/ternary_color_histogram_full01/checkpoint_441.json
 create mode 100644 acceleration/results/20261004_independent_review/ternary_color_histogram_full01/checkpoint_442.json
 create mode 100644 acceleration/results/20261004_independent_review/ternary_color_histogram_full01/checkpoint_443.json
 create mode 100644 acceleration/results/20261004_independent_review/ternary_color_histogram_full01/checkpoint_444.json
 create mode 100644 acceleration/results/20261004_independent_review/ternary_color_histogram_full01/checkpoint_445.json
 create mode 100644 acceleration/results/20261004_independent_review/ternary_color_histogram_full01/checkpoint_446.json
 create mode 100644 acceleration/results/20261004_independent_review/ternary_color_histogram_full01/checkpoint_447.json
 create mode 100644 acceleration/results/20261004_independent_review/ternary_color_histogram_full01/checkpoint_448.json
 create mode 100644 acceleration/results/20261004_independent_review/ternary_color_histogram_full01/checkpoint_449.json
 create mode 100644 acceleration/results/20261004_independent_review/ternary_color_histogram_full01/checkpoint_450.json
 create mode 100644 acceleration/results/20261004_independent_review/ternary_color_histogram_full01/checkpoint_451.json
 create mode 100644 acceleration/results/20261004_independent_review/ternary_color_histogram_full01/checkpoint_452.json
 create mode 100644 acceleration/results/20261004_independent_review/ternary_color_histogram_full01/checkpoint_453.json
 create mode 100644 acceleration/results/20261004_independent_review/ternary_color_histogram_full01/checkpoint_454.json
 create mode 100644 acceleration/results/20261004_independent_review/ternary_color_histogram_full01/checkpoint_455.json
 create mode 100644 acceleration/results/20261004_independent_review/ternary_color_histogram_full01/checkpoint_456.json
 create mode 100644 acceleration/results/20261004_independent_review/ternary_color_histogram_full01/checkpoint_457.json
 create mode 100644 acceleration/results/20261004_independent_review/ternary_color_histogram_full01/checkpoint_458.json
 create mode 100644 acceleration/results/20261004_independent_review/ternary_color_histogram_full01/checkpoint_459.json
 create mode 100644 acceleration/results/20261004_independent_review/ternary_color_histogram_full01/checkpoint_460.json
 create mode 100644 acceleration/results/20261004_independent_review/ternary_color_histogram_full01/checkpoint_461.json
 create mode 100644 acceleration/results/20261004_independent_review/ternary_color_histogram_full01/checkpoint_462.json
 create mode 100644 acceleration/results/20261004_independent_review/ternary_color_histogram_full01/checkpoint_463.json
 create mode 100644 acceleration/results/20261004_independent_review/ternary_color_histogram_full01/checkpoint_464.json
 create mode 100644 acceleration/results/20261004_independent_review/ternary_color_histogram_full01/checkpoint_465.json
 create mode 100644 acceleration/results/20261004_independent_review/ternary_color_histogram_full01/checkpoint_466.json
 create mode 100644 acceleration/results/20261004_independent_review/ternary_color_histogram_full01/checkpoint_467.json
 create mode 100644 acceleration/results/20261004_independent_review/ternary_color_histogram_full01/checkpoint_468.json
 create mode 100644 acceleration/results/20261004_independent_review/ternary_color_histogram_full01/checkpoint_469.json
 create mode 100644 acceleration/results/20261004_independent_review/ternary_color_histogram_full01/checkpoint_470.json
 create mode 100644 acceleration/results/20261004_independent_review/ternary_color_histogram_full01/checkpoint_471.json
 create mode 100644 acceleration/results/20261004_independent_review/ternary_color_histogram_full01/checkpoint_472.json
 create mode 100644 acceleration/results/20261004_independent_review/ternary_color_histogram_full01/checkpoint_473.json
 create mode 100644 acceleration/results/20261004_independent_review/ternary_color_histogram_full01/checkpoint_474.json
 create mode 100644 acceleration/results/20261004_independent_review/ternary_color_histogram_full01/checkpoint_475.json
 create mode 100644 acceleration/results/20261004_independent_review/ternary_color_histogram_full01/checkpoint_476.json
 create mode 100644 acceleration/results/20261004_independent_review/ternary_color_histogram_full01/checkpoint_477.json
 create mode 100644 acceleration/results/20261004_independent_review/ternary_color_histogram_full01/checkpoint_478.json
 create mode 100644 acceleration/results/20261004_independent_review/ternary_color_histogram_full01/checkpoint_479.json
 create mode 100644 acceleration/results/20261004_independent_review/ternary_color_histogram_full01/checkpoint_480.json
 create mode 100644 acceleration/results/20261004_independent_review/ternary_color_histogram_full01/checkpoint_481.json
 create mode 100644 acceleration/results/20261004_independent_review/ternary_color_histogram_full01/checkpoint_482.json
 create mode 100644 acceleration/results/20261004_independent_review/ternary_color_histogram_full01/checkpoint_483.json
 create mode 100644 acceleration/results/20261004_independent_review/ternary_color_histogram_full01/checkpoint_484.json
 create mode 100644 acceleration/results/20261004_independent_review/ternary_color_histogram_full01/checkpoint_485.json
 create mode 100644 acceleration/results/20261004_independent_review/ternary_color_histogram_full01/checkpoint_486.json
 create mode 100644 acceleration/results/20261004_independent_review/ternary_color_histogram_full01/checkpoint_487.json
 create mode 100644 acceleration/results/20261004_independent_review/ternary_color_histogram_full01/checkpoint_488.json
 create mode 100644 acceleration/results/20261004_independent_review/ternary_color_histogram_full01/checkpoint_489.json
 create mode 100644 acceleration/results/20261004_independent_review/ternary_color_histogram_full01/checkpoint_490.json
 create mode 100644 acceleration/results/20261004_independent_review/ternary_color_histogram_full01/checkpoint_491.json
 create mode 100644 acceleration/results/20261004_independent_review/ternary_color_histogram_full01/checkpoint_492.json
 create mode 100644 acceleration/results/20261004_independent_review/ternary_color_histogram_full01/checkpoint_493.json
 create mode 100644 acceleration/results/20261004_independent_review/ternary_color_histogram_full01/checkpoint_494.json
 create mode 100644 acceleration/results/20261004_independent_review/ternary_color_histogram_full01/checkpoint_495.json
 create mode 100644 acceleration/results/20261004_independent_review/ternary_color_histogram_full01/checkpoint_496.json
 create mode 100644 acceleration/results/20261004_independent_review/ternary_color_histogram_full01/checkpoint_497.json
 create mode 100644 acceleration/results/20261004_independent_review/ternary_color_histogram_full01/checkpoint_498.json
 create mode 100644 acceleration/results/20261004_independent_review/ternary_color_histogram_full01/checkpoint_499.json
 create mode 100644 acceleration/results/20261004_independent_review/ternary_color_histogram_full01/checkpoint_500.json
 create mode 100644 acceleration/results/20261004_independent_review/ternary_color_histogram_full01/checkpoint_501.json
 create mode 100644 acceleration/results/20261004_independent_review/ternary_color_histogram_full01/checkpoint_502.json
 create mode 100644 acceleration/results/20261004_independent_review/ternary_color_histogram_full01/checkpoint_503.json
 create mode 100644 acceleration/results/20261004_independent_review/ternary_color_histogram_full01/checkpoint_504.json
 create mode 100644 acceleration/results/20261004_independent_review/ternary_color_histogram_full01/checkpoint_505.json
 create mode 100644 acceleration/results/20261004_independent_review/ternary_color_histogram_full01/checkpoint_506.json
 create mode 100644 acceleration/results/20261004_independent_review/ternary_color_histogram_full01/checkpoint_507.json
 create mode 100644 acceleration/results/20261004_independent_review/ternary_color_histogram_full01/checkpoint_508.json
 create mode 100644 acceleration/results/20261004_independent_review/ternary_color_histogram_full01/checkpoint_509.json
 create mode 100644 acceleration/results/20261004_independent_review/ternary_color_histogram_full01/checkpoint_510.json
 create mode 100644 acceleration/results/20261004_independent_review/ternary_color_histogram_full01/checkpoint_511.json
 create mode 100644 acceleration/results/20261004_independent_review/ternary_color_histogram_full01/checkpoint_512.json
 create mode 100644 acceleration/results/20261004_independent_review/ternary_color_histogram_full01/checkpoint_513.json
 create mode 100644 acceleration/results/20261004_independent_review/ternary_color_histogram_full01/checkpoint_514.json
 create mode 100644 acceleration/results/20261004_independent_review/ternary_color_histogram_full01/checkpoint_515.json
 create mode 100644 acceleration/results/20261004_independent_review/ternary_color_histogram_full01/checkpoint_516.json
 create mode 100644 acceleration/results/20261004_independent_review/ternary_color_histogram_full01/checkpoint_517.json
 create mode 100644 acceleration/results/20261004_independent_review/ternary_color_histogram_full01/checkpoint_518.json
 create mode 100644 acceleration/results/20261004_independent_review/ternary_color_histogram_full01/checkpoint_519.json
 create mode 100644 acceleration/results/20261004_independent_review/ternary_color_histogram_full01/checkpoint_520.json
 create mode 100644 acceleration/results/20261004_independent_review/ternary_color_histogram_full01/checkpoint_521.json
 create mode 100644 acceleration/results/20261004_independent_review/ternary_color_histogram_full01/checkpoint_522.json
 create mode 100644 acceleration/results/20261004_independent_review/ternary_color_histogram_full01/checkpoint_523.json
 create mode 100644 acceleration/results/20261004_independent_review/ternary_color_histogram_full01/checkpoint_524.json
 create mode 100644 acceleration/results/20261004_independent_review/ternary_color_histogram_full01/checkpoint_525.json
 create mode 100644 acceleration/results/20261004_independent_review/ternary_color_histogram_full01/checkpoint_526.json
 create mode 100644 acceleration/results/20261004_independent_review/ternary_color_histogram_full01/checkpoint_527.json
 create mode 100644 acceleration/results/20261004_independent_review/ternary_color_histogram_full01/checkpoint_528.json
 create mode 100644 acceleration/results/20261004_independent_review/ternary_color_histogram_full01/checkpoint_529.json
 create mode 100644 acceleration/results/20261004_independent_review/ternary_color_histogram_full01/checkpoint_530.json
 create mode 100644 acceleration/results/20261004_independent_review/ternary_color_histogram_full01/checkpoint_531.json
 create mode 100644 acceleration/results/20261004_independent_review/ternary_color_histogram_full01/checkpoint_532.json
 create mode 100644 acceleration/results/20261004_independent_review/ternary_color_histogram_full01/checkpoint_533.json
 create mode 100644 acceleration/results/20261004_independent_review/ternary_color_histogram_full01/checkpoint_534.json
 create mode 100644 acceleration/results/20261004_independent_review/ternary_color_histogram_full01/checkpoint_535.json
 create mode 100644 acceleration/results/20261004_independent_review/ternary_color_histogram_full01/checkpoint_536.json
 create mode 100644 acceleration/results/20261004_independent_review/ternary_color_histogram_full01/checkpoint_537.json
 create mode 100644 acceleration/results/20261004_independent_review/ternary_color_histogram_full01/checkpoint_538.json
 create mode 100644 acceleration/results/20261004_independent_review/ternary_color_histogram_full01/checkpoint_539.json
 create mode 100644 acceleration/results/20261004_independent_review/ternary_color_histogram_full01/checkpoint_540.json
 create mode 100644 acceleration/results/20261004_independent_review/ternary_color_histogram_full01/checkpoint_541.json
 create mode 100644 acceleration/results/20261004_independent_review/ternary_color_histogram_full01/checkpoint_542.json
 create mode 100644 acceleration/results/20261004_independent_review/ternary_color_histogram_full01/checkpoint_543.json
 create mode 100644 acceleration/results/20261004_independent_review/ternary_color_histogram_full01/checkpoint_544.json
 create mode 100644 acceleration/results/20261004_independent_review/ternary_color_histogram_full01/checkpoint_545.json
 create mode 100644 acceleration/results/20261004_independent_review/ternary_color_histogram_full01/checkpoint_546.json
 create mode 100644 acceleration/results/20261004_independent_review/ternary_color_histogram_full01/checkpoint_547.json
 create mode 100644 acceleration/results/20261004_independent_review/ternary_color_histogram_full01/checkpoint_548.json
 create mode 100644 acceleration/results/20261004_independent_review/ternary_color_histogram_full01/checkpoint_549.json
 create mode 100644 acceleration/results/20261004_independent_review/ternary_color_histogram_full01/checkpoint_550.json
 create mode 100644 acceleration/results/20261004_independent_review/ternary_color_histogram_full01/checkpoint_551.json
 create mode 100644 acceleration/results/20261004_independent_review/ternary_color_histogram_full01/checkpoint_552.json
 create mode 100644 acceleration/results/20261004_independent_review/ternary_color_histogram_full01/checkpoint_553.json
 create mode 100644 acceleration/results/20261004_independent_review/ternary_color_histogram_full01/checkpoint_554.json
 create mode 100644 acceleration/results/20261004_independent_review/ternary_color_histogram_full01/checkpoint_555.json
 create mode 100644 acceleration/results/20261004_independent_review/ternary_color_histogram_full01/checkpoint_556.json
 create mode 100644 acceleration/results/20261004_independent_review/ternary_color_histogram_full01/checkpoint_557.json
 create mode 100644 acceleration/results/20261004_independent_review/ternary_color_histogram_full01/checkpoint_558.json
 create mode 100644 acceleration/results/20261004_independent_review/ternary_color_histogram_full01/checkpoint_559.json
 create mode 100644 acceleration/results/20261004_independent_review/ternary_color_histogram_full01/checkpoint_560.json
 create mode 100644 acceleration/results/20261004_independent_review/ternary_color_histogram_full01/checkpoint_561.json
 create mode 100644 acceleration/results/20261004_independent_review/ternary_color_histogram_full01/checkpoint_562.json
 create mode 100644 acceleration/results/20261004_independent_review/ternary_color_histogram_full01/checkpoint_563.json
 create mode 100644 acceleration/results/20261004_independent_review/ternary_color_histogram_full01/checkpoint_564.json
 create mode 100644 acceleration/results/20261004_independent_review/ternary_color_histogram_full01/checkpoint_565.json
 create mode 100644 acceleration/results/20261004_independent_review/ternary_color_histogram_full01/checkpoint_566.json
 create mode 100644 acceleration/results/20261004_independent_review/ternary_color_histogram_full01/checkpoint_567.json
 create mode 100644 acceleration/results/20261004_independent_review/ternary_color_histogram_full01/checkpoint_568.json
 create mode 100644 acceleration/results/20261004_independent_review/ternary_color_histogram_full01/checkpoint_569.json
 create mode 100644 acceleration/results/20261004_independent_review/ternary_color_histogram_full01/checkpoint_570.json
 create mode 100644 acceleration/results/20261004_independent_review/ternary_color_histogram_full01/checkpoint_571.json
 create mode 100644 acceleration/results/20261004_independent_review/ternary_color_histogram_full01/checkpoint_572.json
 create mode 100644 acceleration/results/20261004_independent_review/ternary_color_histogram_full01/checkpoint_573.json
 create mode 100644 acceleration/results/20261004_independent_review/ternary_color_histogram_full01/checkpoint_574.json
 create mode 100644 acceleration/results/20261004_independent_review/ternary_color_histogram_full01/checkpoint_575.json
 create mode 100644 acceleration/results/20261004_independent_review/ternary_color_histogram_full01/checkpoint_576.json
 create mode 100644 acceleration/results/20261004_independent_review/ternary_color_histogram_full01/checkpoint_577.json
 create mode 100644 acceleration/results/20261004_independent_review/ternary_color_histogram_full01/checkpoint_578.json
 create mode 100644 acceleration/results/20261004_independent_review/ternary_color_histogram_full01/checkpoint_579.json
 create mode 100644 acceleration/results/20261004_independent_review/ternary_color_histogram_full01/checkpoint_580.json
 create mode 100644 acceleration/results/20261004_independent_review/ternary_color_histogram_full01/checkpoint_581.json
 create mode 100644 acceleration/results/20261004_independent_review/ternary_color_histogram_full01/checkpoint_582.json
 create mode 100644 acceleration/results/20261004_independent_review/ternary_color_histogram_full01/checkpoint_583.json
 create mode 100644 acceleration/results/20261004_independent_review/ternary_color_histogram_full01/checkpoint_584.json
 create mode 100644 acceleration/results/20261004_independent_review/ternary_color_histogram_full01/checkpoint_585.json
 create mode 100644 acceleration/results/20261004_independent_review/ternary_color_histogram_full01/checkpoint_586.json
 create mode 100644 acceleration/results/20261004_independent_review/ternary_color_histogram_full01/checkpoint_587.json
 create mode 100644 acceleration/results/20261004_independent_review/ternary_color_histogram_full01/checkpoint_588.json
 create mode 100644 acceleration/results/20261004_independent_review/ternary_color_histogram_full01/checkpoint_589.json
 create mode 100644 acceleration/results/20261004_independent_review/ternary_color_histogram_full01/checkpoint_590.json
 create mode 100644 acceleration/results/20261004_independent_review/ternary_color_histogram_full01/checkpoint_591.json
 create mode 100644 acceleration/results/20261004_independent_review/ternary_color_histogram_full01/checkpoint_592.json
 create mode 100644 acceleration/results/20261004_independent_review/ternary_color_histogram_full01/checkpoint_593.json
 create mode 100644 acceleration/results/20261004_independent_review/ternary_color_histogram_full01/checkpoint_594.json
 create mode 100644 acceleration/results/20261004_independent_review/ternary_color_histogram_full01/checkpoint_595.json
 create mode 100644 acceleration/results/20261004_independent_review/ternary_color_histogram_full01/checkpoint_596.json
 create mode 100644 acceleration/results/20261004_independent_review/ternary_color_histogram_full01/checkpoint_597.json
 create mode 100644 acceleration/results/20261004_independent_review/ternary_color_histogram_full01/checkpoint_598.json
 create mode 100644 acceleration/results/20261004_independent_review/ternary_color_histogram_full01/checkpoint_599.json
 create mode 100644 acceleration/results/20261004_independent_review/ternary_color_histogram_full01/checkpoint_600.json
 create mode 100644 acceleration/results/20261004_independent_review/ternary_color_histogram_full01/checkpoint_601.json
 create mode 100644 acceleration/results/20261004_independent_review/ternary_color_histogram_full01/checkpoint_602.json
 create mode 100644 acceleration/results/20261004_independent_review/ternary_color_histogram_full01/checkpoint_603.json
 create mode 100644 acceleration/results/20261004_independent_review/ternary_color_histogram_full01/checkpoint_604.json
 create mode 100644 acceleration/results/20261004_independent_review/ternary_color_histogram_full01/checkpoint_605.json
 create mode 100644 acceleration/results/20261004_independent_review/ternary_color_histogram_full01/checkpoint_606.json
 create mode 100644 acceleration/results/20261004_independent_review/ternary_color_histogram_full01/checkpoint_607.json
 create mode 100644 acceleration/results/20261004_independent_review/ternary_color_histogram_full01/checkpoint_608.json
 create mode 100644 acceleration/results/20261004_independent_review/ternary_color_histogram_full01/checkpoint_609.json
 create mode 100644 acceleration/results/20261004_independent_review/ternary_color_histogram_full01/checkpoint_610.json
 create mode 100644 acceleration/results/20261004_independent_review/ternary_color_histogram_full01/checkpoint_611.json
 create mode 100644 acceleration/results/20261004_independent_review/ternary_color_histogram_full01/checkpoint_612.json
 create mode 100644 acceleration/results/20261004_independent_review/ternary_color_histogram_full01/checkpoint_613.json
 create mode 100644 acceleration/results/20261004_independent_review/ternary_color_histogram_full01/checkpoint_614.json
 create mode 100644 acceleration/results/20261004_independent_review/ternary_color_histogram_full01/checkpoint_615.json
 create mode 100644 acceleration/results/20261004_independent_review/ternary_color_histogram_full01/checkpoint_616.json
 create mode 100644 acceleration/results/20261004_independent_review/ternary_color_histogram_full01/checkpoint_617.json
 create mode 100644 acceleration/results/20261004_independent_review/ternary_color_histogram_full01/checkpoint_618.json
 create mode 100644 acceleration/results/20261004_independent_review/ternary_color_histogram_full01/checkpoint_619.json
 create mode 100644 acceleration/results/20261004_independent_review/ternary_color_histogram_full01/checkpoint_620.json
 create mode 100644 acceleration/results/20261004_independent_review/ternary_color_histogram_full01/checkpoint_621.json
 create mode 100644 acceleration/results/20261004_independent_review/ternary_color_histogram_full01/checkpoint_622.json
 create mode 100644 acceleration/results/20261004_independent_review/ternary_color_histogram_full01/checkpoint_623.json
 create mode 100644 acceleration/results/20261004_independent_review/ternary_color_histogram_full01/checkpoint_624.json
 create mode 100644 acceleration/results/20261004_independent_review/ternary_color_histogram_full01/checkpoint_625.json
 create mode 100644 acceleration/results/20261004_independent_review/ternary_color_histogram_full01/checkpoint_626.json
 create mode 100644 acceleration/results/20261004_independent_review/ternary_color_histogram_full01/checkpoint_627.json
 create mode 100644 acceleration/results/20261004_independent_review/ternary_color_histogram_full01/checkpoint_628.json
 create mode 100644 acceleration/results/20261004_independent_review/ternary_color_histogram_full01/checkpoint_629.json
 create mode 100644 acceleration/results/20261004_independent_review/ternary_color_histogram_full01/checkpoint_630.json
 create mode 100644 acceleration/results/20261004_independent_review/ternary_color_histogram_full01/checkpoint_631.json
 create mode 100644 acceleration/results/20261004_independent_review/ternary_color_histogram_full01/checkpoint_632.json
 create mode 100644 acceleration/results/20261004_independent_review/ternary_color_histogram_full01/checkpoint_633.json
 create mode 100644 acceleration/results/20261004_independent_review/ternary_color_histogram_full01/checkpoint_634.json
 create mode 100644 acceleration/results/20261004_independent_review/ternary_color_histogram_full01/checkpoint_635.json
 create mode 100644 acceleration/results/20261004_independent_review/ternary_color_histogram_full01/checkpoint_636.json
 create mode 100644 acceleration/results/20261004_independent_review/ternary_color_histogram_full01/checkpoint_637.json
 create mode 100644 acceleration/results/20261004_independent_review/ternary_color_histogram_full01/checkpoint_638.json
 create mode 100644 acceleration/results/20261004_independent_review/ternary_color_histogram_full01/checkpoint_639.json
 create mode 100644 acceleration/results/20261004_independent_review/ternary_color_histogram_full01/checkpoint_640.json
 create mode 100644 acceleration/results/20261004_independent_review/ternary_color_histogram_full01/checkpoint_641.json
 create mode 100644 acceleration/results/20261004_independent_review/ternary_color_histogram_full01/checkpoint_642.json
 create mode 100644 acceleration/results/20261004_independent_review/ternary_color_histogram_full01/checkpoint_643.json
 create mode 100644 acceleration/results/20261004_independent_review/ternary_color_histogram_full01/checkpoint_644.json
 create mode 100644 acceleration/results/20261004_independent_review/ternary_color_histogram_full01/checkpoint_645.json
 create mode 100644 acceleration/results/20261004_independent_review/ternary_color_histogram_full01/checkpoint_646.json
 create mode 100644 acceleration/results/20261004_independent_review/ternary_color_histogram_full01/checkpoint_647.json
 create mode 100644 acceleration/results/20261004_independent_review/ternary_color_histogram_full01/checkpoint_648.json
 create mode 100644 acceleration/results/20261004_independent_review/ternary_color_histogram_full01/checkpoint_649.json
 create mode 100644 acceleration/results/20261004_independent_review/ternary_color_histogram_full01/checkpoint_650.json
 create mode 100644 acceleration/results/20261004_independent_review/ternary_color_histogram_full01/checkpoint_651.json
 create mode 100644 acceleration/results/20261004_independent_review/ternary_color_histogram_full01/checkpoint_652.json
 create mode 100644 acceleration/results/20261004_independent_review/ternary_color_histogram_full01/checkpoint_653.json
 create mode 100644 acceleration/results/20261004_independent_review/ternary_color_histogram_full01/checkpoint_654.json
 create mode 100644 acceleration/results/20261004_independent_review/ternary_color_histogram_full01/checkpoint_655.json
 create mode 100644 acceleration/results/20261004_independent_review/ternary_color_histogram_full01/checkpoint_656.json
 create mode 100644 acceleration/results/20261004_independent_review/ternary_color_histogram_full01/checkpoint_657.json
 create mode 100644 acceleration/results/20261004_independent_review/ternary_color_histogram_full01/checkpoint_658.json
 create mode 100644 acceleration/results/20261004_independent_review/ternary_color_histogram_full01/checkpoint_659.json
 create mode 100644 acceleration/results/20261004_independent_review/ternary_color_histogram_full01/checkpoint_660.json
 create mode 100644 acceleration/results/20261004_independent_review/ternary_color_histogram_full01/checkpoint_661.json
 create mode 100644 acceleration/results/20261004_independent_review/ternary_color_histogram_full01/checkpoint_662.json
 create mode 100644 acceleration/results/20261004_independent_review/ternary_color_histogram_full01/checkpoint_663.json
 create mode 100644 acceleration/results/20261004_independent_review/ternary_color_histogram_full01/checkpoint_664.json
 create mode 100644 acceleration/results/20261004_independent_review/ternary_color_histogram_full01/checkpoint_665.json
 create mode 100644 acceleration/results/20261004_independent_review/ternary_color_histogram_full01/checkpoint_666.json
 create mode 100644 acceleration/results/20261004_independent_review/ternary_color_histogram_full01/checkpoint_667.json
 create mode 100644 acceleration/results/20261004_independent_review/ternary_color_histogram_full01/checkpoint_668.json
 create mode 100644 acceleration/results/20261004_independent_review/ternary_color_histogram_full01/checkpoint_669.json
 create mode 100644 acceleration/results/20261004_independent_review/ternary_color_histogram_full01/checkpoint_670.json
 create mode 100644 acceleration/results/20261004_independent_review/ternary_color_histogram_full01/checkpoint_671.json
 create mode 100644 acceleration/results/20261004_independent_review/ternary_color_histogram_full01/checkpoint_672.json
 create mode 100644 acceleration/results/20261004_independent_review/ternary_color_histogram_full01/checkpoint_673.json
 create mode 100644 acceleration/results/20261004_independent_review/ternary_color_histogram_full01/checkpoint_674.json
 create mode 100644 acceleration/results/20261004_independent_review/ternary_color_histogram_full01/checkpoint_675.json
 create mode 100644 acceleration/results/20261004_independent_review/ternary_color_histogram_full01/checkpoint_676.json
 create mode 100644 acceleration/results/20261004_independent_review/ternary_color_histogram_full01/checkpoint_677.json
 create mode 100644 acceleration/results/20261004_independent_review/ternary_color_histogram_full01/checkpoint_678.json
 create mode 100644 acceleration/results/20261004_independent_review/ternary_color_histogram_full01/checkpoint_679.json
 create mode 100644 acceleration/results/20261004_independent_review/ternary_color_histogram_full01/checkpoint_680.json
 create mode 100644 acceleration/results/20261004_independent_review/ternary_color_histogram_full01/checkpoint_681.json
 create mode 100644 acceleration/results/20261004_independent_review/ternary_color_histogram_full01/checkpoint_682.json
 create mode 100644 acceleration/results/20261004_independent_review/ternary_color_histogram_full01/checkpoint_683.json
 create mode 100644 acceleration/results/20261004_independent_review/ternary_color_histogram_full01/checkpoint_684.json
 create mode 100644 acceleration/results/20261004_independent_review/ternary_color_histogram_full01/checkpoint_685.json
 create mode 100644 acceleration/results/20261004_independent_review/ternary_color_histogram_full01/checkpoint_686.json
 create mode 100644 acceleration/results/20261004_independent_review/ternary_color_histogram_full01/checkpoint_687.json
 create mode 100644 acceleration/results/20261004_independent_review/ternary_color_histogram_full01/checkpoint_688.json
 create mode 100644 acceleration/results/20261004_independent_review/ternary_color_histogram_full01/checkpoint_689.json
 create mode 100644 acceleration/results/20261004_independent_review/ternary_color_histogram_full01/checkpoint_690.json
 create mode 100644 acceleration/results/20261004_independent_review/ternary_color_histogram_full01/checkpoint_691.json
 create mode 100644 acceleration/results/20261004_independent_review/ternary_color_histogram_full01/checkpoint_692.json
 create mode 100644 acceleration/results/20261004_independent_review/ternary_color_histogram_full01/checkpoint_693.json
 create mode 100644 acceleration/results/20261004_independent_review/ternary_color_histogram_full01/checkpoint_694.json
 create mode 100644 acceleration/results/20261004_independent_review/ternary_color_histogram_full01/checkpoint_695.json
 create mode 100644 acceleration/results/20261004_independent_review/ternary_color_histogram_full01/checkpoint_696.json
 create mode 100644 acceleration/results/20261004_independent_review/ternary_color_histogram_full01/checkpoint_697.json
 create mode 100644 acceleration/results/20261004_independent_review/ternary_color_histogram_full01/checkpoint_698.json
 create mode 100644 acceleration/results/20261004_independent_review/ternary_color_histogram_full01/checkpoint_699.json
 create mode 100644 acceleration/results/20261004_independent_review/ternary_color_histogram_full01/checkpoint_700.json
 create mode 100644 acceleration/results/20261004_independent_review/ternary_color_histogram_full01/checkpoint_701.json
 create mode 100644 acceleration/results/20261004_independent_review/ternary_color_histogram_full01/checkpoint_702.json
 create mode 100644 acceleration/results/20261004_independent_review/ternary_color_histogram_full01/checkpoint_703.json
 create mode 100644 acceleration/results/20261004_independent_review/ternary_color_histogram_full01/checkpoint_704.json
 create mode 100644 acceleration/results/20261004_independent_review/ternary_color_histogram_full01/checkpoint_705.json
 create mode 100644 acceleration/results/20261004_independent_review/ternary_color_histogram_full01/checkpoint_706.json
 create mode 100644 acceleration/results/20261004_independent_review/ternary_color_histogram_full01/checkpoint_707.json
 create mode 100644 acceleration/results/20261004_independent_review/ternary_color_histogram_full01/checkpoint_708.json
 create mode 100644 acceleration/results/20261004_independent_review/ternary_color_histogram_full01/checkpoint_709.json
 create mode 100644 acceleration/results/20261004_independent_review/ternary_color_histogram_full01/checkpoint_710.json
 create mode 100644 acceleration/results/20261004_independent_review/ternary_color_histogram_full01/checkpoint_711.json
 create mode 100644 acceleration/results/20261004_independent_review/ternary_color_histogram_full01/checkpoint_712.json
 create mode 100644 acceleration/results/20261004_independent_review/ternary_color_histogram_full01/checkpoint_713.json
 create mode 100644 acceleration/results/20261004_independent_review/ternary_color_histogram_full01/checkpoint_714.json
 create mode 100644 acceleration/results/20261004_independent_review/ternary_color_histogram_full01/checkpoint_715.json
 create mode 100644 acceleration/results/20261004_independent_review/ternary_color_histogram_full01/checkpoint_716.json
 create mode 100644 acceleration/results/20261004_independent_review/ternary_color_histogram_full01/checkpoint_717.json
 create mode 100644 acceleration/results/20261004_independent_review/ternary_color_histogram_full01/checkpoint_718.json
 create mode 100644 acceleration/results/20261004_independent_review/ternary_color_histogram_full01/checkpoint_719.json
 create mode 100644 acceleration/results/20261004_independent_review/ternary_color_histogram_full01/checkpoint_720.json
 create mode 100644 acceleration/results/20261004_independent_review/ternary_color_histogram_full01/checkpoint_721.json
 create mode 100644 acceleration/results/20261004_independent_review/ternary_color_histogram_full01/checkpoint_722.json
 create mode 100644 acceleration/results/20261004_independent_review/ternary_color_histogram_full01/checkpoint_723.json
 create mode 100644 acceleration/results/20261004_independent_review/ternary_color_histogram_full01/checkpoint_724.json
 create mode 100644 acceleration/results/20261004_independent_review/ternary_color_histogram_full01/checkpoint_725.json
 create mode 100644 acceleration/results/20261004_independent_review/ternary_color_histogram_full01/checkpoint_726.json
 create mode 100644 acceleration/results/20261004_independent_review/ternary_color_histogram_full01/checkpoint_727.json
 create mode 100644 acceleration/results/20261004_independent_review/ternary_color_histogram_full01/checkpoint_728.json
 create mode 100644 acceleration/results/20261004_independent_review/ternary_color_histogram_full01/checkpoint_729.json
 create mode 100644 acceleration/results/20261004_independent_review/ternary_color_histogram_full01/checkpoint_730.json
 create mode 100644 acceleration/results/20261004_independent_review/ternary_color_histogram_full01/checkpoint_731.json
 create mode 100644 acceleration/results/20261004_independent_review/ternary_color_histogram_full01/checkpoint_732.json
 create mode 100644 acceleration/results/20261004_independent_review/ternary_color_histogram_full01/checkpoint_733.json
 create mode 100644 acceleration/results/20261004_independent_review/ternary_color_histogram_full01/checkpoint_734.json
 create mode 100644 acceleration/results/20261004_independent_review/ternary_color_histogram_full01/checkpoint_735.json
 create mode 100644 acceleration/results/20261004_independent_review/ternary_color_histogram_full01/checkpoint_736.json
 create mode 100644 acceleration/results/20261004_independent_review/ternary_color_histogram_full01/checkpoint_737.json
 create mode 100644 acceleration/results/20261004_independent_review/ternary_color_histogram_full01/checkpoint_738.json
 create mode 100644 acceleration/results/20261004_independent_review/ternary_color_histogram_full01/checkpoint_739.json
 create mode 100644 acceleration/results/20261004_independent_review/ternary_color_histogram_full01/checkpoint_740.json
 create mode 100644 acceleration/results/20261004_independent_review/ternary_color_histogram_full01/checkpoint_741.json
 create mode 100644 acceleration/results/20261004_independent_review/ternary_color_histogram_full01/checkpoint_742.json
 create mode 100644 acceleration/results/20261004_independent_review/ternary_color_histogram_full01/checkpoint_743.json
 create mode 100644 acceleration/results/20261004_independent_review/ternary_color_histogram_full01/checkpoint_744.json
 create mode 100644 acceleration/results/20261004_independent_review/ternary_color_histogram_full01/checkpoint_745.json
 create mode 100644 acceleration/results/20261004_independent_review/ternary_color_histogram_full01/checkpoint_746.json
 create mode 100644 acceleration/results/20261004_independent_review/ternary_color_histogram_full01/checkpoint_747.json
 create mode 100644 acceleration/results/20261004_independent_review/ternary_color_histogram_full01/checkpoint_748.json
 create mode 100644 acceleration/results/20261004_independent_review/ternary_color_histogram_full01/checkpoint_749.json
 create mode 100644 acceleration/results/20261004_independent_review/ternary_color_histogram_full01/checkpoint_750.json
 create mode 100644 acceleration/results/20261004_independent_review/ternary_color_histogram_full01/checkpoint_751.json
 create mode 100644 acceleration/results/20261004_independent_review/ternary_color_histogram_full01/checkpoint_752.json
 create mode 100644 acceleration/results/20261004_independent_review/ternary_color_histogram_full01/checkpoint_753.json
 create mode 100644 acceleration/results/20261004_independent_review/ternary_color_histogram_full01/checkpoint_754.json
 create mode 100644 acceleration/results/20261004_independent_review/ternary_color_histogram_full01/checkpoint_755.json
 create mode 100644 acceleration/results/20261004_independent_review/ternary_color_histogram_full01/checkpoint_756.json
 create mode 100644 acceleration/results/20261004_independent_review/ternary_color_histogram_full01/checkpoint_757.json
 create mode 100644 acceleration/results/20261004_independent_review/ternary_color_histogram_full01/checkpoint_758.json
 create mode 100644 acceleration/results/20261004_independent_review/ternary_color_histogram_full01/checkpoint_759.json
 create mode 100644 acceleration/results/20261004_independent_review/ternary_color_histogram_full01/checkpoint_760.json
 create mode 100644 acceleration/results/20261004_independent_review/ternary_color_histogram_full01/independent_outcome.json
 create mode 100644 acceleration/results/20261004_independent_review/ternary_color_histogram_full01/summary.json
 create mode 100644 acceleration/results/20261004_independent_review/ternary_color_histogram_full_supervision01/manifest.json
 create mode 100644 acceleration/results/20261004_independent_review/ternary_color_histogram_full_supervision01/summary.json
 create mode 100644 acceleration/results/20261004_local_sat_binary_controls_vector_correction01.json
 create mode 100644 acceleration/results/20261004_local_sat_binary_drat_actual_controls_native_review01.json
 create mode 100644 acceleration/results/20261004_local_sat_binary_drat_dependency_controls_native_v4_review01.json
 create mode 100644 acceleration/results/20261004_local_sat_binary_drat_hand_fixture_boundaries01.json
 create mode 100644 acceleration/results/20261004_local_sat_binary_drat_hand_fixture_boundaries02.json
 create mode 100644 acceleration/results/20261004_local_sat_binary_drat_linux_build_native_actual_review01.json
 create mode 100644 acceleration/results/20261004_local_sat_binary_drat_linux_build_native_static_review01.json
 create mode 100644 acceleration/results/20261004_local_sat_binary_drat_linux_build_root_actual_acceptance01.json
 create mode 100644 acceleration/results/20261004_local_sat_binary_drat_linux_build_root_one01.json
 create mode 100644 acceleration/results/20261004_local_sat_binary_drat_linux_build_supervision01/linux_cleanup_observations.jsonl
 create mode 100644 acceleration/results/20261004_local_sat_binary_drat_linux_build_supervision01/manifest.json
 create mode 100644 acceleration/results/20261004_local_sat_binary_drat_linux_build_supervision01/progress.jsonl
 create mode 100644 acceleration/results/20261004_local_sat_binary_drat_linux_build_supervision01/stderr.log
 create mode 100644 acceleration/results/20261004_local_sat_binary_drat_linux_build_supervision01/stdout.log
 create mode 100644 acceleration/results/20261004_local_sat_binary_drat_linux_build_supervision01/summary.json
 create mode 100644 acceleration/results/20261004_local_sat_binary_drat_original_fixture_native_veto01.json
 create mode 100644 acceleration/results/20261004_local_sat_binary_drat_source_freeze01.json
 create mode 100644 acceleration/results/20261004_local_sat_binary_finite_engineering_root_acceptance01.json
 create mode 100644 acceleration/results/20261004_local_sat_binary_native_actual_controls_native_review01.json
 create mode 100644 acceleration/results/20261004_local_sat_binary_native_bad_hash_root_one01.json
 create mode 100644 acceleration/results/20261004_local_sat_binary_native_existing_output_root_one01.json
 create mode 100644 acceleration/results/20261004_local_sat_binary_native_sat_root_one01.json
 create mode 100644 acceleration/results/20261004_local_sat_binary_native_unsat_root_one01.json
 create mode 100644 acceleration/results/20261004_local_sat_binary_native_unsupported_seconds_root_one01.json
 create mode 100644 acceleration/results/20261004_local_sat_binary_proof_crlf_missing_lemma_negative_root_observation01.json
 create mode 100644 acceleration/results/20261004_local_sat_binary_proof_crlf_missing_lemma_negative_root_one01.json
 create mode 100644 acceleration/results/20261004_local_sat_binary_proof_crlf_translated_negative_root_observation01.json
 create mode 100644 acceleration/results/20261004_local_sat_binary_proof_crlf_translated_negative_root_one01.json
 create mode 100644 acceleration/results/20261004_local_sat_binary_proof_ctrl_z_truncated_negative_root_observation01.json
 create mode 100644 acceleration/results/20261004_local_sat_binary_proof_ctrl_z_truncated_negative_root_one01.json
 create mode 100644 acceleration/results/20261004_local_sat_binary_proof_empty_only_negative_root_observation01.json
 create mode 100644 acceleration/results/20261004_local_sat_binary_proof_empty_only_negative_root_one01.json
 create mode 100644 acceleration/results/20261004_local_sat_binary_proof_genuine_native_root_observation01.json
 create mode 100644 acceleration/results/20261004_local_sat_binary_proof_genuine_native_root_one01.json
 create mode 100644 acceleration/results/20261004_local_sat_binary_proof_hand_crlf_sensitive_root_observation01.json
 create mode 100644 acceleration/results/20261004_local_sat_binary_proof_hand_crlf_sensitive_root_one01.json
 create mode 100644 acceleration/results/20261004_local_sat_binary_proof_hand_ctrl_z_root_observation01.json
 create mode 100644 acceleration/results/20261004_local_sat_binary_proof_hand_ctrl_z_root_one01.json
 create mode 100644 acceleration/results/20261004_local_sat_binary_proof_incomplete_hand_negative_root_observation01.json
 create mode 100644 acceleration/results/20261004_local_sat_binary_proof_incomplete_hand_negative_root_one01.json
 create mode 100644 acceleration/results/20261004_local_sat_binary_proof_native_on_sat_negative_root_observation01.json
 create mode 100644 acceleration/results/20261004_local_sat_binary_proof_native_on_sat_negative_root_one01.json
 create mode 100644 acceleration/results/20261004_makhnev_primary_visual_review01/page-1.png
 create mode 100644 acceleration/results/20261004_makhnev_primary_visual_review01/page-2.png
 create mode 100644 acceleration/results/20261004_makhnev_primary_visual_review01/page-3.png
 create mode 100644 acceleration/results/20261004_makhnev_primary_visual_review01/page-4.png
 create mode 100644 acceleration/results/20261004_makhnev_primary_visual_review01/page-5.png
 create mode 100644 acceleration/results/20261004_makhnev_primary_visual_review01/page-6.png
 create mode 100644 acceleration/results/20261004_makhnev_target99_n3free_local33_root_written_acceptance01.json
 create mode 100644 acceleration/results/20261004_makhnev_theorem2_lemmas6_9_checkpoint_claim_binding_schema2.json
 create mode 100644 acceleration/results/20261004_makhnev_theorem2_lemmas6_9_checkpoint_written_review01.json
 create mode 100644 acceleration/results/20261004_nine_bound_mathematical_append_candidate01/CLAIMS.before.yaml
 create mode 100644 acceleration/results/20261004_nine_bound_mathematical_append_candidate01/CLAIMS.candidate.yaml
 create mode 100644 acceleration/results/20261004_nine_bound_mathematical_append_candidate01/evidence_resolution.json
 create mode 100644 acceleration/results/20261004_nine_bound_mathematical_append_candidate01/summary.json
 create mode 100644 acceleration/results/20261004_nine_bound_mathematical_append_candidate_supervision01/manifest.json
 create mode 100644 acceleration/results/20261004_nine_bound_mathematical_append_candidate_supervision01/summary.json
 create mode 100644 acceleration/results/20261004_nine_bound_mathematical_candidate_executor_admission01.json
 create mode 100644 acceleration/results/20261004_nine_bound_mathematical_candidate_executor_completion01.json
 create mode 100644 acceleration/results/20261004_nine_bound_mathematical_candidate_root_one_authority01.json
 create mode 100644 acceleration/results/20261004_nine_mathematical_candidate_schema_report01.json/summary.json
 create mode 100644 acceleration/results/20261004_nine_mathematical_candidate_schema_report02.json
 create mode 100644 acceleration/results/20261004_nine_mathematical_candidate_schema_supervision01/manifest.json
 create mode 100644 acceleration/results/20261004_nine_mathematical_candidate_schema_supervision01/summary.json
 create mode 100644 acceleration/results/20261004_nine_mathematical_candidate_schema_supervision02/manifest.json
 create mode 100644 acceleration/results/20261004_nine_mathematical_candidate_schema_supervision02/summary.json
 create mode 100644 acceleration/results/20261004_nine_mathematical_literal_root_checkpoint_static_review01.json
 create mode 100644 acceleration/results/20261004_nine_mathematical_literal_root_typed01/summary.json
 create mode 100644 acceleration/results/20261004_nine_mathematical_literal_root_typed_supervision01/manifest.json
 create mode 100644 acceleration/results/20261004_nine_mathematical_literal_root_typed_supervision01/summary.json
 create mode 100644 acceleration/results/20261004_nine_mathematical_live_install_root_receipt01.json
 create mode 100644 acceleration/results/20261004_nine_mathematical_live_transition_root_acceptance01.json
 create mode 100644 acceleration/results/20261004_nine_typed_launch_preworker_correction01.md
 create mode 100644 acceleration/results/20261004_nonzero_rook_deficiency_maximum_lower2_native01_root_written_acceptance01.json
 create mode 100644 acceleration/results/20261004_per_copy_local_sat_assignment_v4_own_root_actual_acceptance01.json
 create mode 100644 acceleration/results/20261004_per_copy_local_sat_assignment_v4_own_root_one01.json
 create mode 100644 acceleration/results/20261004_per_copy_local_sat_closed_seal01/checkpoint.jsonl
 create mode 100644 acceleration/results/20261004_per_copy_local_sat_closed_seal01/failure.json
 create mode 100644 acceleration/results/20261004_per_copy_local_sat_closed_seal02/checkpoint.jsonl
 create mode 100644 acceleration/results/20261004_per_copy_local_sat_closed_seal02/summary.json
 create mode 100644 acceleration/results/20261004_prime5_analytic_delsarte_adapter_root_acceptance01.json
 create mode 100644 acceleration/results/20261004_prime5_analytic_delsarte_author_controls01/checkpoint_0.json
 create mode 100644 acceleration/results/20261004_prime5_analytic_delsarte_author_controls01/checkpoint_1.json
 create mode 100644 acceleration/results/20261004_prime5_analytic_delsarte_author_controls01/checkpoint_2.json
 create mode 100644 acceleration/results/20261004_prime5_analytic_delsarte_author_controls01/checkpoint_3.json
 create mode 100644 acceleration/results/20261004_prime5_analytic_delsarte_author_controls01/controls.json
 create mode 100644 acceleration/results/20261004_prime5_analytic_delsarte_author_controls01/fixture_0.json
 create mode 100644 acceleration/results/20261004_prime5_analytic_delsarte_author_controls01/fixture_1.json
 create mode 100644 acceleration/results/20261004_prime5_analytic_delsarte_author_controls01/fixture_2.json
 create mode 100644 acceleration/results/20261004_prime5_analytic_delsarte_author_controls01/fixture_3.json
 create mode 100644 acceleration/results/20261004_prime5_analytic_delsarte_author_controls01/summary.json
 create mode 100644 acceleration/results/20261004_prime5_analytic_delsarte_author_controls02/checkpoint_0.json
 create mode 100644 acceleration/results/20261004_prime5_analytic_delsarte_author_controls02/checkpoint_1.json
 create mode 100644 acceleration/results/20261004_prime5_analytic_delsarte_author_controls02/checkpoint_2.json
 create mode 100644 acceleration/results/20261004_prime5_analytic_delsarte_author_controls02/checkpoint_3.json
 create mode 100644 acceleration/results/20261004_prime5_analytic_delsarte_author_controls02/controls.json
 create mode 100644 acceleration/results/20261004_prime5_analytic_delsarte_author_controls02/fixture_0.json
 create mode 100644 acceleration/results/20261004_prime5_analytic_delsarte_author_controls02/fixture_1.json
 create mode 100644 acceleration/results/20261004_prime5_analytic_delsarte_author_controls02/fixture_2.json
 create mode 100644 acceleration/results/20261004_prime5_analytic_delsarte_author_controls02/fixture_3.json
 create mode 100644 acceleration/results/20261004_prime5_analytic_delsarte_author_controls02/summary.json
 create mode 100644 acceleration/results/20261004_prime5_analytic_delsarte_author_controls_root_acceptance02.json
 create mode 100644 acceleration/results/20261004_prime5_analytic_delsarte_author_controls_root_one02.json
 create mode 100644 acceleration/results/20261004_prime5_analytic_delsarte_author_controls_supervision01/manifest.json
 create mode 100644 acceleration/results/20261004_prime5_analytic_delsarte_author_controls_supervision01/summary.json
 create mode 100644 acceleration/results/20261004_prime5_analytic_delsarte_author_controls_supervision02/manifest.json
 create mode 100644 acceleration/results/20261004_prime5_analytic_delsarte_author_controls_supervision02/summary.json
 create mode 100644 acceleration/results/20261004_prime5_analytic_delsarte_candidate01.json
 create mode 100644 acceleration/results/20261004_prime5_analytic_delsarte_family01/case_0000.json
 create mode 100644 acceleration/results/20261004_prime5_analytic_delsarte_family01/case_0000_checkpoint.json
 create mode 100644 acceleration/results/20261004_prime5_analytic_delsarte_family01/case_0001.json
 create mode 100644 acceleration/results/20261004_prime5_analytic_delsarte_family01/case_0001_checkpoint.json
 create mode 100644 acceleration/results/20261004_prime5_analytic_delsarte_family01/case_0002.json
 create mode 100644 acceleration/results/20261004_prime5_analytic_delsarte_family01/case_0002_checkpoint.json
 create mode 100644 acceleration/results/20261004_prime5_analytic_delsarte_family01/case_0003.json
 create mode 100644 acceleration/results/20261004_prime5_analytic_delsarte_family01/case_0003_checkpoint.json
 create mode 100644 acceleration/results/20261004_prime5_analytic_delsarte_family01/case_0004.json
 create mode 100644 acceleration/results/20261004_prime5_analytic_delsarte_family01/case_0004_checkpoint.json
 create mode 100644 acceleration/results/20261004_prime5_analytic_delsarte_family01/case_0005.json
 create mode 100644 acceleration/results/20261004_prime5_analytic_delsarte_family01/case_0005_checkpoint.json
 create mode 100644 acceleration/results/20261004_prime5_analytic_delsarte_family01/case_0006.json
 create mode 100644 acceleration/results/20261004_prime5_analytic_delsarte_family01/case_0006_checkpoint.json
 create mode 100644 acceleration/results/20261004_prime5_analytic_delsarte_family01/case_0007.json
 create mode 100644 acceleration/results/20261004_prime5_analytic_delsarte_family01/case_0007_checkpoint.json
 create mode 100644 acceleration/results/20261004_prime5_analytic_delsarte_family01/case_0008.json
 create mode 100644 acceleration/results/20261004_prime5_analytic_delsarte_family01/case_0008_checkpoint.json
 create mode 100644 acceleration/results/20261004_prime5_analytic_delsarte_family01/case_0009.json
 create mode 100644 acceleration/results/20261004_prime5_analytic_delsarte_family01/case_0009_checkpoint.json
 create mode 100644 acceleration/results/20261004_prime5_analytic_delsarte_family01/case_0010.json
 create mode 100644 acceleration/results/20261004_prime5_analytic_delsarte_family01/case_0010_checkpoint.json
 create mode 100644 acceleration/results/20261004_prime5_analytic_delsarte_family01/case_0011.json
 create mode 100644 acceleration/results/20261004_prime5_analytic_delsarte_family01/case_0011_checkpoint.json
 create mode 100644 acceleration/results/20261004_prime5_analytic_delsarte_family01/case_0012.json
 create mode 100644 acceleration/results/20261004_prime5_analytic_delsarte_family01/case_0012_checkpoint.json
 create mode 100644 acceleration/results/20261004_prime5_analytic_delsarte_family01/case_0013.json
 create mode 100644 acceleration/results/20261004_prime5_analytic_delsarte_family01/case_0013_checkpoint.json
 create mode 100644 acceleration/results/20261004_prime5_analytic_delsarte_family01/case_0014.json
 create mode 100644 acceleration/results/20261004_prime5_analytic_delsarte_family01/case_0014_checkpoint.json
 create mode 100644 acceleration/results/20261004_prime5_analytic_delsarte_family01/case_0015.json
 create mode 100644 acceleration/results/20261004_prime5_analytic_delsarte_family01/case_0015_checkpoint.json
 create mode 100644 acceleration/results/20261004_prime5_analytic_delsarte_family01/case_0016.json
 create mode 100644 acceleration/results/20261004_prime5_analytic_delsarte_family01/case_0016_checkpoint.json
 create mode 100644 acceleration/results/20261004_prime5_analytic_delsarte_family01/case_0017.json
 create mode 100644 acceleration/results/20261004_prime5_analytic_delsarte_family01/case_0017_checkpoint.json
 create mode 100644 acceleration/results/20261004_prime5_analytic_delsarte_family01/case_0018.json
 create mode 100644 acceleration/results/20261004_prime5_analytic_delsarte_family01/case_0018_checkpoint.json
 create mode 100644 acceleration/results/20261004_prime5_analytic_delsarte_family01/case_0019.json
 create mode 100644 acceleration/results/20261004_prime5_analytic_delsarte_family01/case_0019_checkpoint.json
 create mode 100644 acceleration/results/20261004_prime5_analytic_delsarte_family01/case_0020.json
 create mode 100644 acceleration/results/20261004_prime5_analytic_delsarte_family01/case_0020_checkpoint.json
 create mode 100644 acceleration/results/20261004_prime5_analytic_delsarte_family01/case_0021.json
 create mode 100644 acceleration/results/20261004_prime5_analytic_delsarte_family01/case_0021_checkpoint.json
 create mode 100644 acceleration/results/20261004_prime5_analytic_delsarte_family01/case_0022.json
 create mode 100644 acceleration/results/20261004_prime5_analytic_delsarte_family01/case_0022_checkpoint.json
 create mode 100644 acceleration/results/20261004_prime5_analytic_delsarte_family01/case_0023.json
 create mode 100644 acceleration/results/20261004_prime5_analytic_delsarte_family01/case_0023_checkpoint.json
 create mode 100644 acceleration/results/20261004_prime5_analytic_delsarte_family01/case_0024.json
 create mode 100644 acceleration/results/20261004_prime5_analytic_delsarte_family01/case_0024_checkpoint.json
 create mode 100644 acceleration/results/20261004_prime5_analytic_delsarte_family01/case_0025.json
 create mode 100644 acceleration/results/20261004_prime5_analytic_delsarte_family01/case_0025_checkpoint.json
 create mode 100644 acceleration/results/20261004_prime5_analytic_delsarte_family01/case_0026.json
 create mode 100644 acceleration/results/20261004_prime5_analytic_delsarte_family01/case_0026_checkpoint.json
 create mode 100644 acceleration/results/20261004_prime5_analytic_delsarte_family01/case_0027.json
 create mode 100644 acceleration/results/20261004_prime5_analytic_delsarte_family01/case_0027_checkpoint.json
 create mode 100644 acceleration/results/20261004_prime5_analytic_delsarte_family01/case_0028.json
 create mode 100644 acceleration/results/20261004_prime5_analytic_delsarte_family01/case_0028_checkpoint.json
 create mode 100644 acceleration/results/20261004_prime5_analytic_delsarte_family01/case_0029.json
 create mode 100644 acceleration/results/20261004_prime5_analytic_delsarte_family01/case_0029_checkpoint.json
 create mode 100644 acceleration/results/20261004_prime5_analytic_delsarte_family01/case_0030.json
 create mode 100644 acceleration/results/20261004_prime5_analytic_delsarte_family01/case_0030_checkpoint.json
 create mode 100644 acceleration/results/20261004_prime5_analytic_delsarte_family01/case_0031.json
 create mode 100644 acceleration/results/20261004_prime5_analytic_delsarte_family01/case_0031_checkpoint.json
 create mode 100644 acceleration/results/20261004_prime5_analytic_delsarte_family01/case_0032.json
 create mode 100644 acceleration/results/20261004_prime5_analytic_delsarte_family01/case_0032_checkpoint.json
 create mode 100644 acceleration/results/20261004_prime5_analytic_delsarte_family01/case_0033.json
 create mode 100644 acceleration/results/20261004_prime5_analytic_delsarte_family01/case_0033_checkpoint.json
 create mode 100644 acceleration/results/20261004_prime5_analytic_delsarte_family01/case_0034.json
 create mode 100644 acceleration/results/20261004_prime5_analytic_delsarte_family01/case_0034_checkpoint.json
 create mode 100644 acceleration/results/20261004_prime5_analytic_delsarte_family01/case_0035.json
 create mode 100644 acceleration/results/20261004_prime5_analytic_delsarte_family01/case_0035_checkpoint.json
 create mode 100644 acceleration/results/20261004_prime5_analytic_delsarte_family01/case_0036.json
 create mode 100644 acceleration/results/20261004_prime5_analytic_delsarte_family01/case_0036_checkpoint.json
 create mode 100644 acceleration/results/20261004_prime5_analytic_delsarte_family01/case_0037.json
 create mode 100644 acceleration/results/20261004_prime5_analytic_delsarte_family01/case_0037_checkpoint.json
 create mode 100644 acceleration/results/20261004_prime5_analytic_delsarte_family01/case_0038.json
 create mode 100644 acceleration/results/20261004_prime5_analytic_delsarte_family01/case_0038_checkpoint.json
 create mode 100644 acceleration/results/20261004_prime5_analytic_delsarte_family01/case_0039.json
 create mode 100644 acceleration/results/20261004_prime5_analytic_delsarte_family01/case_0039_checkpoint.json
 create mode 100644 acceleration/results/20261004_prime5_analytic_delsarte_family01/case_0040.json
 create mode 100644 acceleration/results/20261004_prime5_analytic_delsarte_family01/case_0040_checkpoint.json
 create mode 100644 acceleration/results/20261004_prime5_analytic_delsarte_family01/case_0041.json
 create mode 100644 acceleration/results/20261004_prime5_analytic_delsarte_family01/case_0041_checkpoint.json
 create mode 100644 acceleration/results/20261004_prime5_analytic_delsarte_family01/case_0042.json
 create mode 100644 acceleration/results/20261004_prime5_analytic_delsarte_family01/case_0042_checkpoint.json
 create mode 100644 acceleration/results/20261004_prime5_analytic_delsarte_family01/case_0043.json
 create mode 100644 acceleration/results/20261004_prime5_analytic_delsarte_family01/case_0043_checkpoint.json
 create mode 100644 acceleration/results/20261004_prime5_analytic_delsarte_family01/case_0044.json
 create mode 100644 acceleration/results/20261004_prime5_analytic_delsarte_family01/case_0044_checkpoint.json
 create mode 100644 acceleration/results/20261004_prime5_analytic_delsarte_family01/case_0045.json
 create mode 100644 acceleration/results/20261004_prime5_analytic_delsarte_family01/case_0045_checkpoint.json
 create mode 100644 acceleration/results/20261004_prime5_analytic_delsarte_family01/case_0046.json
 create mode 100644 acceleration/results/20261004_prime5_analytic_delsarte_family01/case_0046_checkpoint.json
 create mode 100644 acceleration/results/20261004_prime5_analytic_delsarte_family01/case_0047.json
 create mode 100644 acceleration/results/20261004_prime5_analytic_delsarte_family01/case_0047_checkpoint.json
 create mode 100644 acceleration/results/20261004_prime5_analytic_delsarte_family01/case_0048.json
 create mode 100644 acceleration/results/20261004_prime5_analytic_delsarte_family01/case_0048_checkpoint.json
 create mode 100644 acceleration/results/20261004_prime5_analytic_delsarte_family01/case_0049.json
 create mode 100644 acceleration/results/20261004_prime5_analytic_delsarte_family01/case_0049_checkpoint.json
 create mode 100644 acceleration/results/20261004_prime5_analytic_delsarte_family01/case_0050.json
 create mode 100644 acceleration/results/20261004_prime5_analytic_delsarte_family01/case_0050_checkpoint.json
 create mode 100644 acceleration/results/20261004_prime5_analytic_delsarte_family01/case_0051.json
 create mode 100644 acceleration/results/20261004_prime5_analytic_delsarte_family01/case_0051_checkpoint.json
 create mode 100644 acceleration/results/20261004_prime5_analytic_delsarte_family01/case_0052.json
 create mode 100644 acceleration/results/20261004_prime5_analytic_delsarte_family01/case_0052_checkpoint.json
 create mode 100644 acceleration/results/20261004_prime5_analytic_delsarte_family01/case_0053.json
 create mode 100644 acceleration/results/20261004_prime5_analytic_delsarte_family01/case_0053_checkpoint.json
 create mode 100644 acceleration/results/20261004_prime5_analytic_delsarte_family01/case_0054.json
 create mode 100644 acceleration/results/20261004_prime5_analytic_delsarte_family01/case_0054_checkpoint.json
 create mode 100644 acceleration/results/20261004_prime5_analytic_delsarte_family01/case_0055.json
 create mode 100644 acceleration/results/20261004_prime5_analytic_delsarte_family01/case_0055_checkpoint.json
 create mode 100644 acceleration/results/20261004_prime5_analytic_delsarte_family01/case_0056.json
 create mode 100644 acceleration/results/20261004_prime5_analytic_delsarte_family01/case_0056_checkpoint.json
 create mode 100644 acceleration/results/20261004_prime5_analytic_delsarte_family01/case_0057.json
 create mode 100644 acceleration/results/20261004_prime5_analytic_delsarte_family01/case_0057_checkpoint.json
 create mode 100644 acceleration/results/20261004_prime5_analytic_delsarte_family01/case_0058.json
 create mode 100644 acceleration/results/20261004_prime5_analytic_delsarte_family01/case_0058_checkpoint.json
 create mode 100644 acceleration/results/20261004_prime5_analytic_delsarte_family01/case_0059.json
 create mode 100644 acceleration/results/20261004_prime5_analytic_delsarte_family01/case_0059_checkpoint.json
 create mode 100644 acceleration/results/20261004_prime5_analytic_delsarte_family01/case_0060.json
 create mode 100644 acceleration/results/20261004_prime5_analytic_delsarte_family01/case_0060_checkpoint.json
 create mode 100644 acceleration/results/20261004_prime5_analytic_delsarte_family01/case_0061.json
 create mode 100644 acceleration/results/20261004_prime5_analytic_delsarte_family01/case_0061_checkpoint.json
 create mode 100644 acceleration/results/20261004_prime5_analytic_delsarte_family01/case_0062.json
 create mode 100644 acceleration/results/20261004_prime5_analytic_delsarte_family01/case_0062_checkpoint.json
 create mode 100644 acceleration/results/20261004_prime5_analytic_delsarte_family01/case_0063.json
 create mode 100644 acceleration/results/20261004_prime5_analytic_delsarte_family01/case_0063_checkpoint.json
 create mode 100644 acceleration/results/20261004_prime5_analytic_delsarte_family01/case_0064.json
 create mode 100644 acceleration/results/20261004_prime5_analytic_delsarte_family01/case_0064_checkpoint.json
 create mode 100644 acceleration/results/20261004_prime5_analytic_delsarte_family01/case_0065.json
 create mode 100644 acceleration/results/20261004_prime5_analytic_delsarte_family01/case_0065_checkpoint.json
 create mode 100644 acceleration/results/20261004_prime5_analytic_delsarte_family01/case_0066.json
 create mode 100644 acceleration/results/20261004_prime5_analytic_delsarte_family01/case_0066_checkpoint.json
 create mode 100644 acceleration/results/20261004_prime5_analytic_delsarte_family01/case_0067.json
 create mode 100644 acceleration/results/20261004_prime5_analytic_delsarte_family01/case_0067_checkpoint.json
 create mode 100644 acceleration/results/20261004_prime5_analytic_delsarte_family01/case_0068.json
 create mode 100644 acceleration/results/20261004_prime5_analytic_delsarte_family01/case_0068_checkpoint.json
 create mode 100644 acceleration/results/20261004_prime5_analytic_delsarte_family01/case_0069.json
 create mode 100644 acceleration/results/20261004_prime5_analytic_delsarte_family01/case_0069_checkpoint.json
 create mode 100644 acceleration/results/20261004_prime5_analytic_delsarte_family01/case_0070.json
 create mode 100644 acceleration/results/20261004_prime5_analytic_delsarte_family01/case_0070_checkpoint.json
 create mode 100644 acceleration/results/20261004_prime5_analytic_delsarte_family01/case_0071.json
 create mode 100644 acceleration/results/20261004_prime5_analytic_delsarte_family01/case_0071_checkpoint.json
 create mode 100644 acceleration/results/20261004_prime5_analytic_delsarte_family01/case_0072.json
 create mode 100644 acceleration/results/20261004_prime5_analytic_delsarte_family01/case_0072_checkpoint.json
 create mode 100644 acceleration/results/20261004_prime5_analytic_delsarte_family01/case_0073.json
 create mode 100644 acceleration/results/20261004_prime5_analytic_delsarte_family01/case_0073_checkpoint.json
 create mode 100644 acceleration/results/20261004_prime5_analytic_delsarte_family01/case_0074.json
 create mode 100644 acceleration/results/20261004_prime5_analytic_delsarte_family01/case_0074_checkpoint.json
 create mode 100644 acceleration/results/20261004_prime5_analytic_delsarte_family01/case_0075.json
 create mode 100644 acceleration/results/20261004_prime5_analytic_delsarte_family01/case_0075_checkpoint.json
 create mode 100644 acceleration/results/20261004_prime5_analytic_delsarte_family01/case_0076.json
 create mode 100644 acceleration/results/20261004_prime5_analytic_delsarte_family01/case_0076_checkpoint.json
 create mode 100644 acceleration/results/20261004_prime5_analytic_delsarte_family01/case_0077.json
 create mode 100644 acceleration/results/20261004_prime5_analytic_delsarte_family01/case_0077_checkpoint.json
 create mode 100644 acceleration/results/20261004_prime5_analytic_delsarte_family01/case_0078.json
 create mode 100644 acceleration/results/20261004_prime5_analytic_delsarte_family01/case_0078_checkpoint.json
 create mode 100644 acceleration/results/20261004_prime5_analytic_delsarte_family01/case_0079.json
 create mode 100644 acceleration/results/20261004_prime5_analytic_delsarte_family01/case_0079_checkpoint.json
 create mode 100644 acceleration/results/20261004_prime5_analytic_delsarte_family01/case_0080.json
 create mode 100644 acceleration/results/20261004_prime5_analytic_delsarte_family01/case_0080_checkpoint.json
 create mode 100644 acceleration/results/20261004_prime5_analytic_delsarte_family01/case_0081.json
 create mode 100644 acceleration/results/20261004_prime5_analytic_delsarte_family01/case_0081_checkpoint.json
 create mode 100644 acceleration/results/20261004_prime5_analytic_delsarte_family01/case_0082.json
 create mode 100644 acceleration/results/20261004_prime5_analytic_delsarte_family01/case_0082_checkpoint.json
 create mode 100644 acceleration/results/20261004_prime5_analytic_delsarte_family01/case_0083.json
 create mode 100644 acceleration/results/20261004_prime5_analytic_delsarte_family01/case_0083_checkpoint.json
 create mode 100644 acceleration/results/20261004_prime5_analytic_delsarte_family01/case_0084.json
 create mode 100644 acceleration/results/20261004_prime5_analytic_delsarte_family01/case_0084_checkpoint.json
 create mode 100644 acceleration/results/20261004_prime5_analytic_delsarte_family01/case_0085.json
 create mode 100644 acceleration/results/20261004_prime5_analytic_delsarte_family01/case_0085_checkpoint.json
 create mode 100644 acceleration/results/20261004_prime5_analytic_delsarte_family01/case_0086.json
 create mode 100644 acceleration/results/20261004_prime5_analytic_delsarte_family01/case_0086_checkpoint.json
 create mode 100644 acceleration/results/20261004_prime5_analytic_delsarte_family01/case_0087.json
 create mode 100644 acceleration/results/20261004_prime5_analytic_delsarte_family01/case_0087_checkpoint.json
 create mode 100644 acceleration/results/20261004_prime5_analytic_delsarte_family01/case_0088.json
 create mode 100644 acceleration/results/20261004_prime5_analytic_delsarte_family01/case_0088_checkpoint.json
 create mode 100644 acceleration/results/20261004_prime5_analytic_delsarte_family01/case_0089.json
 create mode 100644 acceleration/results/20261004_prime5_analytic_delsarte_family01/case_0089_checkpoint.json
 create mode 100644 acceleration/results/20261004_prime5_analytic_delsarte_family01/case_0090.json
 create mode 100644 acceleration/results/20261004_prime5_analytic_delsarte_family01/case_0090_checkpoint.json
 create mode 100644 acceleration/results/20261004_prime5_analytic_delsarte_family01/case_0091.json
 create mode 100644 acceleration/results/20261004_prime5_analytic_delsarte_family01/case_0091_checkpoint.json
 create mode 100644 acceleration/results/20261004_prime5_analytic_delsarte_family01/case_0092.json
 create mode 100644 acceleration/results/20261004_prime5_analytic_delsarte_family01/case_0092_checkpoint.json
 create mode 100644 acceleration/results/20261004_prime5_analytic_delsarte_family01/case_0093.json
 create mode 100644 acceleration/results/20261004_prime5_analytic_delsarte_family01/case_0093_checkpoint.json
 create mode 100644 acceleration/results/20261004_prime5_analytic_delsarte_family01/case_0094.json
 create mode 100644 acceleration/results/20261004_prime5_analytic_delsarte_family01/case_0094_checkpoint.json
 create mode 100644 acceleration/results/20261004_prime5_analytic_delsarte_family01/case_0095.json
 create mode 100644 acceleration/results/20261004_prime5_analytic_delsarte_family01/case_0095_checkpoint.json
 create mode 100644 acceleration/results/20261004_prime5_analytic_delsarte_family01/case_0096.json
 create mode 100644 acceleration/results/20261004_prime5_analytic_delsarte_family01/case_0096_checkpoint.json
 create mode 100644 acceleration/results/20261004_prime5_analytic_delsarte_family01/case_0097.json
 create mode 100644 acceleration/results/20261004_prime5_analytic_delsarte_family01/case_0097_checkpoint.json
 create mode 100644 acceleration/results/20261004_prime5_analytic_delsarte_family01/case_0098.json
 create mode 100644 acceleration/results/20261004_prime5_analytic_delsarte_family01/case_0098_checkpoint.json
 create mode 100644 acceleration/results/20261004_prime5_analytic_delsarte_family01/case_0099.json
 create mode 100644 acceleration/results/20261004_prime5_analytic_delsarte_family01/case_0099_checkpoint.json
 create mode 100644 acceleration/results/20261004_prime5_analytic_delsarte_family01/case_0100.json
 create mode 100644 acceleration/results/20261004_prime5_analytic_delsarte_family01/case_0100_checkpoint.json
 create mode 100644 acceleration/results/20261004_prime5_analytic_delsarte_family01/case_0101.json
 create mode 100644 acceleration/results/20261004_prime5_analytic_delsarte_family01/case_0101_checkpoint.json
 create mode 100644 acceleration/results/20261004_prime5_analytic_delsarte_family01/case_0102.json
 create mode 100644 acceleration/results/20261004_prime5_analytic_delsarte_family01/case_0102_checkpoint.json
 create mode 100644 acceleration/results/20261004_prime5_analytic_delsarte_family01/case_0103.json
 create mode 100644 acceleration/results/20261004_prime5_analytic_delsarte_family01/case_0103_checkpoint.json
 create mode 100644 acceleration/results/20261004_prime5_analytic_delsarte_family01/case_0104.json
 create mode 100644 acceleration/results/20261004_prime5_analytic_delsarte_family01/case_0104_checkpoint.json
 create mode 100644 acceleration/results/20261004_prime5_analytic_delsarte_family01/case_0105.json
 create mode 100644 acceleration/results/20261004_prime5_analytic_delsarte_family01/case_0105_checkpoint.json
 create mode 100644 acceleration/results/20261004_prime5_analytic_delsarte_family01/case_0106.json
 create mode 100644 acceleration/results/20261004_prime5_analytic_delsarte_family01/case_0106_checkpoint.json
 create mode 100644 acceleration/results/20261004_prime5_analytic_delsarte_family01/case_0107.json
 create mode 100644 acceleration/results/20261004_prime5_analytic_delsarte_family01/case_0107_checkpoint.json
 create mode 100644 acceleration/results/20261004_prime5_analytic_delsarte_family01/case_0108.json
 create mode 100644 acceleration/results/20261004_prime5_analytic_delsarte_family01/case_0108_checkpoint.json
 create mode 100644 acceleration/results/20261004_prime5_analytic_delsarte_family01/case_0109.json
 create mode 100644 acceleration/results/20261004_prime5_analytic_delsarte_family01/case_0109_checkpoint.json
 create mode 100644 acceleration/results/20261004_prime5_analytic_delsarte_family01/case_0110.json
 create mode 100644 acceleration/results/20261004_prime5_analytic_delsarte_family01/case_0110_checkpoint.json
 create mode 100644 acceleration/results/20261004_prime5_analytic_delsarte_family01/case_0111.json
 create mode 100644 acceleration/results/20261004_prime5_analytic_delsarte_family01/case_0111_checkpoint.json
 create mode 100644 acceleration/results/20261004_prime5_analytic_delsarte_family01/case_0112.json
 create mode 100644 acceleration/results/20261004_prime5_analytic_delsarte_family01/case_0112_checkpoint.json
 create mode 100644 acceleration/results/20261004_prime5_analytic_delsarte_family01/case_0113.json
 create mode 100644 acceleration/results/20261004_prime5_analytic_delsarte_family01/case_0113_checkpoint.json
 create mode 100644 acceleration/results/20261004_prime5_analytic_delsarte_family01/case_0114.json
 create mode 100644 acceleration/results/20261004_prime5_analytic_delsarte_family01/case_0114_checkpoint.json
 create mode 100644 acceleration/results/20261004_prime5_analytic_delsarte_family01/case_0115.json
 create mode 100644 acceleration/results/20261004_prime5_analytic_delsarte_family01/case_0115_checkpoint.json
 create mode 100644 acceleration/results/20261004_prime5_analytic_delsarte_family01/case_0116.json
 create mode 100644 acceleration/results/20261004_prime5_analytic_delsarte_family01/case_0116_checkpoint.json
 create mode 100644 acceleration/results/20261004_prime5_analytic_delsarte_family01/case_0117.json
 create mode 100644 acceleration/results/20261004_prime5_analytic_delsarte_family01/case_0117_checkpoint.json
 create mode 100644 acceleration/results/20261004_prime5_analytic_delsarte_family01/case_0118.json
 create mode 100644 acceleration/results/20261004_prime5_analytic_delsarte_family01/case_0118_checkpoint.json
 create mode 100644 acceleration/results/20261004_prime5_analytic_delsarte_family01/case_0119.json
 create mode 100644 acceleration/results/20261004_prime5_analytic_delsarte_family01/case_0119_checkpoint.json
 create mode 100644 acceleration/results/20261004_prime5_analytic_delsarte_family01/case_0120.json
 create mode 100644 acceleration/results/20261004_prime5_analytic_delsarte_family01/case_0120_checkpoint.json
 create mode 100644 acceleration/results/20261004_prime5_analytic_delsarte_family01/case_0121.json
 create mode 100644 acceleration/results/20261004_prime5_analytic_delsarte_family01/case_0121_checkpoint.json
 create mode 100644 acceleration/results/20261004_prime5_analytic_delsarte_family01/case_0122.json
 create mode 100644 acceleration/results/20261004_prime5_analytic_delsarte_family01/case_0122_checkpoint.json
 create mode 100644 acceleration/results/20261004_prime5_analytic_delsarte_family01/case_0123.json
 create mode 100644 acceleration/results/20261004_prime5_analytic_delsarte_family01/case_0123_checkpoint.json
 create mode 100644 acceleration/results/20261004_prime5_analytic_delsarte_family01/case_0124.json
 create mode 100644 acceleration/results/20261004_prime5_analytic_delsarte_family01/case_0124_checkpoint.json
 create mode 100644 acceleration/results/20261004_prime5_analytic_delsarte_family01/case_0125.json
 create mode 100644 acceleration/results/20261004_prime5_analytic_delsarte_family01/case_0125_checkpoint.json
 create mode 100644 acceleration/results/20261004_prime5_analytic_delsarte_family01/case_0126.json
 create mode 100644 acceleration/results/20261004_prime5_analytic_delsarte_family01/case_0126_checkpoint.json
 create mode 100644 acceleration/results/20261004_prime5_analytic_delsarte_family01/case_0127.json
 create mode 100644 acceleration/results/20261004_prime5_analytic_delsarte_family01/case_0127_checkpoint.json
 create mode 100644 acceleration/results/20261004_prime5_analytic_delsarte_family01/case_0128.json
 create mode 100644 acceleration/results/20261004_prime5_analytic_delsarte_family01/case_0128_checkpoint.json
 create mode 100644 acceleration/results/20261004_prime5_analytic_delsarte_family01/case_0129.json
 create mode 100644 acceleration/results/20261004_prime5_analytic_delsarte_family01/case_0129_checkpoint.json
 create mode 100644 acceleration/results/20261004_prime5_analytic_delsarte_family01/case_0130.json
 create mode 100644 acceleration/results/20261004_prime5_analytic_delsarte_family01/case_0130_checkpoint.json
 create mode 100644 acceleration/results/20261004_prime5_analytic_delsarte_family01/case_0131.json
 create mode 100644 acceleration/results/20261004_prime5_analytic_delsarte_family01/case_0131_checkpoint.json
 create mode 100644 acceleration/results/20261004_prime5_analytic_delsarte_family01/case_0132.json
 create mode 100644 acceleration/results/20261004_prime5_analytic_delsarte_family01/case_0132_checkpoint.json
 create mode 100644 acceleration/results/20261004_prime5_analytic_delsarte_family01/case_0133.json
 create mode 100644 acceleration/results/20261004_prime5_analytic_delsarte_family01/case_0133_checkpoint.json
 create mode 100644 acceleration/results/20261004_prime5_analytic_delsarte_family01/case_0134.json
 create mode 100644 acceleration/results/20261004_prime5_analytic_delsarte_family01/case_0134_checkpoint.json
 create mode 100644 acceleration/results/20261004_prime5_analytic_delsarte_family01/case_0135.json
 create mode 100644 acceleration/results/20261004_prime5_analytic_delsarte_family01/case_0135_checkpoint.json
 create mode 100644 acceleration/results/20261004_prime5_analytic_delsarte_family01/case_0136.json
 create mode 100644 acceleration/results/20261004_prime5_analytic_delsarte_family01/case_0136_checkpoint.json
 create mode 100644 acceleration/results/20261004_prime5_analytic_delsarte_family01/case_0137.json
 create mode 100644 acceleration/results/20261004_prime5_analytic_delsarte_family01/case_0137_checkpoint.json
 create mode 100644 acceleration/results/20261004_prime5_analytic_delsarte_family01/case_0138.json
 create mode 100644 acceleration/results/20261004_prime5_analytic_delsarte_family01/case_0138_checkpoint.json
 create mode 100644 acceleration/results/20261004_prime5_analytic_delsarte_family01/case_0139.json
 create mode 100644 acceleration/results/20261004_prime5_analytic_delsarte_family01/case_0139_checkpoint.json
 create mode 100644 acceleration/results/20261004_prime5_analytic_delsarte_family01/case_0140.json
 create mode 100644 acceleration/results/20261004_prime5_analytic_delsarte_family01/case_0140_checkpoint.json
 create mode 100644 acceleration/results/20261004_prime5_analytic_delsarte_family01/case_0141.json
 create mode 100644 acceleration/results/20261004_prime5_analytic_delsarte_family01/case_0141_checkpoint.json
 create mode 100644 acceleration/results/20261004_prime5_analytic_delsarte_family01/case_0142.json
 create mode 100644 acceleration/results/20261004_prime5_analytic_delsarte_family01/case_0142_checkpoint.json
 create mode 100644 acceleration/results/20261004_prime5_analytic_delsarte_family01/case_0143.json
 create mode 100644 acceleration/results/20261004_prime5_analytic_delsarte_family01/case_0143_checkpoint.json
 create mode 100644 acceleration/results/20261004_prime5_analytic_delsarte_family01/case_0144.json
 create mode 100644 acceleration/results/20261004_prime5_analytic_delsarte_family01/case_0144_checkpoint.json
 create mode 100644 acceleration/results/20261004_prime5_analytic_delsarte_family01/case_0145.json
 create mode 100644 acceleration/results/20261004_prime5_analytic_delsarte_family01/case_0145_checkpoint.json
 create mode 100644 acceleration/results/20261004_prime5_analytic_delsarte_family01/case_0146.json
 create mode 100644 acceleration/results/20261004_prime5_analytic_delsarte_family01/case_0146_checkpoint.json
 create mode 100644 acceleration/results/20261004_prime5_analytic_delsarte_family01/case_0147.json
 create mode 100644 acceleration/results/20261004_prime5_analytic_delsarte_family01/case_0147_checkpoint.json
 create mode 100644 acceleration/results/20261004_prime5_analytic_delsarte_family01/case_0148.json
 create mode 100644 acceleration/results/20261004_prime5_analytic_delsarte_family01/case_0148_checkpoint.json
 create mode 100644 acceleration/results/20261004_prime5_analytic_delsarte_family01/case_0149.json
 create mode 100644 acceleration/results/20261004_prime5_analytic_delsarte_family01/case_0149_checkpoint.json
 create mode 100644 acceleration/results/20261004_prime5_analytic_delsarte_family01/case_0150.json
 create mode 100644 acceleration/results/20261004_prime5_analytic_delsarte_family01/case_0150_checkpoint.json
 create mode 100644 acceleration/results/20261004_prime5_analytic_delsarte_family01/case_0151.json
 create mode 100644 acceleration/results/20261004_prime5_analytic_delsarte_family01/case_0151_checkpoint.json
 create mode 100644 acceleration/results/20261004_prime5_analytic_delsarte_family01/case_0152.json
 create mode 100644 acceleration/results/20261004_prime5_analytic_delsarte_family01/case_0152_checkpoint.json
 create mode 100644 acceleration/results/20261004_prime5_analytic_delsarte_family01/case_0153.json
 create mode 100644 acceleration/results/20261004_prime5_analytic_delsarte_family01/case_0153_checkpoint.json
 create mode 100644 acceleration/results/20261004_prime5_analytic_delsarte_family01/case_0154.json
 create mode 100644 acceleration/results/20261004_prime5_analytic_delsarte_family01/case_0154_checkpoint.json
 create mode 100644 acceleration/results/20261004_prime5_analytic_delsarte_family01/case_0155.json
 create mode 100644 acceleration/results/20261004_prime5_analytic_delsarte_family01/case_0155_checkpoint.json
 create mode 100644 acceleration/results/20261004_prime5_analytic_delsarte_family01/case_0156.json
 create mode 100644 acceleration/results/20261004_prime5_analytic_delsarte_family01/case_0156_checkpoint.json
 create mode 100644 acceleration/results/20261004_prime5_analytic_delsarte_family01/case_0157.json
 create mode 100644 acceleration/results/20261004_prime5_analytic_delsarte_family01/case_0157_checkpoint.json
 create mode 100644 acceleration/results/20261004_prime5_analytic_delsarte_family01/case_0158.json
 create mode 100644 acceleration/results/20261004_prime5_analytic_delsarte_family01/case_0158_checkpoint.json
 create mode 100644 acceleration/results/20261004_prime5_analytic_delsarte_family01/case_0159.json
 create mode 100644 acceleration/results/20261004_prime5_analytic_delsarte_family01/case_0159_checkpoint.json
 create mode 100644 acceleration/results/20261004_prime5_analytic_delsarte_family01/case_0160.json
 create mode 100644 acceleration/results/20261004_prime5_analytic_delsarte_family01/case_0160_checkpoint.json
 create mode 100644 acceleration/results/20261004_prime5_analytic_delsarte_family01/case_0161.json
 create mode 100644 acceleration/results/20261004_prime5_analytic_delsarte_family01/case_0161_checkpoint.json
 create mode 100644 acceleration/results/20261004_prime5_analytic_delsarte_family01/case_0162.json
 create mode 100644 acceleration/results/20261004_prime5_analytic_delsarte_family01/case_0162_checkpoint.json
 create mode 100644 acceleration/results/20261004_prime5_analytic_delsarte_family01/case_0163.json
 create mode 100644 acceleration/results/20261004_prime5_analytic_delsarte_family01/case_0163_checkpoint.json
 create mode 100644 acceleration/results/20261004_prime5_analytic_delsarte_family01/case_0164.json
 create mode 100644 acceleration/results/20261004_prime5_analytic_delsarte_family01/case_0164_checkpoint.json
 create mode 100644 acceleration/results/20261004_prime5_analytic_delsarte_family01/case_0165.json
 create mode 100644 acceleration/results/20261004_prime5_analytic_delsarte_family01/case_0165_checkpoint.json
 create mode 100644 acceleration/results/20261004_prime5_analytic_delsarte_family01/case_0166.json
 create mode 100644 acceleration/results/20261004_prime5_analytic_delsarte_family01/case_0166_checkpoint.json
 create mode 100644 acceleration/results/20261004_prime5_analytic_delsarte_family01/case_0167.json
 create mode 100644 acceleration/results/20261004_prime5_analytic_delsarte_family01/case_0167_checkpoint.json
 create mode 100644 acceleration/results/20261004_prime5_analytic_delsarte_family01/case_0168.json
 create mode 100644 acceleration/results/20261004_prime5_analytic_delsarte_family01/case_0168_checkpoint.json
 create mode 100644 acceleration/results/20261004_prime5_analytic_delsarte_family01/case_0169.json
 create mode 100644 acceleration/results/20261004_prime5_analytic_delsarte_family01/case_0169_checkpoint.json
 create mode 100644 acceleration/results/20261004_prime5_analytic_delsarte_family01/case_0170.json
 create mode 100644 acceleration/results/20261004_prime5_analytic_delsarte_family01/case_0170_checkpoint.json
 create mode 100644 acceleration/results/20261004_prime5_analytic_delsarte_family01/case_0171.json
 create mode 100644 acceleration/results/20261004_prime5_analytic_delsarte_family01/case_0171_checkpoint.json
 create mode 100644 acceleration/results/20261004_prime5_analytic_delsarte_family01/case_0172.json
 create mode 100644 acceleration/results/20261004_prime5_analytic_delsarte_family01/case_0172_checkpoint.json
 create mode 100644 acceleration/results/20261004_prime5_analytic_delsarte_family01/case_0173.json
 create mode 100644 acceleration/results/20261004_prime5_analytic_delsarte_family01/case_0173_checkpoint.json
 create mode 100644 acceleration/results/20261004_prime5_analytic_delsarte_family01/case_0174.json
 create mode 100644 acceleration/results/20261004_prime5_analytic_delsarte_family01/case_0174_checkpoint.json
 create mode 100644 acceleration/results/20261004_prime5_analytic_delsarte_family01/case_0175.json
 create mode 100644 acceleration/results/20261004_prime5_analytic_delsarte_family01/case_0175_checkpoint.json
 create mode 100644 acceleration/results/20261004_prime5_analytic_delsarte_family01/case_0176.json
 create mode 100644 acceleration/results/20261004_prime5_analytic_delsarte_family01/case_0176_checkpoint.json
 create mode 100644 acceleration/results/20261004_prime5_analytic_delsarte_family01/case_0177.json
 create mode 100644 acceleration/results/20261004_prime5_analytic_delsarte_family01/case_0177_checkpoint.json
 create mode 100644 acceleration/results/20261004_prime5_analytic_delsarte_family01/case_0178.json
 create mode 100644 acceleration/results/20261004_prime5_analytic_delsarte_family01/case_0178_checkpoint.json
 create mode 100644 acceleration/results/20261004_prime5_analytic_delsarte_family01/case_0179.json
 create mode 100644 acceleration/results/20261004_prime5_analytic_delsarte_family01/case_0179_checkpoint.json
 create mode 100644 acceleration/results/20261004_prime5_analytic_delsarte_family01/case_0180.json
 create mode 100644 acceleration/results/20261004_prime5_analytic_delsarte_family01/case_0180_checkpoint.json
 create mode 100644 acceleration/results/20261004_prime5_analytic_delsarte_family01/case_0181.json
 create mode 100644 acceleration/results/20261004_prime5_analytic_delsarte_family01/case_0181_checkpoint.json
 create mode 100644 acceleration/results/20261004_prime5_analytic_delsarte_family01/case_0182.json
 create mode 100644 acceleration/results/20261004_prime5_analytic_delsarte_family01/case_0182_checkpoint.json
 create mode 100644 acceleration/results/20261004_prime5_analytic_delsarte_family01/case_0183.json
 create mode 100644 acceleration/results/20261004_prime5_analytic_delsarte_family01/case_0183_checkpoint.json
 create mode 100644 acceleration/results/20261004_prime5_analytic_delsarte_family01/case_0184.json
 create mode 100644 acceleration/results/20261004_prime5_analytic_delsarte_family01/case_0184_checkpoint.json
 create mode 100644 acceleration/results/20261004_prime5_analytic_delsarte_family01/case_0185.json
 create mode 100644 acceleration/results/20261004_prime5_analytic_delsarte_family01/case_0185_checkpoint.json
 create mode 100644 acceleration/results/20261004_prime5_analytic_delsarte_family01/case_0186.json
 create mode 100644 acceleration/results/20261004_prime5_analytic_delsarte_family01/case_0186_checkpoint.json
 create mode 100644 acceleration/results/20261004_prime5_analytic_delsarte_family01/case_0187.json
 create mode 100644 acceleration/results/20261004_prime5_analytic_delsarte_family01/case_0187_checkpoint.json
 create mode 100644 acceleration/results/20261004_prime5_analytic_delsarte_family01/case_0188.json
 create mode 100644 acceleration/results/20261004_prime5_analytic_delsarte_family01/case_0188_checkpoint.json
 create mode 100644 acceleration/results/20261004_prime5_analytic_delsarte_family01/case_0189.json
 create mode 100644 acceleration/results/20261004_prime5_analytic_delsarte_family01/case_0189_checkpoint.json
 create mode 100644 acceleration/results/20261004_prime5_analytic_delsarte_family01/case_0190.json
 create mode 100644 acceleration/results/20261004_prime5_analytic_delsarte_family01/case_0190_checkpoint.json
 create mode 100644 acceleration/results/20261004_prime5_analytic_delsarte_family01/case_0191.json
 create mode 100644 acceleration/results/20261004_prime5_analytic_delsarte_family01/case_0191_checkpoint.json
 create mode 100644 acceleration/results/20261004_prime5_analytic_delsarte_family01/case_0192.json
 create mode 100644 acceleration/results/20261004_prime5_analytic_delsarte_family01/case_0192_checkpoint.json
 create mode 100644 acceleration/results/20261004_prime5_analytic_delsarte_family01/case_0193.json
 create mode 100644 acceleration/results/20261004_prime5_analytic_delsarte_family01/case_0193_checkpoint.json
 create mode 100644 acceleration/results/20261004_prime5_analytic_delsarte_family01/case_0194.json
 create mode 100644 acceleration/results/20261004_prime5_analytic_delsarte_family01/case_0194_checkpoint.json
 create mode 100644 acceleration/results/20261004_prime5_analytic_delsarte_family01/case_0195.json
 create mode 100644 acceleration/results/20261004_prime5_analytic_delsarte_family01/case_0195_checkpoint.json
 create mode 100644 acceleration/results/20261004_prime5_analytic_delsarte_family01/case_0196.json
 create mode 100644 acceleration/results/20261004_prime5_analytic_delsarte_family01/case_0196_checkpoint.json
 create mode 100644 acceleration/results/20261004_prime5_analytic_delsarte_family01/case_0197.json
 create mode 100644 acceleration/results/20261004_prime5_analytic_delsarte_family01/case_0197_checkpoint.json
 create mode 100644 acceleration/results/20261004_prime5_analytic_delsarte_family01/case_0198.json
 create mode 100644 acceleration/results/20261004_prime5_analytic_delsarte_family01/case_0198_checkpoint.json
 create mode 100644 acceleration/results/20261004_prime5_analytic_delsarte_family01/case_0199.json
 create mode 100644 acceleration/results/20261004_prime5_analytic_delsarte_family01/case_0199_checkpoint.json
 create mode 100644 acceleration/results/20261004_prime5_analytic_delsarte_family01/case_0200.json
 create mode 100644 acceleration/results/20261004_prime5_analytic_delsarte_family01/case_0200_checkpoint.json
 create mode 100644 acceleration/results/20261004_prime5_analytic_delsarte_family01/case_0201.json
 create mode 100644 acceleration/results/20261004_prime5_analytic_delsarte_family01/case_0201_checkpoint.json
 create mode 100644 acceleration/results/20261004_prime5_analytic_delsarte_family01/case_0202.json
 create mode 100644 acceleration/results/20261004_prime5_analytic_delsarte_family01/case_0202_checkpoint.json
 create mode 100644 acceleration/results/20261004_prime5_analytic_delsarte_family01/case_0203.json
 create mode 100644 acceleration/results/20261004_prime5_analytic_delsarte_family01/case_0203_checkpoint.json
 create mode 100644 acceleration/results/20261004_prime5_analytic_delsarte_family01/case_0204.json
 create mode 100644 acceleration/results/20261004_prime5_analytic_delsarte_family01/case_0204_checkpoint.json
 create mode 100644 acceleration/results/20261004_prime5_analytic_delsarte_family01/case_0205.json
 create mode 100644 acceleration/results/20261004_prime5_analytic_delsarte_family01/case_0205_checkpoint.json
 create mode 100644 acceleration/results/20261004_prime5_analytic_delsarte_family01/case_0206.json
 create mode 100644 acceleration/results/20261004_prime5_analytic_delsarte_family01/case_0206_checkpoint.json
 create mode 100644 acceleration/results/20261004_prime5_analytic_delsarte_family01/case_0207.json
 create mode 100644 acceleration/results/20261004_prime5_analytic_delsarte_family01/case_0207_checkpoint.json
 create mode 100644 acceleration/results/20261004_prime5_analytic_delsarte_family01/case_0208.json
 create mode 100644 acceleration/results/20261004_prime5_analytic_delsarte_family01/case_0208_checkpoint.json
 create mode 100644 acceleration/results/20261004_prime5_analytic_delsarte_family01/case_0209.json
 create mode 100644 acceleration/results/20261004_prime5_analytic_delsarte_family01/case_0209_checkpoint.json
 create mode 100644 acceleration/results/20261004_prime5_analytic_delsarte_family01/case_0210.json
 create mode 100644 acceleration/results/20261004_prime5_analytic_delsarte_family01/case_0210_checkpoint.json
 create mode 100644 acceleration/results/20261004_prime5_analytic_delsarte_family01/case_0211.json
 create mode 100644 acceleration/results/20261004_prime5_analytic_delsarte_family01/case_0211_checkpoint.json
 create mode 100644 acceleration/results/20261004_prime5_analytic_delsarte_family01/case_0212.json
 create mode 100644 acceleration/results/20261004_prime5_analytic_delsarte_family01/case_0212_checkpoint.json
 create mode 100644 acceleration/results/20261004_prime5_analytic_delsarte_family01/case_0213.json
 create mode 100644 acceleration/results/20261004_prime5_analytic_delsarte_family01/case_0213_checkpoint.json
 create mode 100644 acceleration/results/20261004_prime5_analytic_delsarte_family01/case_0214.json
 create mode 100644 acceleration/results/20261004_prime5_analytic_delsarte_family01/case_0214_checkpoint.json
 create mode 100644 acceleration/results/20261004_prime5_analytic_delsarte_family01/case_0215.json
 create mode 100644 acceleration/results/20261004_prime5_analytic_delsarte_family01/case_0215_checkpoint.json
 create mode 100644 acceleration/results/20261004_prime5_analytic_delsarte_family01/case_0216.json
 create mode 100644 acceleration/results/20261004_prime5_analytic_delsarte_family01/case_0216_checkpoint.json
 create mode 100644 acceleration/results/20261004_prime5_analytic_delsarte_family01/case_0217.json
 create mode 100644 acceleration/results/20261004_prime5_analytic_delsarte_family01/case_0217_checkpoint.json
 create mode 100644 acceleration/results/20261004_prime5_analytic_delsarte_family01/case_0218.json
 create mode 100644 acceleration/results/20261004_prime5_analytic_delsarte_family01/case_0218_checkpoint.json
 create mode 100644 acceleration/results/20261004_prime5_analytic_delsarte_family01/case_0219.json
 create mode 100644 acceleration/results/20261004_prime5_analytic_delsarte_family01/case_0219_checkpoint.json
 create mode 100644 acceleration/results/20261004_prime5_analytic_delsarte_family01/case_0220.json
 create mode 100644 acceleration/results/20261004_prime5_analytic_delsarte_family01/case_0220_checkpoint.json
 create mode 100644 acceleration/results/20261004_prime5_analytic_delsarte_family01/case_0221.json
 create mode 100644 acceleration/results/20261004_prime5_analytic_delsarte_family01/case_0221_checkpoint.json
 create mode 100644 acceleration/results/20261004_prime5_analytic_delsarte_family01/case_0222.json
 create mode 100644 acceleration/results/20261004_prime5_analytic_delsarte_family01/case_0222_checkpoint.json
 create mode 100644 acceleration/results/20261004_prime5_analytic_delsarte_family01/case_0223.json
 create mode 100644 acceleration/results/20261004_prime5_analytic_delsarte_family01/case_0223_checkpoint.json
 create mode 100644 acceleration/results/20261004_prime5_analytic_delsarte_family01/case_0224.json
 create mode 100644 acceleration/results/20261004_prime5_analytic_delsarte_family01/case_0224_checkpoint.json
 create mode 100644 acceleration/results/20261004_prime5_analytic_delsarte_family01/case_0225.json
 create mode 100644 acceleration/results/20261004_prime5_analytic_delsarte_family01/case_0225_checkpoint.json
 create mode 100644 acceleration/results/20261004_prime5_analytic_delsarte_family01/case_0226.json
 create mode 100644 acceleration/results/20261004_prime5_analytic_delsarte_family01/case_0226_checkpoint.json
 create mode 100644 acceleration/results/20261004_prime5_analytic_delsarte_family01/case_0227.json
 create mode 100644 acceleration/results/20261004_prime5_analytic_delsarte_family01/case_0227_checkpoint.json
 create mode 100644 acceleration/results/20261004_prime5_analytic_delsarte_family01/case_0228.json
 create mode 100644 acceleration/results/20261004_prime5_analytic_delsarte_family01/case_0228_checkpoint.json
 create mode 100644 acceleration/results/20261004_prime5_analytic_delsarte_family01/case_0229.json
 create mode 100644 acceleration/results/20261004_prime5_analytic_delsarte_family01/case_0229_checkpoint.json
 create mode 100644 acceleration/results/20261004_prime5_analytic_delsarte_family01/case_0230.json
 create mode 100644 acceleration/results/20261004_prime5_analytic_delsarte_family01/case_0230_checkpoint.json
 create mode 100644 acceleration/results/20261004_prime5_analytic_delsarte_family01/case_0231.json
 create mode 100644 acceleration/results/20261004_prime5_analytic_delsarte_family01/case_0231_checkpoint.json
 create mode 100644 acceleration/results/20261004_prime5_analytic_delsarte_family01/case_0232.json
 create mode 100644 acceleration/results/20261004_prime5_analytic_delsarte_family01/case_0232_checkpoint.json
 create mode 100644 acceleration/results/20261004_prime5_analytic_delsarte_family01/case_0233.json
 create mode 100644 acceleration/results/20261004_prime5_analytic_delsarte_family01/case_0233_checkpoint.json
 create mode 100644 acceleration/results/20261004_prime5_analytic_delsarte_family01/case_0234.json
 create mode 100644 acceleration/results/20261004_prime5_analytic_delsarte_family01/case_0234_checkpoint.json
 create mode 100644 acceleration/results/20261004_prime5_analytic_delsarte_family01/case_0235.json
 create mode 100644 acceleration/results/20261004_prime5_analytic_delsarte_family01/case_0235_checkpoint.json
 create mode 100644 acceleration/results/20261004_prime5_analytic_delsarte_family01/case_0236.json
 create mode 100644 acceleration/results/20261004_prime5_analytic_delsarte_family01/case_0236_checkpoint.json
 create mode 100644 acceleration/results/20261004_prime5_analytic_delsarte_family01/case_0237.json
 create mode 100644 acceleration/results/20261004_prime5_analytic_delsarte_family01/case_0237_checkpoint.json
 create mode 100644 acceleration/results/20261004_prime5_analytic_delsarte_family01/case_0238.json
 create mode 100644 acceleration/results/20261004_prime5_analytic_delsarte_family01/case_0238_checkpoint.json
 create mode 100644 acceleration/results/20261004_prime5_analytic_delsarte_family01/case_0239.json
 create mode 100644 acceleration/results/20261004_prime5_analytic_delsarte_family01/case_0239_checkpoint.json
 create mode 100644 acceleration/results/20261004_prime5_analytic_delsarte_family01/case_0240.json
 create mode 100644 acceleration/results/20261004_prime5_analytic_delsarte_family01/case_0240_checkpoint.json
 create mode 100644 acceleration/results/20261004_prime5_analytic_delsarte_family01/case_0241.json
 create mode 100644 acceleration/results/20261004_prime5_analytic_delsarte_family01/case_0241_checkpoint.json
 create mode 100644 acceleration/results/20261004_prime5_analytic_delsarte_family01/case_0242.json
 create mode 100644 acceleration/results/20261004_prime5_analytic_delsarte_family01/case_0242_checkpoint.json
 create mode 100644 acceleration/results/20261004_prime5_analytic_delsarte_family01/case_0243.json
 create mode 100644 acceleration/results/20261004_prime5_analytic_delsarte_family01/case_0243_checkpoint.json
 create mode 100644 acceleration/results/20261004_prime5_analytic_delsarte_family01/case_0244.json
 create mode 100644 acceleration/results/20261004_prime5_analytic_delsarte_family01/case_0244_checkpoint.json
 create mode 100644 acceleration/results/20261004_prime5_analytic_delsarte_family01/case_0245.json
 create mode 100644 acceleration/results/20261004_prime5_analytic_delsarte_family01/case_0245_checkpoint.json
 create mode 100644 acceleration/results/20261004_prime5_analytic_delsarte_family01/case_0246.json
 create mode 100644 acceleration/results/20261004_prime5_analytic_delsarte_family01/case_0246_checkpoint.json
 create mode 100644 acceleration/results/20261004_prime5_analytic_delsarte_family01/case_0247.json
 create mode 100644 acceleration/results/20261004_prime5_analytic_delsarte_family01/case_0247_checkpoint.json
 create mode 100644 acceleration/results/20261004_prime5_analytic_delsarte_family01/case_0248.json
 create mode 100644 acceleration/results/20261004_prime5_analytic_delsarte_family01/case_0248_checkpoint.json
 create mode 100644 acceleration/results/20261004_prime5_analytic_delsarte_family01/case_0249.json
 create mode 100644 acceleration/results/20261004_prime5_analytic_delsarte_family01/case_0249_checkpoint.json
 create mode 100644 acceleration/results/20261004_prime5_analytic_delsarte_family01/case_0250.json
 create mode 100644 acceleration/results/20261004_prime5_analytic_delsarte_family01/case_0250_checkpoint.json
 create mode 100644 acceleration/results/20261004_prime5_analytic_delsarte_family01/case_0251.json
 create mode 100644 acceleration/results/20261004_prime5_analytic_delsarte_family01/case_0251_checkpoint.json
 create mode 100644 acceleration/results/20261004_prime5_analytic_delsarte_family01/case_0252.json
 create mode 100644 acceleration/results/20261004_prime5_analytic_delsarte_family01/case_0252_checkpoint.json
 create mode 100644 acceleration/results/20261004_prime5_analytic_delsarte_family01/case_0253.json
 create mode 100644 acceleration/results/20261004_prime5_analytic_delsarte_family01/case_0253_checkpoint.json
 create mode 100644 acceleration/results/20261004_prime5_analytic_delsarte_family01/case_0254.json
 create mode 100644 acceleration/results/20261004_prime5_analytic_delsarte_family01/case_0254_checkpoint.json
 create mode 100644 acceleration/results/20261004_prime5_analytic_delsarte_family01/case_0255.json
 create mode 100644 acceleration/results/20261004_prime5_analytic_delsarte_family01/case_0255_checkpoint.json
 create mode 100644 acceleration/results/20261004_prime5_analytic_delsarte_family01/case_0256.json
 create mode 100644 acceleration/results/20261004_prime5_analytic_delsarte_family01/case_0256_checkpoint.json
 create mode 100644 acceleration/results/20261004_prime5_analytic_delsarte_family01/case_0257.json
 create mode 100644 acceleration/results/20261004_prime5_analytic_delsarte_family01/case_0257_checkpoint.json
 create mode 100644 acceleration/results/20261004_prime5_analytic_delsarte_family01/case_0258.json
 create mode 100644 acceleration/results/20261004_prime5_analytic_delsarte_family01/case_0258_checkpoint.json
 create mode 100644 acceleration/results/20261004_prime5_analytic_delsarte_family01/case_0259.json
 create mode 100644 acceleration/results/20261004_prime5_analytic_delsarte_family01/case_0259_checkpoint.json
 create mode 100644 acceleration/results/20261004_prime5_analytic_delsarte_family01/case_0260.json
 create mode 100644 acceleration/results/20261004_prime5_analytic_delsarte_family01/case_0260_checkpoint.json
 create mode 100644 acceleration/results/20261004_prime5_analytic_delsarte_family01/case_0261.json
 create mode 100644 acceleration/results/20261004_prime5_analytic_delsarte_family01/case_0261_checkpoint.json
 create mode 100644 acceleration/results/20261004_prime5_analytic_delsarte_family01/case_0262.json
 create mode 100644 acceleration/results/20261004_prime5_analytic_delsarte_family01/case_0262_checkpoint.json
 create mode 100644 acceleration/results/20261004_prime5_analytic_delsarte_family01/case_0263.json
 create mode 100644 acceleration/results/20261004_prime5_analytic_delsarte_family01/case_0263_checkpoint.json
 create mode 100644 acceleration/results/20261004_prime5_analytic_delsarte_family01/case_0264.json
 create mode 100644 acceleration/results/20261004_prime5_analytic_delsarte_family01/case_0264_checkpoint.json
 create mode 100644 acceleration/results/20261004_prime5_analytic_delsarte_family01/case_0265.json
 create mode 100644 acceleration/results/20261004_prime5_analytic_delsarte_family01/case_0265_checkpoint.json
 create mode 100644 acceleration/results/20261004_prime5_analytic_delsarte_family01/case_0266.json
 create mode 100644 acceleration/results/20261004_prime5_analytic_delsarte_family01/case_0266_checkpoint.json
 create mode 100644 acceleration/results/20261004_prime5_analytic_delsarte_family01/case_0267.json
 create mode 100644 acceleration/results/20261004_prime5_analytic_delsarte_family01/case_0267_checkpoint.json
 create mode 100644 acceleration/results/20261004_prime5_analytic_delsarte_family01/case_0268.json
 create mode 100644 acceleration/results/20261004_prime5_analytic_delsarte_family01/case_0268_checkpoint.json
 create mode 100644 acceleration/results/20261004_prime5_analytic_delsarte_family01/case_0269.json
 create mode 100644 acceleration/results/20261004_prime5_analytic_delsarte_family01/case_0269_checkpoint.json
 create mode 100644 acceleration/results/20261004_prime5_analytic_delsarte_family01/case_0270.json
 create mode 100644 acceleration/results/20261004_prime5_analytic_delsarte_family01/case_0270_checkpoint.json
 create mode 100644 acceleration/results/20261004_prime5_analytic_delsarte_family01/case_0271.json
 create mode 100644 acceleration/results/20261004_prime5_analytic_delsarte_family01/case_0271_checkpoint.json
 create mode 100644 acceleration/results/20261004_prime5_analytic_delsarte_family01/case_0272.json
 create mode 100644 acceleration/results/20261004_prime5_analytic_delsarte_family01/case_0272_checkpoint.json
 create mode 100644 acceleration/results/20261004_prime5_analytic_delsarte_family01/case_0273.json
 create mode 100644 acceleration/results/20261004_prime5_analytic_delsarte_family01/case_0273_checkpoint.json
 create mode 100644 acceleration/results/20261004_prime5_analytic_delsarte_family01/case_0274.json
 create mode 100644 acceleration/results/20261004_prime5_analytic_delsarte_family01/case_0274_checkpoint.json
 create mode 100644 acceleration/results/20261004_prime5_analytic_delsarte_family01/case_0275.json
 create mode 100644 acceleration/results/20261004_prime5_analytic_delsarte_family01/case_0275_checkpoint.json
 create mode 100644 acceleration/results/20261004_prime5_analytic_delsarte_family01/case_0276.json
 create mode 100644 acceleration/results/20261004_prime5_analytic_delsarte_family01/case_0276_checkpoint.json
 create mode 100644 acceleration/results/20261004_prime5_analytic_delsarte_family01/case_0277.json
 create mode 100644 acceleration/results/20261004_prime5_analytic_delsarte_family01/case_0277_checkpoint.json
 create mode 100644 acceleration/results/20261004_prime5_analytic_delsarte_family01/case_0278.json
 create mode 100644 acceleration/results/20261004_prime5_analytic_delsarte_family01/case_0278_checkpoint.json
 create mode 100644 acceleration/results/20261004_prime5_analytic_delsarte_family01/case_0279.json
 create mode 100644 acceleration/results/20261004_prime5_analytic_delsarte_family01/case_0279_checkpoint.json
 create mode 100644 acceleration/results/20261004_prime5_analytic_delsarte_family01/case_0280.json
 create mode 100644 acceleration/results/20261004_prime5_analytic_delsarte_family01/case_0280_checkpoint.json
 create mode 100644 acceleration/results/20261004_prime5_analytic_delsarte_family01/case_0281.json
 create mode 100644 acceleration/results/20261004_prime5_analytic_delsarte_family01/case_0281_checkpoint.json
 create mode 100644 acceleration/results/20261004_prime5_analytic_delsarte_family01/case_0282.json
 create mode 100644 acceleration/results/20261004_prime5_analytic_delsarte_family01/case_0282_checkpoint.json
 create mode 100644 acceleration/results/20261004_prime5_analytic_delsarte_family01/case_0283.json
 create mode 100644 acceleration/results/20261004_prime5_analytic_delsarte_family01/case_0283_checkpoint.json
 create mode 100644 acceleration/results/20261004_prime5_analytic_delsarte_family01/case_0284.json
 create mode 100644 acceleration/results/20261004_prime5_analytic_delsarte_family01/case_0284_checkpoint.json
 create mode 100644 acceleration/results/20261004_prime5_analytic_delsarte_family01/case_0285.json
 create mode 100644 acceleration/results/20261004_prime5_analytic_delsarte_family01/case_0285_checkpoint.json
 create mode 100644 acceleration/results/20261004_prime5_analytic_delsarte_family01/case_0286.json
 create mode 100644 acceleration/results/20261004_prime5_analytic_delsarte_family01/case_0286_checkpoint.json
 create mode 100644 acceleration/results/20261004_prime5_analytic_delsarte_family01/case_0287.json
 create mode 100644 acceleration/results/20261004_prime5_analytic_delsarte_family01/case_0287_checkpoint.json
 create mode 100644 acceleration/results/20261004_prime5_analytic_delsarte_family01/case_0288.json
 create mode 100644 acceleration/results/20261004_prime5_analytic_delsarte_family01/case_0288_checkpoint.json
 create mode 100644 acceleration/results/20261004_prime5_analytic_delsarte_family01/case_0289.json
 create mode 100644 acceleration/results/20261004_prime5_analytic_delsarte_family01/case_0289_checkpoint.json
 create mode 100644 acceleration/results/20261004_prime5_analytic_delsarte_family01/case_0290.json
 create mode 100644 acceleration/results/20261004_prime5_analytic_delsarte_family01/case_0290_checkpoint.json
 create mode 100644 acceleration/results/20261004_prime5_analytic_delsarte_family01/case_0291.json
 create mode 100644 acceleration/results/20261004_prime5_analytic_delsarte_family01/case_0291_checkpoint.json
 create mode 100644 acceleration/results/20261004_prime5_analytic_delsarte_family01/case_0292.json
 create mode 100644 acceleration/results/20261004_prime5_analytic_delsarte_family01/case_0292_checkpoint.json
 create mode 100644 acceleration/results/20261004_prime5_analytic_delsarte_family01/case_0293.json
 create mode 100644 acceleration/results/20261004_prime5_analytic_delsarte_family01/case_0293_checkpoint.json
 create mode 100644 acceleration/results/20261004_prime5_analytic_delsarte_family01/case_0294.json
 create mode 100644 acceleration/results/20261004_prime5_analytic_delsarte_family01/case_0294_checkpoint.json
 create mode 100644 acceleration/results/20261004_prime5_analytic_delsarte_family01/case_0295.json
 create mode 100644 acceleration/results/20261004_prime5_analytic_delsarte_family01/case_0295_checkpoint.json
 create mode 100644 acceleration/results/20261004_prime5_analytic_delsarte_family01/case_0296.json
 create mode 100644 acceleration/results/20261004_prime5_analytic_delsarte_family01/case_0296_checkpoint.json
 create mode 100644 acceleration/results/20261004_prime5_analytic_delsarte_family01/case_0297.json
 create mode 100644 acceleration/results/20261004_prime5_analytic_delsarte_family01/case_0297_checkpoint.json
 create mode 100644 acceleration/results/20261004_prime5_analytic_delsarte_family01/case_0298.json
 create mode 100644 acceleration/results/20261004_prime5_analytic_delsarte_family01/case_0298_checkpoint.json
 create mode 100644 acceleration/results/20261004_prime5_analytic_delsarte_family01/case_0299.json
 create mode 100644 acceleration/results/20261004_prime5_analytic_delsarte_family01/case_0299_checkpoint.json
 create mode 100644 acceleration/results/20261004_prime5_analytic_delsarte_family01/case_0300.json
 create mode 100644 acceleration/results/20261004_prime5_analytic_delsarte_family01/case_0300_checkpoint.json
 create mode 100644 acceleration/results/20261004_prime5_analytic_delsarte_family01/case_0301.json
 create mode 100644 acceleration/results/20261004_prime5_analytic_delsarte_family01/case_0301_checkpoint.json
 create mode 100644 acceleration/results/20261004_prime5_analytic_delsarte_family01/case_0302.json
 create mode 100644 acceleration/results/20261004_prime5_analytic_delsarte_family01/case_0302_checkpoint.json
 create mode 100644 acceleration/results/20261004_prime5_analytic_delsarte_family01/case_0303.json
 create mode 100644 acceleration/results/20261004_prime5_analytic_delsarte_family01/case_0303_checkpoint.json
 create mode 100644 acceleration/results/20261004_prime5_analytic_delsarte_family01/case_0304.json
 create mode 100644 acceleration/results/20261004_prime5_analytic_delsarte_family01/case_0304_checkpoint.json
 create mode 100644 acceleration/results/20261004_prime5_analytic_delsarte_family01/case_0305.json
 create mode 100644 acceleration/results/20261004_prime5_analytic_delsarte_family01/case_0305_checkpoint.json
 create mode 100644 acceleration/results/20261004_prime5_analytic_delsarte_family01/case_0306.json
 create mode 100644 acceleration/results/20261004_prime5_analytic_delsarte_family01/case_0306_checkpoint.json
 create mode 100644 acceleration/results/20261004_prime5_analytic_delsarte_family01/case_0307.json
 create mode 100644 acceleration/results/20261004_prime5_analytic_delsarte_family01/case_0307_checkpoint.json
 create mode 100644 acceleration/results/20261004_prime5_analytic_delsarte_family01/case_0308.json
 create mode 100644 acceleration/results/20261004_prime5_analytic_delsarte_family01/case_0308_checkpoint.json
 create mode 100644 acceleration/results/20261004_prime5_analytic_delsarte_family01/case_0309.json
 create mode 100644 acceleration/results/20261004_prime5_analytic_delsarte_family01/case_0309_checkpoint.json
 create mode 100644 acceleration/results/20261004_prime5_analytic_delsarte_family01/case_0310.json
 create mode 100644 acceleration/results/20261004_prime5_analytic_delsarte_family01/case_0310_checkpoint.json
 create mode 100644 acceleration/results/20261004_prime5_analytic_delsarte_family01/case_0311.json
 create mode 100644 acceleration/results/20261004_prime5_analytic_delsarte_family01/case_0311_checkpoint.json
 create mode 100644 acceleration/results/20261004_prime5_analytic_delsarte_family01/case_0312.json
 create mode 100644 acceleration/results/20261004_prime5_analytic_delsarte_family01/case_0312_checkpoint.json
 create mode 100644 acceleration/results/20261004_prime5_analytic_delsarte_family01/case_0313.json
 create mode 100644 acceleration/results/20261004_prime5_analytic_delsarte_family01/case_0313_checkpoint.json
 create mode 100644 acceleration/results/20261004_prime5_analytic_delsarte_family01/case_0314.json
 create mode 100644 acceleration/results/20261004_prime5_analytic_delsarte_family01/case_0314_checkpoint.json
 create mode 100644 acceleration/results/20261004_prime5_analytic_delsarte_family01/case_0315.json
 create mode 100644 acceleration/results/20261004_prime5_analytic_delsarte_family01/case_0315_checkpoint.json
 create mode 100644 acceleration/results/20261004_prime5_analytic_delsarte_family01/case_0316.json
 create mode 100644 acceleration/results/20261004_prime5_analytic_delsarte_family01/case_0316_checkpoint.json
 create mode 100644 acceleration/results/20261004_prime5_analytic_delsarte_family01/case_0317.json
 create mode 100644 acceleration/results/20261004_prime5_analytic_delsarte_family01/case_0317_checkpoint.json
 create mode 100644 acceleration/results/20261004_prime5_analytic_delsarte_family01/case_0318.json
 create mode 100644 acceleration/results/20261004_prime5_analytic_delsarte_family01/case_0318_checkpoint.json
 create mode 100644 acceleration/results/20261004_prime5_analytic_delsarte_family01/case_0319.json
 create mode 100644 acceleration/results/20261004_prime5_analytic_delsarte_family01/case_0319_checkpoint.json
 create mode 100644 acceleration/results/20261004_prime5_analytic_delsarte_family01/case_0320.json
 create mode 100644 acceleration/results/20261004_prime5_analytic_delsarte_family01/case_0320_checkpoint.json
 create mode 100644 acceleration/results/20261004_prime5_analytic_delsarte_family01/case_0321.json
 create mode 100644 acceleration/results/20261004_prime5_analytic_delsarte_family01/case_0321_checkpoint.json
 create mode 100644 acceleration/results/20261004_prime5_analytic_delsarte_family01/case_0322.json
 create mode 100644 acceleration/results/20261004_prime5_analytic_delsarte_family01/case_0322_checkpoint.json
 create mode 100644 acceleration/results/20261004_prime5_analytic_delsarte_family01/case_0323.json
 create mode 100644 acceleration/results/20261004_prime5_analytic_delsarte_family01/case_0323_checkpoint.json
 create mode 100644 acceleration/results/20261004_prime5_analytic_delsarte_family01/case_0324.json
 create mode 100644 acceleration/results/20261004_prime5_analytic_delsarte_family01/case_0324_checkpoint.json
 create mode 100644 acceleration/results/20261004_prime5_analytic_delsarte_family01/case_0325.json
 create mode 100644 acceleration/results/20261004_prime5_analytic_delsarte_family01/case_0325_checkpoint.json
 create mode 100644 acceleration/results/20261004_prime5_analytic_delsarte_family01/case_0326.json
 create mode 100644 acceleration/results/20261004_prime5_analytic_delsarte_family01/case_0326_checkpoint.json
 create mode 100644 acceleration/results/20261004_prime5_analytic_delsarte_family01/case_0327.json
 create mode 100644 acceleration/results/20261004_prime5_analytic_delsarte_family01/case_0327_checkpoint.json
 create mode 100644 acceleration/results/20261004_prime5_analytic_delsarte_family01/case_0328.json
 create mode 100644 acceleration/results/20261004_prime5_analytic_delsarte_family01/case_0328_checkpoint.json
 create mode 100644 acceleration/results/20261004_prime5_analytic_delsarte_family01/case_0329.json
 create mode 100644 acceleration/results/20261004_prime5_analytic_delsarte_family01/case_0329_checkpoint.json
 create mode 100644 acceleration/results/20261004_prime5_analytic_delsarte_family01/case_0330.json
 create mode 100644 acceleration/results/20261004_prime5_analytic_delsarte_family01/case_0330_checkpoint.json
 create mode 100644 acceleration/results/20261004_prime5_analytic_delsarte_family01/case_0331.json
 create mode 100644 acceleration/results/20261004_prime5_analytic_delsarte_family01/case_0331_checkpoint.json
 create mode 100644 acceleration/results/20261004_prime5_analytic_delsarte_family01/case_0332.json
 create mode 100644 acceleration/results/20261004_prime5_analytic_delsarte_family01/case_0332_checkpoint.json
 create mode 100644 acceleration/results/20261004_prime5_analytic_delsarte_family01/case_0333.json
 create mode 100644 acceleration/results/20261004_prime5_analytic_delsarte_family01/case_0333_checkpoint.json
 create mode 100644 acceleration/results/20261004_prime5_analytic_delsarte_family01/case_0334.json
 create mode 100644 acceleration/results/20261004_prime5_analytic_delsarte_family01/case_0334_checkpoint.json
 create mode 100644 acceleration/results/20261004_prime5_analytic_delsarte_family01/case_0335.json
 create mode 100644 acceleration/results/20261004_prime5_analytic_delsarte_family01/case_0335_checkpoint.json
 create mode 100644 acceleration/results/20261004_prime5_analytic_delsarte_family01/case_0336.json
 create mode 100644 acceleration/results/20261004_prime5_analytic_delsarte_family01/case_0336_checkpoint.json
 create mode 100644 acceleration/results/20261004_prime5_analytic_delsarte_family01/case_0337.json
 create mode 100644 acceleration/results/20261004_prime5_analytic_delsarte_family01/case_0337_checkpoint.json
 create mode 100644 acceleration/results/20261004_prime5_analytic_delsarte_family01/case_0338.json
 create mode 100644 acceleration/results/20261004_prime5_analytic_delsarte_family01/case_0338_checkpoint.json
 create mode 100644 acceleration/results/20261004_prime5_analytic_delsarte_family01/case_0339.json
 create mode 100644 acceleration/results/20261004_prime5_analytic_delsarte_family01/case_0339_checkpoint.json
 create mode 100644 acceleration/results/20261004_prime5_analytic_delsarte_family01/case_0340.json
 create mode 100644 acceleration/results/20261004_prime5_analytic_delsarte_family01/case_0340_checkpoint.json
 create mode 100644 acceleration/results/20261004_prime5_analytic_delsarte_family01/case_0341.json
 create mode 100644 acceleration/results/20261004_prime5_analytic_delsarte_family01/case_0341_checkpoint.json
 create mode 100644 acceleration/results/20261004_prime5_analytic_delsarte_family01/case_0342.json
 create mode 100644 acceleration/results/20261004_prime5_analytic_delsarte_family01/case_0342_checkpoint.json
 create mode 100644 acceleration/results/20261004_prime5_analytic_delsarte_family01/case_0343.json
 create mode 100644 acceleration/results/20261004_prime5_analytic_delsarte_family01/case_0343_checkpoint.json
 create mode 100644 acceleration/results/20261004_prime5_analytic_delsarte_family01/case_0344.json
 create mode 100644 acceleration/results/20261004_prime5_analytic_delsarte_family01/case_0344_checkpoint.json
 create mode 100644 acceleration/results/20261004_prime5_analytic_delsarte_family01/case_0345.json
 create mode 100644 acceleration/results/20261004_prime5_analytic_delsarte_family01/case_0345_checkpoint.json
 create mode 100644 acceleration/results/20261004_prime5_analytic_delsarte_family01/case_0346.json
 create mode 100644 acceleration/results/20261004_prime5_analytic_delsarte_family01/case_0346_checkpoint.json
 create mode 100644 acceleration/results/20261004_prime5_analytic_delsarte_family01/case_0347.json
 create mode 100644 acceleration/results/20261004_prime5_analytic_delsarte_family01/case_0347_checkpoint.json
 create mode 100644 acceleration/results/20261004_prime5_analytic_delsarte_family01/case_0348.json
 create mode 100644 acceleration/results/20261004_prime5_analytic_delsarte_family01/case_0348_checkpoint.json
 create mode 100644 acceleration/results/20261004_prime5_analytic_delsarte_family01/case_0349.json
 create mode 100644 acceleration/results/20261004_prime5_analytic_delsarte_family01/case_0349_checkpoint.json
 create mode 100644 acceleration/results/20261004_prime5_analytic_delsarte_family01/case_0350.json
 create mode 100644 acceleration/results/20261004_prime5_analytic_delsarte_family01/case_0350_checkpoint.json
 create mode 100644 acceleration/results/20261004_prime5_analytic_delsarte_family01/case_0351.json
 create mode 100644 acceleration/results/20261004_prime5_analytic_delsarte_family01/case_0351_checkpoint.json
 create mode 100644 acceleration/results/20261004_prime5_analytic_delsarte_family01/case_0352.json
 create mode 100644 acceleration/results/20261004_prime5_analytic_delsarte_family01/case_0352_checkpoint.json
 create mode 100644 acceleration/results/20261004_prime5_analytic_delsarte_family01/case_0353.json
 create mode 100644 acceleration/results/20261004_prime5_analytic_delsarte_family01/case_0353_checkpoint.json
 create mode 100644 acceleration/results/20261004_prime5_analytic_delsarte_family01/case_0354.json
 create mode 100644 acceleration/results/20261004_prime5_analytic_delsarte_family01/case_0354_checkpoint.json
 create mode 100644 acceleration/results/20261004_prime5_analytic_delsarte_family01/case_0355.json
 create mode 100644 acceleration/results/20261004_prime5_analytic_delsarte_family01/case_0355_checkpoint.json
 create mode 100644 acceleration/results/20261004_prime5_analytic_delsarte_family01/case_0356.json
 create mode 100644 acceleration/results/20261004_prime5_analytic_delsarte_family01/case_0356_checkpoint.json
 create mode 100644 acceleration/results/20261004_prime5_analytic_delsarte_family01/case_0357.json
 create mode 100644 acceleration/results/20261004_prime5_analytic_delsarte_family01/case_0357_checkpoint.json
 create mode 100644 acceleration/results/20261004_prime5_analytic_delsarte_family01/case_0358.json
 create mode 100644 acceleration/results/20261004_prime5_analytic_delsarte_family01/case_0358_checkpoint.json
 create mode 100644 acceleration/results/20261004_prime5_analytic_delsarte_family01/case_0359.json
 create mode 100644 acceleration/results/20261004_prime5_analytic_delsarte_family01/case_0359_checkpoint.json
 create mode 100644 acceleration/results/20261004_prime5_analytic_delsarte_family01/case_0360.json
 create mode 100644 acceleration/results/20261004_prime5_analytic_delsarte_family01/case_0360_checkpoint.json
 create mode 100644 acceleration/results/20261004_prime5_analytic_delsarte_family01/case_0361.json
 create mode 100644 acceleration/results/20261004_prime5_analytic_delsarte_family01/case_0361_checkpoint.json
 create mode 100644 acceleration/results/20261004_prime5_analytic_delsarte_family01/case_0362.json
 create mode 100644 acceleration/results/20261004_prime5_analytic_delsarte_family01/case_0362_checkpoint.json
 create mode 100644 acceleration/results/20261004_prime5_analytic_delsarte_family01/case_0363.json
 create mode 100644 acceleration/results/20261004_prime5_analytic_delsarte_family01/case_0363_checkpoint.json
 create mode 100644 acceleration/results/20261004_prime5_analytic_delsarte_family01/case_0364.json
 create mode 100644 acceleration/results/20261004_prime5_analytic_delsarte_family01/case_0364_checkpoint.json
 create mode 100644 acceleration/results/20261004_prime5_analytic_delsarte_family01/case_0365.json
 create mode 100644 acceleration/results/20261004_prime5_analytic_delsarte_family01/case_0365_checkpoint.json
 create mode 100644 acceleration/results/20261004_prime5_analytic_delsarte_family01/case_0366.json
 create mode 100644 acceleration/results/20261004_prime5_analytic_delsarte_family01/case_0366_checkpoint.json
 create mode 100644 acceleration/results/20261004_prime5_analytic_delsarte_family01/case_0367.json
 create mode 100644 acceleration/results/20261004_prime5_analytic_delsarte_family01/case_0367_checkpoint.json
 create mode 100644 acceleration/results/20261004_prime5_analytic_delsarte_family01/case_0368.json
 create mode 100644 acceleration/results/20261004_prime5_analytic_delsarte_family01/case_0368_checkpoint.json
 create mode 100644 acceleration/results/20261004_prime5_analytic_delsarte_family01/case_0369.json
 create mode 100644 acceleration/results/20261004_prime5_analytic_delsarte_family01/case_0369_checkpoint.json
 create mode 100644 acceleration/results/20261004_prime5_analytic_delsarte_family01/case_0370.json
 create mode 100644 acceleration/results/20261004_prime5_analytic_delsarte_family01/case_0370_checkpoint.json
 create mode 100644 acceleration/results/20261004_prime5_analytic_delsarte_family01/case_0371.json
 create mode 100644 acceleration/results/20261004_prime5_analytic_delsarte_family01/case_0371_checkpoint.json
 create mode 100644 acceleration/results/20261004_prime5_analytic_delsarte_family01/case_0372.json
 create mode 100644 acceleration/results/20261004_prime5_analytic_delsarte_family01/case_0372_checkpoint.json
 create mode 100644 acceleration/results/20261004_prime5_analytic_delsarte_family01/case_0373.json
 create mode 100644 acceleration/results/20261004_prime5_analytic_delsarte_family01/case_0373_checkpoint.json
 create mode 100644 acceleration/results/20261004_prime5_analytic_delsarte_family01/case_0374.json
 create mode 100644 acceleration/results/20261004_prime5_analytic_delsarte_family01/case_0374_checkpoint.json
 create mode 100644 acceleration/results/20261004_prime5_analytic_delsarte_family01/case_0375.json
 create mode 100644 acceleration/results/20261004_prime5_analytic_delsarte_family01/case_0375_checkpoint.json
 create mode 100644 acceleration/results/20261004_prime5_analytic_delsarte_family01/case_0376.json
 create mode 100644 acceleration/results/20261004_prime5_analytic_delsarte_family01/case_0376_checkpoint.json
 create mode 100644 acceleration/results/20261004_prime5_analytic_delsarte_family01/case_0377.json
 create mode 100644 acceleration/results/20261004_prime5_analytic_delsarte_family01/case_0377_checkpoint.json
 create mode 100644 acceleration/results/20261004_prime5_analytic_delsarte_family01/case_0378.json
 create mode 100644 acceleration/results/20261004_prime5_analytic_delsarte_family01/case_0378_checkpoint.json
 create mode 100644 acceleration/results/20261004_prime5_analytic_delsarte_family01/case_0379.json
 create mode 100644 acceleration/results/20261004_prime5_analytic_delsarte_family01/case_0379_checkpoint.json
 create mode 100644 acceleration/results/20261004_prime5_analytic_delsarte_family01/case_0380.json
 create mode 100644 acceleration/results/20261004_prime5_analytic_delsarte_family01/case_0380_checkpoint.json
 create mode 100644 acceleration/results/20261004_prime5_analytic_delsarte_family01/case_0381.json
 create mode 100644 acceleration/results/20261004_prime5_analytic_delsarte_family01/case_0381_checkpoint.json
 create mode 100644 acceleration/results/20261004_prime5_analytic_delsarte_family01/case_0382.json
 create mode 100644 acceleration/results/20261004_prime5_analytic_delsarte_family01/case_0382_checkpoint.json
 create mode 100644 acceleration/results/20261004_prime5_analytic_delsarte_family01/case_0383.json
 create mode 100644 acceleration/results/20261004_prime5_analytic_delsarte_family01/case_0383_checkpoint.json
 create mode 100644 acceleration/results/20261004_prime5_analytic_delsarte_family01/summary.json
 create mode 100644 acceleration/results/20261004_prime5_analytic_delsarte_family_root_one01.json
 create mode 100644 acceleration/results/20261004_prime5_analytic_delsarte_family_root_runtime_acceptance01.json
 create mode 100644 acceleration/results/20261004_prime5_analytic_delsarte_family_supervision01/manifest.json
 create mode 100644 acceleration/results/20261004_prime5_analytic_delsarte_family_supervision01/stderr.log
 create mode 100644 acceleration/results/20261004_prime5_analytic_delsarte_family_supervision01/stdout.log
 create mode 100644 acceleration/results/20261004_prime5_analytic_delsarte_family_supervision01/summary.json
 create mode 100644 acceleration/results/20261004_prime5_analytic_delsarte_full_root_acceptance01.json
 create mode 100644 acceleration/results/20261004_prime5_analytic_delsarte_science01/certificate.json
 create mode 100644 acceleration/results/20261004_prime5_analytic_delsarte_science01/construction.json
 create mode 100644 acceleration/results/20261004_prime5_analytic_delsarte_science01/construction_checkpoint.json
 create mode 100644 acceleration/results/20261004_prime5_analytic_delsarte_science01/polynomial_values.json
 create mode 100644 acceleration/results/20261004_prime5_analytic_delsarte_science01/recurrence_checkpoint_0.json
 create mode 100644 acceleration/results/20261004_prime5_analytic_delsarte_science01/recurrence_checkpoint_1.json
 create mode 100644 acceleration/results/20261004_prime5_analytic_delsarte_science01/recurrence_checkpoint_2.json
 create mode 100644 acceleration/results/20261004_prime5_analytic_delsarte_science01/recurrence_checkpoint_3.json
 create mode 100644 acceleration/results/20261004_prime5_analytic_delsarte_science01/recurrence_checkpoint_4.json
 create mode 100644 acceleration/results/20261004_prime5_analytic_delsarte_science01/recurrence_checkpoint_5.json
 create mode 100644 acceleration/results/20261004_prime5_analytic_delsarte_science01/recurrence_checkpoint_6.json
 create mode 100644 acceleration/results/20261004_prime5_analytic_delsarte_science01/recurrence_checkpoint_7.json
 create mode 100644 acceleration/results/20261004_prime5_analytic_delsarte_science01/recurrence_checkpoint_8.json
 create mode 100644 acceleration/results/20261004_prime5_analytic_delsarte_science01/recurrence_checkpoint_9.json
 create mode 100644 acceleration/results/20261004_prime5_analytic_delsarte_science01/summary.json
 create mode 100644 acceleration/results/20261004_prime5_analytic_delsarte_science_supervision01/manifest.json
 create mode 100644 acceleration/results/20261004_prime5_analytic_delsarte_science_supervision01/summary.json
 create mode 100644 acceleration/results/20261004_prime5_analytic_delsarte_source_freeze02.json
 create mode 100644 acceleration/results/20261004_prime5_analytic_family_checker_calibration_completion01.json
 create mode 100644 acceleration/results/20261004_prime5_analytic_family_checker_native_admission01.json
 create mode 100644 acceleration/results/20261004_prime5_analytic_family_checker_native_dispatch01.json
 create mode 100644 acceleration/results/20261004_prime5_analytic_family_checker_native_one_authority01.json
 create mode 100644 acceleration/results/20261004_prime5_analytic_family_checker_root_acceptance01.json
 create mode 100644 acceleration/results/20261004_prime5_analytic_family_full_root_acceptance01.json
 create mode 100644 acceleration/results/20261004_prime5_analytic_family_full_root_one01.json
 create mode 100644 acceleration/results/20261004_prime5_analytic_family_target24_metadata_clarification01.json
 create mode 100644 acceleration/results/20261004_prime5_code_delsarte01/degree12_baseline_candidate.json
 create mode 100644 acceleration/results/20261004_prime5_code_delsarte01/degree12_baseline_checkpoint.json
 create mode 100644 acceleration/results/20261004_prime5_code_delsarte01/degree12_baseline_guidance.json
 create mode 100644 acceleration/results/20261004_prime5_code_delsarte01/degree12_low_image_counts_candidate.json
 create mode 100644 acceleration/results/20261004_prime5_code_delsarte01/degree12_low_image_counts_checkpoint.json
 create mode 100644 acceleration/results/20261004_prime5_code_delsarte01/degree12_low_image_counts_guidance.json
 create mode 100644 acceleration/results/20261004_prime5_code_delsarte01/degree8_baseline_candidate.json
 create mode 100644 acceleration/results/20261004_prime5_code_delsarte01/degree8_baseline_checkpoint.json
 create mode 100644 acceleration/results/20261004_prime5_code_delsarte01/degree8_baseline_guidance.json
 create mode 100644 acceleration/results/20261004_prime5_code_delsarte01/degree8_low_image_counts_candidate.json
 create mode 100644 acceleration/results/20261004_prime5_code_delsarte01/degree8_low_image_counts_checkpoint.json
 create mode 100644 acceleration/results/20261004_prime5_code_delsarte01/degree8_low_image_counts_guidance.json
 create mode 100644 acceleration/results/20261004_prime5_code_delsarte01/parsed_input.json
 create mode 100644 acceleration/results/20261004_prime5_code_delsarte01/summary.json
 create mode 100644 acceleration/results/20261004_prime5_code_delsarte02/degree20_baseline_candidate.json
 create mode 100644 acceleration/results/20261004_prime5_code_delsarte02/degree20_baseline_checkpoint.json
 create mode 100644 acceleration/results/20261004_prime5_code_delsarte02/degree20_baseline_guidance.json
 create mode 100644 acceleration/results/20261004_prime5_code_delsarte02/degree20_low_image_counts_candidate.json
 create mode 100644 acceleration/results/20261004_prime5_code_delsarte02/degree20_low_image_counts_checkpoint.json
 create mode 100644 acceleration/results/20261004_prime5_code_delsarte02/degree20_low_image_counts_guidance.json
 create mode 100644 acceleration/results/20261004_prime5_code_delsarte02/degree32_baseline_candidate.json
 create mode 100644 acceleration/results/20261004_prime5_code_delsarte02/degree32_baseline_checkpoint.json
 create mode 100644 acceleration/results/20261004_prime5_code_delsarte02/degree32_baseline_guidance.json
 create mode 100644 acceleration/results/20261004_prime5_code_delsarte02/degree32_low_image_counts_candidate.json
 create mode 100644 acceleration/results/20261004_prime5_code_delsarte02/degree32_low_image_counts_checkpoint.json
 create mode 100644 acceleration/results/20261004_prime5_code_delsarte02/degree32_low_image_counts_guidance.json
 create mode 100644 acceleration/results/20261004_prime5_code_delsarte02/parsed_input.json
 create mode 100644 acceleration/results/20261004_prime5_code_delsarte02/summary.json
 create mode 100644 acceleration/results/20261004_prime5_code_delsarte_author_controls01/summary.json
 create mode 100644 acceleration/results/20261004_prime5_code_delsarte_author_controls02/summary.json
 create mode 100644 acceleration/results/20261004_prime5_code_delsarte_author_controls_root_acceptance01.json
 create mode 100644 acceleration/results/20261004_prime5_code_delsarte_author_controls_root_acceptance02.json
 create mode 100644 acceleration/results/20261004_prime5_code_delsarte_checker_calibration_root_acceptance01.json
 create mode 100644 acceleration/results/20261004_prime5_code_delsarte_root_authority01.json
 create mode 100644 acceleration/results/20261004_prime5_code_delsarte_root_authority02.json
 create mode 100644 acceleration/results/20261004_prime5_code_delsarte_science_root_runtime_acceptance01.json
 create mode 100644 acceleration/results/20261004_prime5_code_delsarte_science_root_runtime_acceptance02.json
 create mode 100644 acceleration/results/20261004_prime5_code_delsarte_supervision01/manifest.json
 create mode 100644 acceleration/results/20261004_prime5_code_delsarte_supervision01/progress.jsonl
 create mode 100644 acceleration/results/20261004_prime5_code_delsarte_supervision01/stderr.log
 create mode 100644 acceleration/results/20261004_prime5_code_delsarte_supervision01/stdout.log
 create mode 100644 acceleration/results/20261004_prime5_code_delsarte_supervision01/summary.json
 create mode 100644 acceleration/results/20261004_prime5_code_delsarte_supervision02/manifest.json
 create mode 100644 acceleration/results/20261004_prime5_code_delsarte_supervision02/progress.jsonl
 create mode 100644 acceleration/results/20261004_prime5_code_delsarte_supervision02/stderr.log
 create mode 100644 acceleration/results/20261004_prime5_code_delsarte_supervision02/stdout.log
 create mode 100644 acceleration/results/20261004_prime5_code_delsarte_supervision02/summary.json
 create mode 100644 acceleration/results/20261004_prime5_family_and_dimension24_new_claim_bindings_root_acceptance01.json
 create mode 100644 acceleration/results/20261004_prime5_triangle_image_weight_counts_candidate01.json
 create mode 100644 acceleration/results/20261004_prime5_triangle_image_weight_counts_root_written_acceptance01.json
 create mode 100644 acceleration/results/20261004_rook_count228_d2_four_or_five_root_written_acceptance01.json
 create mode 100644 acceleration/results/20261004_rook_count228_deficiency_patterns_root_written_acceptance01.json
 create mode 100644 acceleration/results/20261004_rook_deficiency_second_neighbor_mass_native01_root_written_acceptance01.json
 create mode 100644 acceleration/results/20261004_rook_deficiency_strict_second_neighbor_native01_root_written_acceptance01.json
 create mode 100644 acceleration/results/20261004_rook_nine_count_not228_root_written_acceptance01.json
 create mode 100644 acceleration/results/20261004_rook_nine_count_not229_native01_root_written_acceptance01.json
 create mode 100644 acceleration/results/20261004_rook_nine_count_not231_structural_root_written_acceptance01.json
 create mode 100644 acceleration/results/20261004_rook_square_coverage_n3_native01_root_written_acceptance01.json
 create mode 100644 acceleration/results/20261004_rook_two_bindings_timestamp_metadata_correction01.json
 create mode 100644 acceleration/results/20261004_target_integer_triangle_signed_one_design_candidate01.json
 create mode 100644 acceleration/results/20261004_target_integer_triangle_signed_one_design_root_written_acceptance01.json
 create mode 100644 acceleration/results/20261004_target_nonzero_rook_deficiency_maximum_lower2_candidate01.json
 create mode 100644 acceleration/results/20261004_target_prime5_left_code_support54_candidate01.json
 create mode 100644 acceleration/results/20261004_target_prime5_left_code_support54_root_written_acceptance01.json
 create mode 100644 acceleration/results/20261004_target_prime5_left_code_support55_candidate01.json
 create mode 100644 acceleration/results/20261004_target_prime5_left_code_support55_root_written_acceptance01.json
 create mode 100644 acceleration/results/20261004_target_rook_count228_d2_population_four_or_five_candidate01.json
 create mode 100644 acceleration/results/20261004_target_rook_count228_deficiency_patterns_candidate01.json
 create mode 100644 acceleration/results/20261004_target_rook_deficiency_second_neighbor_candidate01.json
 create mode 100644 acceleration/results/20261004_target_rook_deficiency_strict_second_neighbor_candidate01.json
 create mode 100644 acceleration/results/20261004_target_rook_nine_count_not228_candidate01.json
 create mode 100644 acceleration/results/20261004_target_rook_nine_count_not229_candidate01.json
 create mode 100644 acceleration/results/20261004_target_rook_nine_count_not231_candidate01.json
 create mode 100644 acceleration/results/20261004_target_rook_nine_deficiency_gap_candidate01.json
 create mode 100644 acceleration/results/20261004_target_rook_nine_deficiency_gap_root_written_acceptance01.json
 create mode 100644 acceleration/results/20261004_target_rook_square_coverage_n3_candidate01.json
 create mode 100644 acceleration/results/20261004_target_ternary_3adic_gram_rank98_nonobstruction_candidate01.json
 create mode 100644 acceleration/results/20261004_target_ternary_3adic_gram_rank98_nonobstruction_root_written_acceptance02.json
 create mode 100644 acceleration/results/20261004_target_ternary_incidence_mod9_nonlift_pairing_candidate01.json
 create mode 100644 acceleration/results/20261004_target_ternary_incidence_mod9_nonlift_pairing_root_written_acceptance01.json
 create mode 100644 acceleration/results/20261004_target_ternary_left_code_color_moments_weights48_75_candidate01.json
 create mode 100644 acceleration/results/20261004_target_ternary_left_code_color_moments_weights48_75_root_written_acceptance01.json
 create mode 100644 acceleration/results/20261004_target_ternary_left_code_dot_weights_candidate01.json
 create mode 100644 acceleration/results/20261004_target_ternary_left_code_dot_weights_root_written_acceptance01.json
 create mode 100644 acceleration/results/20261004_ternary_circuit_integer_lift_support_boundary_candidate01.json
 create mode 100644 acceleration/results/20261004_ternary_circuit_integer_lift_support_boundary_root_written_acceptance01.json
 create mode 100644 acceleration/results/20261004_ternary_color_histogram_independent_full_root_actual_acceptance01.json
 create mode 100644 acceleration/results/20261004_ternary_color_histogram_science_root_configuration_authority01.json
 create mode 100644 acceleration/results/20261004_ternary_color_histogram_screen01/checkpoint_000.json
 create mode 100644 acceleration/results/20261004_ternary_color_histogram_screen01/checkpoint_001.json
 create mode 100644 acceleration/results/20261004_ternary_color_histogram_screen01/checkpoint_002.json
 create mode 100644 acceleration/results/20261004_ternary_color_histogram_screen01/checkpoint_003.json
 create mode 100644 acceleration/results/20261004_ternary_color_histogram_screen01/checkpoint_004.json
 create mode 100644 acceleration/results/20261004_ternary_color_histogram_screen01/checkpoint_005.json
 create mode 100644 acceleration/results/20261004_ternary_color_histogram_screen01/checkpoint_006.json
 create mode 100644 acceleration/results/20261004_ternary_color_histogram_screen01/checkpoint_007.json
 create mode 100644 acceleration/results/20261004_ternary_color_histogram_screen01/checkpoint_008.json
 create mode 100644 acceleration/results/20261004_ternary_color_histogram_screen01/checkpoint_009.json
 create mode 100644 acceleration/results/20261004_ternary_color_histogram_screen01/checkpoint_010.json
 create mode 100644 acceleration/results/20261004_ternary_color_histogram_screen01/checkpoint_011.json
 create mode 100644 acceleration/results/20261004_ternary_color_histogram_screen01/checkpoint_012.json
 create mode 100644 acceleration/results/20261004_ternary_color_histogram_screen01/checkpoint_013.json
 create mode 100644 acceleration/results/20261004_ternary_color_histogram_screen01/checkpoint_014.json
 create mode 100644 acceleration/results/20261004_ternary_color_histogram_screen01/checkpoint_015.json
 create mode 100644 acceleration/results/20261004_ternary_color_histogram_screen01/checkpoint_016.json
 create mode 100644 acceleration/results/20261004_ternary_color_histogram_screen01/checkpoint_017.json
 create mode 100644 acceleration/results/20261004_ternary_color_histogram_screen01/checkpoint_018.json
 create mode 100644 acceleration/results/20261004_ternary_color_histogram_screen01/checkpoint_019.json
 create mode 100644 acceleration/results/20261004_ternary_color_histogram_screen01/checkpoint_020.json
 create mode 100644 acceleration/results/20261004_ternary_color_histogram_screen01/checkpoint_021.json
 create mode 100644 acceleration/results/20261004_ternary_color_histogram_screen01/checkpoint_022.json
 create mode 100644 acceleration/results/20261004_ternary_color_histogram_screen01/checkpoint_023.json
 create mode 100644 acceleration/results/20261004_ternary_color_histogram_screen01/checkpoint_024.json
 create mode 100644 acceleration/results/20261004_ternary_color_histogram_screen01/checkpoint_025.json
 create mode 100644 acceleration/results/20261004_ternary_color_histogram_screen01/checkpoint_026.json
 create mode 100644 acceleration/results/20261004_ternary_color_histogram_screen01/checkpoint_027.json
 create mode 100644 acceleration/results/20261004_ternary_color_histogram_screen01/checkpoint_028.json
 create mode 100644 acceleration/results/20261004_ternary_color_histogram_screen01/checkpoint_029.json
 create mode 100644 acceleration/results/20261004_ternary_color_histogram_screen01/checkpoint_030.json
 create mode 100644 acceleration/results/20261004_ternary_color_histogram_screen01/checkpoint_031.json
 create mode 100644 acceleration/results/20261004_ternary_color_histogram_screen01/checkpoint_032.json
 create mode 100644 acceleration/results/20261004_ternary_color_histogram_screen01/checkpoint_033.json
 create mode 100644 acceleration/results/20261004_ternary_color_histogram_screen01/checkpoint_034.json
 create mode 100644 acceleration/results/20261004_ternary_color_histogram_screen01/checkpoint_035.json
 create mode 100644 acceleration/results/20261004_ternary_color_histogram_screen01/checkpoint_036.json
 create mode 100644 acceleration/results/20261004_ternary_color_histogram_screen01/checkpoint_037.json
 create mode 100644 acceleration/results/20261004_ternary_color_histogram_screen01/checkpoint_038.json
 create mode 100644 acceleration/results/20261004_ternary_color_histogram_screen01/checkpoint_039.json
 create mode 100644 acceleration/results/20261004_ternary_color_histogram_screen01/checkpoint_040.json
 create mode 100644 acceleration/results/20261004_ternary_color_histogram_screen01/checkpoint_041.json
 create mode 100644 acceleration/results/20261004_ternary_color_histogram_screen01/checkpoint_042.json
 create mode 100644 acceleration/results/20261004_ternary_color_histogram_screen01/checkpoint_043.json
 create mode 100644 acceleration/results/20261004_ternary_color_histogram_screen01/checkpoint_044.json
 create mode 100644 acceleration/results/20261004_ternary_color_histogram_screen01/checkpoint_045.json
 create mode 100644 acceleration/results/20261004_ternary_color_histogram_screen01/checkpoint_046.json
 create mode 100644 acceleration/results/20261004_ternary_color_histogram_screen01/checkpoint_047.json
 create mode 100644 acceleration/results/20261004_ternary_color_histogram_screen01/checkpoint_048.json
 create mode 100644 acceleration/results/20261004_ternary_color_histogram_screen01/checkpoint_049.json
 create mode 100644 acceleration/results/20261004_ternary_color_histogram_screen01/checkpoint_050.json
 create mode 100644 acceleration/results/20261004_ternary_color_histogram_screen01/checkpoint_051.json
 create mode 100644 acceleration/results/20261004_ternary_color_histogram_screen01/checkpoint_052.json
 create mode 100644 acceleration/results/20261004_ternary_color_histogram_screen01/checkpoint_053.json
 create mode 100644 acceleration/results/20261004_ternary_color_histogram_screen01/checkpoint_054.json
 create mode 100644 acceleration/results/20261004_ternary_color_histogram_screen01/checkpoint_055.json
 create mode 100644 acceleration/results/20261004_ternary_color_histogram_screen01/checkpoint_056.json
 create mode 100644 acceleration/results/20261004_ternary_color_histogram_screen01/checkpoint_057.json
 create mode 100644 acceleration/results/20261004_ternary_color_histogram_screen01/checkpoint_058.json
 create mode 100644 acceleration/results/20261004_ternary_color_histogram_screen01/checkpoint_059.json
 create mode 100644 acceleration/results/20261004_ternary_color_histogram_screen01/checkpoint_060.json
 create mode 100644 acceleration/results/20261004_ternary_color_histogram_screen01/checkpoint_061.json
 create mode 100644 acceleration/results/20261004_ternary_color_histogram_screen01/checkpoint_062.json
 create mode 100644 acceleration/results/20261004_ternary_color_histogram_screen01/checkpoint_063.json
 create mode 100644 acceleration/results/20261004_ternary_color_histogram_screen01/checkpoint_064.json
 create mode 100644 acceleration/results/20261004_ternary_color_histogram_screen01/checkpoint_065.json
 create mode 100644 acceleration/results/20261004_ternary_color_histogram_screen01/checkpoint_066.json
 create mode 100644 acceleration/results/20261004_ternary_color_histogram_screen01/checkpoint_067.json
 create mode 100644 acceleration/results/20261004_ternary_color_histogram_screen01/checkpoint_068.json
 create mode 100644 acceleration/results/20261004_ternary_color_histogram_screen01/checkpoint_069.json
 create mode 100644 acceleration/results/20261004_ternary_color_histogram_screen01/checkpoint_070.json
 create mode 100644 acceleration/results/20261004_ternary_color_histogram_screen01/checkpoint_071.json
 create mode 100644 acceleration/results/20261004_ternary_color_histogram_screen01/checkpoint_072.json
 create mode 100644 acceleration/results/20261004_ternary_color_histogram_screen01/checkpoint_073.json
 create mode 100644 acceleration/results/20261004_ternary_color_histogram_screen01/checkpoint_074.json
 create mode 100644 acceleration/results/20261004_ternary_color_histogram_screen01/checkpoint_075.json
 create mode 100644 acceleration/results/20261004_ternary_color_histogram_screen01/checkpoint_076.json
 create mode 100644 acceleration/results/20261004_ternary_color_histogram_screen01/checkpoint_077.json
 create mode 100644 acceleration/results/20261004_ternary_color_histogram_screen01/checkpoint_078.json
 create mode 100644 acceleration/results/20261004_ternary_color_histogram_screen01/checkpoint_079.json
 create mode 100644 acceleration/results/20261004_ternary_color_histogram_screen01/checkpoint_080.json
 create mode 100644 acceleration/results/20261004_ternary_color_histogram_screen01/checkpoint_081.json
 create mode 100644 acceleration/results/20261004_ternary_color_histogram_screen01/checkpoint_082.json
 create mode 100644 acceleration/results/20261004_ternary_color_histogram_screen01/checkpoint_083.json
 create mode 100644 acceleration/results/20261004_ternary_color_histogram_screen01/checkpoint_084.json
 create mode 100644 acceleration/results/20261004_ternary_color_histogram_screen01/checkpoint_085.json
 create mode 100644 acceleration/results/20261004_ternary_color_histogram_screen01/checkpoint_086.json
 create mode 100644 acceleration/results/20261004_ternary_color_histogram_screen01/checkpoint_087.json
 create mode 100644 acceleration/results/20261004_ternary_color_histogram_screen01/checkpoint_088.json
 create mode 100644 acceleration/results/20261004_ternary_color_histogram_screen01/checkpoint_089.json
 create mode 100644 acceleration/results/20261004_ternary_color_histogram_screen01/checkpoint_090.json
 create mode 100644 acceleration/results/20261004_ternary_color_histogram_screen01/checkpoint_091.json
 create mode 100644 acceleration/results/20261004_ternary_color_histogram_screen01/checkpoint_092.json
 create mode 100644 acceleration/results/20261004_ternary_color_histogram_screen01/checkpoint_093.json
 create mode 100644 acceleration/results/20261004_ternary_color_histogram_screen01/checkpoint_094.json
 create mode 100644 acceleration/results/20261004_ternary_color_histogram_screen01/checkpoint_095.json
 create mode 100644 acceleration/results/20261004_ternary_color_histogram_screen01/checkpoint_096.json
 create mode 100644 acceleration/results/20261004_ternary_color_histogram_screen01/checkpoint_097.json
 create mode 100644 acceleration/results/20261004_ternary_color_histogram_screen01/checkpoint_098.json
 create mode 100644 acceleration/results/20261004_ternary_color_histogram_screen01/checkpoint_099.json
 create mode 100644 acceleration/results/20261004_ternary_color_histogram_screen01/checkpoint_100.json
 create mode 100644 acceleration/results/20261004_ternary_color_histogram_screen01/checkpoint_101.json
 create mode 100644 acceleration/results/20261004_ternary_color_histogram_screen01/checkpoint_102.json
 create mode 100644 acceleration/results/20261004_ternary_color_histogram_screen01/checkpoint_103.json
 create mode 100644 acceleration/results/20261004_ternary_color_histogram_screen01/checkpoint_104.json
 create mode 100644 acceleration/results/20261004_ternary_color_histogram_screen01/checkpoint_105.json
 create mode 100644 acceleration/results/20261004_ternary_color_histogram_screen01/checkpoint_106.json
 create mode 100644 acceleration/results/20261004_ternary_color_histogram_screen01/checkpoint_107.json
 create mode 100644 acceleration/results/20261004_ternary_color_histogram_screen01/checkpoint_108.json
 create mode 100644 acceleration/results/20261004_ternary_color_histogram_screen01/checkpoint_109.json
 create mode 100644 acceleration/results/20261004_ternary_color_histogram_screen01/checkpoint_110.json
 create mode 100644 acceleration/results/20261004_ternary_color_histogram_screen01/checkpoint_111.json
 create mode 100644 acceleration/results/20261004_ternary_color_histogram_screen01/checkpoint_112.json
 create mode 100644 acceleration/results/20261004_ternary_color_histogram_screen01/checkpoint_113.json
 create mode 100644 acceleration/results/20261004_ternary_color_histogram_screen01/checkpoint_114.json
 create mode 100644 acceleration/results/20261004_ternary_color_histogram_screen01/checkpoint_115.json
 create mode 100644 acceleration/results/20261004_ternary_color_histogram_screen01/checkpoint_116.json
 create mode 100644 acceleration/results/20261004_ternary_color_histogram_screen01/checkpoint_117.json
 create mode 100644 acceleration/results/20261004_ternary_color_histogram_screen01/checkpoint_118.json
 create mode 100644 acceleration/results/20261004_ternary_color_histogram_screen01/checkpoint_119.json
 create mode 100644 acceleration/results/20261004_ternary_color_histogram_screen01/checkpoint_120.json
 create mode 100644 acceleration/results/20261004_ternary_color_histogram_screen01/checkpoint_121.json
 create mode 100644 acceleration/results/20261004_ternary_color_histogram_screen01/checkpoint_122.json
 create mode 100644 acceleration/results/20261004_ternary_color_histogram_screen01/checkpoint_123.json
 create mode 100644 acceleration/results/20261004_ternary_color_histogram_screen01/checkpoint_124.json
 create mode 100644 acceleration/results/20261004_ternary_color_histogram_screen01/checkpoint_125.json
 create mode 100644 acceleration/results/20261004_ternary_color_histogram_screen01/checkpoint_126.json
 create mode 100644 acceleration/results/20261004_ternary_color_histogram_screen01/checkpoint_127.json
 create mode 100644 acceleration/results/20261004_ternary_color_histogram_screen01/checkpoint_128.json
 create mode 100644 acceleration/results/20261004_ternary_color_histogram_screen01/checkpoint_129.json
 create mode 100644 acceleration/results/20261004_ternary_color_histogram_screen01/checkpoint_130.json
 create mode 100644 acceleration/results/20261004_ternary_color_histogram_screen01/checkpoint_131.json
 create mode 100644 acceleration/results/20261004_ternary_color_histogram_screen01/checkpoint_132.json
 create mode 100644 acceleration/results/20261004_ternary_color_histogram_screen01/checkpoint_133.json
 create mode 100644 acceleration/results/20261004_ternary_color_histogram_screen01/checkpoint_134.json
 create mode 100644 acceleration/results/20261004_ternary_color_histogram_screen01/checkpoint_135.json
 create mode 100644 acceleration/results/20261004_ternary_color_histogram_screen01/checkpoint_136.json
 create mode 100644 acceleration/results/20261004_ternary_color_histogram_screen01/checkpoint_137.json
 create mode 100644 acceleration/results/20261004_ternary_color_histogram_screen01/checkpoint_138.json
 create mode 100644 acceleration/results/20261004_ternary_color_histogram_screen01/checkpoint_139.json
 create mode 100644 acceleration/results/20261004_ternary_color_histogram_screen01/checkpoint_140.json
 create mode 100644 acceleration/results/20261004_ternary_color_histogram_screen01/checkpoint_141.json
 create mode 100644 acceleration/results/20261004_ternary_color_histogram_screen01/checkpoint_142.json
 create mode 100644 acceleration/results/20261004_ternary_color_histogram_screen01/checkpoint_143.json
 create mode 100644 acceleration/results/20261004_ternary_color_histogram_screen01/checkpoint_144.json
 create mode 100644 acceleration/results/20261004_ternary_color_histogram_screen01/checkpoint_145.json
 create mode 100644 acceleration/results/20261004_ternary_color_histogram_screen01/checkpoint_146.json
 create mode 100644 acceleration/results/20261004_ternary_color_histogram_screen01/checkpoint_147.json
 create mode 100644 acceleration/results/20261004_ternary_color_histogram_screen01/checkpoint_148.json
 create mode 100644 acceleration/results/20261004_ternary_color_histogram_screen01/checkpoint_149.json
 create mode 100644 acceleration/results/20261004_ternary_color_histogram_screen01/checkpoint_150.json
 create mode 100644 acceleration/results/20261004_ternary_color_histogram_screen01/checkpoint_151.json
 create mode 100644 acceleration/results/20261004_ternary_color_histogram_screen01/checkpoint_152.json
 create mode 100644 acceleration/results/20261004_ternary_color_histogram_screen01/checkpoint_153.json
 create mode 100644 acceleration/results/20261004_ternary_color_histogram_screen01/checkpoint_154.json
 create mode 100644 acceleration/results/20261004_ternary_color_histogram_screen01/checkpoint_155.json
 create mode 100644 acceleration/results/20261004_ternary_color_histogram_screen01/checkpoint_156.json
 create mode 100644 acceleration/results/20261004_ternary_color_histogram_screen01/checkpoint_157.json
 create mode 100644 acceleration/results/20261004_ternary_color_histogram_screen01/checkpoint_158.json
 create mode 100644 acceleration/results/20261004_ternary_color_histogram_screen01/checkpoint_159.json
 create mode 100644 acceleration/results/20261004_ternary_color_histogram_screen01/checkpoint_160.json
 create mode 100644 acceleration/results/20261004_ternary_color_histogram_screen01/checkpoint_161.json
 create mode 100644 acceleration/results/20261004_ternary_color_histogram_screen01/checkpoint_162.json
 create mode 100644 acceleration/results/20261004_ternary_color_histogram_screen01/checkpoint_163.json
 create mode 100644 acceleration/results/20261004_ternary_color_histogram_screen01/checkpoint_164.json
 create mode 100644 acceleration/results/20261004_ternary_color_histogram_screen01/checkpoint_165.json
 create mode 100644 acceleration/results/20261004_ternary_color_histogram_screen01/checkpoint_166.json
 create mode 100644 acceleration/results/20261004_ternary_color_histogram_screen01/checkpoint_167.json
 create mode 100644 acceleration/results/20261004_ternary_color_histogram_screen01/checkpoint_168.json
 create mode 100644 acceleration/results/20261004_ternary_color_histogram_screen01/checkpoint_169.json
 create mode 100644 acceleration/results/20261004_ternary_color_histogram_screen01/checkpoint_170.json
 create mode 100644 acceleration/results/20261004_ternary_color_histogram_screen01/checkpoint_171.json
 create mode 100644 acceleration/results/20261004_ternary_color_histogram_screen01/checkpoint_172.json
 create mode 100644 acceleration/results/20261004_ternary_color_histogram_screen01/checkpoint_173.json
 create mode 100644 acceleration/results/20261004_ternary_color_histogram_screen01/checkpoint_174.json
 create mode 100644 acceleration/results/20261004_ternary_color_histogram_screen01/checkpoint_175.json
 create mode 100644 acceleration/results/20261004_ternary_color_histogram_screen01/checkpoint_176.json
 create mode 100644 acceleration/results/20261004_ternary_color_histogram_screen01/checkpoint_177.json
 create mode 100644 acceleration/results/20261004_ternary_color_histogram_screen01/checkpoint_178.json
 create mode 100644 acceleration/results/20261004_ternary_color_histogram_screen01/checkpoint_179.json
 create mode 100644 acceleration/results/20261004_ternary_color_histogram_screen01/checkpoint_180.json
 create mode 100644 acceleration/results/20261004_ternary_color_histogram_screen01/checkpoint_181.json
 create mode 100644 acceleration/results/20261004_ternary_color_histogram_screen01/checkpoint_182.json
 create mode 100644 acceleration/results/20261004_ternary_color_histogram_screen01/checkpoint_183.json
 create mode 100644 acceleration/results/20261004_ternary_color_histogram_screen01/checkpoint_184.json
 create mode 100644 acceleration/results/20261004_ternary_color_histogram_screen01/checkpoint_185.json
 create mode 100644 acceleration/results/20261004_ternary_color_histogram_screen01/checkpoint_186.json
 create mode 100644 acceleration/results/20261004_ternary_color_histogram_screen01/checkpoint_187.json
 create mode 100644 acceleration/results/20261004_ternary_color_histogram_screen01/checkpoint_188.json
 create mode 100644 acceleration/results/20261004_ternary_color_histogram_screen01/checkpoint_189.json
 create mode 100644 acceleration/results/20261004_ternary_color_histogram_screen01/checkpoint_190.json
 create mode 100644 acceleration/results/20261004_ternary_color_histogram_screen01/checkpoint_191.json
 create mode 100644 acceleration/results/20261004_ternary_color_histogram_screen01/checkpoint_192.json
 create mode 100644 acceleration/results/20261004_ternary_color_histogram_screen01/checkpoint_193.json
 create mode 100644 acceleration/results/20261004_ternary_color_histogram_screen01/checkpoint_194.json
 create mode 100644 acceleration/results/20261004_ternary_color_histogram_screen01/checkpoint_195.json
 create mode 100644 acceleration/results/20261004_ternary_color_histogram_screen01/checkpoint_196.json
 create mode 100644 acceleration/results/20261004_ternary_color_histogram_screen01/checkpoint_197.json
 create mode 100644 acceleration/results/20261004_ternary_color_histogram_screen01/checkpoint_198.json
 create mode 100644 acceleration/results/20261004_ternary_color_histogram_screen01/checkpoint_199.json
 create mode 100644 acceleration/results/20261004_ternary_color_histogram_screen01/checkpoint_200.json
 create mode 100644 acceleration/results/20261004_ternary_color_histogram_screen01/checkpoint_201.json
 create mode 100644 acceleration/results/20261004_ternary_color_histogram_screen01/checkpoint_202.json
 create mode 100644 acceleration/results/20261004_ternary_color_histogram_screen01/checkpoint_203.json
 create mode 100644 acceleration/results/20261004_ternary_color_histogram_screen01/checkpoint_204.json
 create mode 100644 acceleration/results/20261004_ternary_color_histogram_screen01/checkpoint_205.json
 create mode 100644 acceleration/results/20261004_ternary_color_histogram_screen01/checkpoint_206.json
 create mode 100644 acceleration/results/20261004_ternary_color_histogram_screen01/checkpoint_207.json
 create mode 100644 acceleration/results/20261004_ternary_color_histogram_screen01/checkpoint_208.json
 create mode 100644 acceleration/results/20261004_ternary_color_histogram_screen01/checkpoint_209.json
 create mode 100644 acceleration/results/20261004_ternary_color_histogram_screen01/checkpoint_210.json
 create mode 100644 acceleration/results/20261004_ternary_color_histogram_screen01/checkpoint_211.json
 create mode 100644 acceleration/results/20261004_ternary_color_histogram_screen01/checkpoint_212.json
 create mode 100644 acceleration/results/20261004_ternary_color_histogram_screen01/checkpoint_213.json
 create mode 100644 acceleration/results/20261004_ternary_color_histogram_screen01/checkpoint_214.json
 create mode 100644 acceleration/results/20261004_ternary_color_histogram_screen01/checkpoint_215.json
 create mode 100644 acceleration/results/20261004_ternary_color_histogram_screen01/checkpoint_216.json
 create mode 100644 acceleration/results/20261004_ternary_color_histogram_screen01/checkpoint_217.json
 create mode 100644 acceleration/results/20261004_ternary_color_histogram_screen01/checkpoint_218.json
 create mode 100644 acceleration/results/20261004_ternary_color_histogram_screen01/checkpoint_219.json
 create mode 100644 acceleration/results/20261004_ternary_color_histogram_screen01/checkpoint_220.json
 create mode 100644 acceleration/results/20261004_ternary_color_histogram_screen01/checkpoint_221.json
 create mode 100644 acceleration/results/20261004_ternary_color_histogram_screen01/checkpoint_222.json
 create mode 100644 acceleration/results/20261004_ternary_color_histogram_screen01/checkpoint_223.json
 create mode 100644 acceleration/results/20261004_ternary_color_histogram_screen01/checkpoint_224.json
 create mode 100644 acceleration/results/20261004_ternary_color_histogram_screen01/checkpoint_225.json
 create mode 100644 acceleration/results/20261004_ternary_color_histogram_screen01/checkpoint_226.json
 create mode 100644 acceleration/results/20261004_ternary_color_histogram_screen01/checkpoint_227.json
 create mode 100644 acceleration/results/20261004_ternary_color_histogram_screen01/checkpoint_228.json
 create mode 100644 acceleration/results/20261004_ternary_color_histogram_screen01/checkpoint_229.json
 create mode 100644 acceleration/results/20261004_ternary_color_histogram_screen01/checkpoint_230.json
 create mode 100644 acceleration/results/20261004_ternary_color_histogram_screen01/checkpoint_231.json
 create mode 100644 acceleration/results/20261004_ternary_color_histogram_screen01/checkpoint_232.json
 create mode 100644 acceleration/results/20261004_ternary_color_histogram_screen01/checkpoint_233.json
 create mode 100644 acceleration/results/20261004_ternary_color_histogram_screen01/checkpoint_234.json
 create mode 100644 acceleration/results/20261004_ternary_color_histogram_screen01/checkpoint_235.json
 create mode 100644 acceleration/results/20261004_ternary_color_histogram_screen01/checkpoint_236.json
 create mode 100644 acceleration/results/20261004_ternary_color_histogram_screen01/checkpoint_237.json
 create mode 100644 acceleration/results/20261004_ternary_color_histogram_screen01/checkpoint_238.json
 create mode 100644 acceleration/results/20261004_ternary_color_histogram_screen01/checkpoint_239.json
 create mode 100644 acceleration/results/20261004_ternary_color_histogram_screen01/checkpoint_240.json
 create mode 100644 acceleration/results/20261004_ternary_color_histogram_screen01/checkpoint_241.json
 create mode 100644 acceleration/results/20261004_ternary_color_histogram_screen01/checkpoint_242.json
 create mode 100644 acceleration/results/20261004_ternary_color_histogram_screen01/checkpoint_243.json
 create mode 100644 acceleration/results/20261004_ternary_color_histogram_screen01/checkpoint_244.json
 create mode 100644 acceleration/results/20261004_ternary_color_histogram_screen01/checkpoint_245.json
 create mode 100644 acceleration/results/20261004_ternary_color_histogram_screen01/checkpoint_246.json
 create mode 100644 acceleration/results/20261004_ternary_color_histogram_screen01/checkpoint_247.json
 create mode 100644 acceleration/results/20261004_ternary_color_histogram_screen01/checkpoint_248.json
 create mode 100644 acceleration/results/20261004_ternary_color_histogram_screen01/checkpoint_249.json
 create mode 100644 acceleration/results/20261004_ternary_color_histogram_screen01/checkpoint_250.json
 create mode 100644 acceleration/results/20261004_ternary_color_histogram_screen01/checkpoint_251.json
 create mode 100644 acceleration/results/20261004_ternary_color_histogram_screen01/checkpoint_252.json
 create mode 100644 acceleration/results/20261004_ternary_color_histogram_screen01/checkpoint_253.json
 create mode 100644 acceleration/results/20261004_ternary_color_histogram_screen01/checkpoint_254.json
 create mode 100644 acceleration/results/20261004_ternary_color_histogram_screen01/checkpoint_255.json
 create mode 100644 acceleration/results/20261004_ternary_color_histogram_screen01/checkpoint_256.json
 create mode 100644 acceleration/results/20261004_ternary_color_histogram_screen01/checkpoint_257.json
 create mode 100644 acceleration/results/20261004_ternary_color_histogram_screen01/checkpoint_258.json
 create mode 100644 acceleration/results/20261004_ternary_color_histogram_screen01/checkpoint_259.json
 create mode 100644 acceleration/results/20261004_ternary_color_histogram_screen01/checkpoint_260.json
 create mode 100644 acceleration/results/20261004_ternary_color_histogram_screen01/checkpoint_261.json
 create mode 100644 acceleration/results/20261004_ternary_color_histogram_screen01/checkpoint_262.json
 create mode 100644 acceleration/results/20261004_ternary_color_histogram_screen01/checkpoint_263.json
 create mode 100644 acceleration/results/20261004_ternary_color_histogram_screen01/checkpoint_264.json
 create mode 100644 acceleration/results/20261004_ternary_color_histogram_screen01/checkpoint_265.json
 create mode 100644 acceleration/results/20261004_ternary_color_histogram_screen01/checkpoint_266.json
 create mode 100644 acceleration/results/20261004_ternary_color_histogram_screen01/checkpoint_267.json
 create mode 100644 acceleration/results/20261004_ternary_color_histogram_screen01/checkpoint_268.json
 create mode 100644 acceleration/results/20261004_ternary_color_histogram_screen01/checkpoint_269.json
 create mode 100644 acceleration/results/20261004_ternary_color_histogram_screen01/checkpoint_270.json
 create mode 100644 acceleration/results/20261004_ternary_color_histogram_screen01/checkpoint_271.json
 create mode 100644 acceleration/results/20261004_ternary_color_histogram_screen01/checkpoint_272.json
 create mode 100644 acceleration/results/20261004_ternary_color_histogram_screen01/checkpoint_273.json
 create mode 100644 acceleration/results/20261004_ternary_color_histogram_screen01/checkpoint_274.json
 create mode 100644 acceleration/results/20261004_ternary_color_histogram_screen01/checkpoint_275.json
 create mode 100644 acceleration/results/20261004_ternary_color_histogram_screen01/checkpoint_276.json
 create mode 100644 acceleration/results/20261004_ternary_color_histogram_screen01/checkpoint_277.json
 create mode 100644 acceleration/results/20261004_ternary_color_histogram_screen01/checkpoint_278.json
 create mode 100644 acceleration/results/20261004_ternary_color_histogram_screen01/checkpoint_279.json
 create mode 100644 acceleration/results/20261004_ternary_color_histogram_screen01/checkpoint_280.json
 create mode 100644 acceleration/results/20261004_ternary_color_histogram_screen01/checkpoint_281.json
 create mode 100644 acceleration/results/20261004_ternary_color_histogram_screen01/checkpoint_282.json
 create mode 100644 acceleration/results/20261004_ternary_color_histogram_screen01/checkpoint_283.json
 create mode 100644 acceleration/results/20261004_ternary_color_histogram_screen01/checkpoint_284.json
 create mode 100644 acceleration/results/20261004_ternary_color_histogram_screen01/checkpoint_285.json
 create mode 100644 acceleration/results/20261004_ternary_color_histogram_screen01/checkpoint_286.json
 create mode 100644 acceleration/results/20261004_ternary_color_histogram_screen01/checkpoint_287.json
 create mode 100644 acceleration/results/20261004_ternary_color_histogram_screen01/checkpoint_288.json
 create mode 100644 acceleration/results/20261004_ternary_color_histogram_screen01/checkpoint_289.json
 create mode 100644 acceleration/results/20261004_ternary_color_histogram_screen01/checkpoint_290.json
 create mode 100644 acceleration/results/20261004_ternary_color_histogram_screen01/checkpoint_291.json
 create mode 100644 acceleration/results/20261004_ternary_color_histogram_screen01/checkpoint_292.json
 create mode 100644 acceleration/results/20261004_ternary_color_histogram_screen01/checkpoint_293.json
 create mode 100644 acceleration/results/20261004_ternary_color_histogram_screen01/checkpoint_294.json
 create mode 100644 acceleration/results/20261004_ternary_color_histogram_screen01/checkpoint_295.json
 create mode 100644 acceleration/results/20261004_ternary_color_histogram_screen01/checkpoint_296.json
 create mode 100644 acceleration/results/20261004_ternary_color_histogram_screen01/checkpoint_297.json
 create mode 100644 acceleration/results/20261004_ternary_color_histogram_screen01/checkpoint_298.json
 create mode 100644 acceleration/results/20261004_ternary_color_histogram_screen01/checkpoint_299.json
 create mode 100644 acceleration/results/20261004_ternary_color_histogram_screen01/checkpoint_300.json
 create mode 100644 acceleration/results/20261004_ternary_color_histogram_screen01/checkpoint_301.json
 create mode 100644 acceleration/results/20261004_ternary_color_histogram_screen01/checkpoint_302.json
 create mode 100644 acceleration/results/20261004_ternary_color_histogram_screen01/checkpoint_303.json
 create mode 100644 acceleration/results/20261004_ternary_color_histogram_screen01/checkpoint_304.json
 create mode 100644 acceleration/results/20261004_ternary_color_histogram_screen01/checkpoint_305.json
 create mode 100644 acceleration/results/20261004_ternary_color_histogram_screen01/checkpoint_306.json
 create mode 100644 acceleration/results/20261004_ternary_color_histogram_screen01/checkpoint_307.json
 create mode 100644 acceleration/results/20261004_ternary_color_histogram_screen01/checkpoint_308.json
 create mode 100644 acceleration/results/20261004_ternary_color_histogram_screen01/checkpoint_309.json
 create mode 100644 acceleration/results/20261004_ternary_color_histogram_screen01/checkpoint_310.json
 create mode 100644 acceleration/results/20261004_ternary_color_histogram_screen01/checkpoint_311.json
 create mode 100644 acceleration/results/20261004_ternary_color_histogram_screen01/checkpoint_312.json
 create mode 100644 acceleration/results/20261004_ternary_color_histogram_screen01/checkpoint_313.json
 create mode 100644 acceleration/results/20261004_ternary_color_histogram_screen01/checkpoint_314.json
 create mode 100644 acceleration/results/20261004_ternary_color_histogram_screen01/checkpoint_315.json
 create mode 100644 acceleration/results/20261004_ternary_color_histogram_screen01/checkpoint_316.json
 create mode 100644 acceleration/results/20261004_ternary_color_histogram_screen01/checkpoint_317.json
 create mode 100644 acceleration/results/20261004_ternary_color_histogram_screen01/checkpoint_318.json
 create mode 100644 acceleration/results/20261004_ternary_color_histogram_screen01/checkpoint_319.json
 create mode 100644 acceleration/results/20261004_ternary_color_histogram_screen01/checkpoint_320.json
 create mode 100644 acceleration/results/20261004_ternary_color_histogram_screen01/checkpoint_321.json
 create mode 100644 acceleration/results/20261004_ternary_color_histogram_screen01/checkpoint_322.json
 create mode 100644 acceleration/results/20261004_ternary_color_histogram_screen01/checkpoint_323.json
 create mode 100644 acceleration/results/20261004_ternary_color_histogram_screen01/checkpoint_324.json
 create mode 100644 acceleration/results/20261004_ternary_color_histogram_screen01/checkpoint_325.json
 create mode 100644 acceleration/results/20261004_ternary_color_histogram_screen01/checkpoint_326.json
 create mode 100644 acceleration/results/20261004_ternary_color_histogram_screen01/checkpoint_327.json
 create mode 100644 acceleration/results/20261004_ternary_color_histogram_screen01/checkpoint_328.json
 create mode 100644 acceleration/results/20261004_ternary_color_histogram_screen01/checkpoint_329.json
 create mode 100644 acceleration/results/20261004_ternary_color_histogram_screen01/checkpoint_330.json
 create mode 100644 acceleration/results/20261004_ternary_color_histogram_screen01/checkpoint_331.json
 create mode 100644 acceleration/results/20261004_ternary_color_histogram_screen01/checkpoint_332.json
 create mode 100644 acceleration/results/20261004_ternary_color_histogram_screen01/checkpoint_333.json
 create mode 100644 acceleration/results/20261004_ternary_color_histogram_screen01/checkpoint_334.json
 create mode 100644 acceleration/results/20261004_ternary_color_histogram_screen01/checkpoint_335.json
 create mode 100644 acceleration/results/20261004_ternary_color_histogram_screen01/checkpoint_336.json
 create mode 100644 acceleration/results/20261004_ternary_color_histogram_screen01/checkpoint_337.json
 create mode 100644 acceleration/results/20261004_ternary_color_histogram_screen01/checkpoint_338.json
 create mode 100644 acceleration/results/20261004_ternary_color_histogram_screen01/checkpoint_339.json
 create mode 100644 acceleration/results/20261004_ternary_color_histogram_screen01/checkpoint_340.json
 create mode 100644 acceleration/results/20261004_ternary_color_histogram_screen01/checkpoint_341.json
 create mode 100644 acceleration/results/20261004_ternary_color_histogram_screen01/checkpoint_342.json
 create mode 100644 acceleration/results/20261004_ternary_color_histogram_screen01/checkpoint_343.json
 create mode 100644 acceleration/results/20261004_ternary_color_histogram_screen01/checkpoint_344.json
 create mode 100644 acceleration/results/20261004_ternary_color_histogram_screen01/checkpoint_345.json
 create mode 100644 acceleration/results/20261004_ternary_color_histogram_screen01/checkpoint_346.json
 create mode 100644 acceleration/results/20261004_ternary_color_histogram_screen01/checkpoint_347.json
 create mode 100644 acceleration/results/20261004_ternary_color_histogram_screen01/checkpoint_348.json
 create mode 100644 acceleration/results/20261004_ternary_color_histogram_screen01/checkpoint_349.json
 create mode 100644 acceleration/results/20261004_ternary_color_histogram_screen01/checkpoint_350.json
 create mode 100644 acceleration/results/20261004_ternary_color_histogram_screen01/checkpoint_351.json
 create mode 100644 acceleration/results/20261004_ternary_color_histogram_screen01/checkpoint_352.json
 create mode 100644 acceleration/results/20261004_ternary_color_histogram_screen01/checkpoint_353.json
 create mode 100644 acceleration/results/20261004_ternary_color_histogram_screen01/checkpoint_354.json
 create mode 100644 acceleration/results/20261004_ternary_color_histogram_screen01/checkpoint_355.json
 create mode 100644 acceleration/results/20261004_ternary_color_histogram_screen01/checkpoint_356.json
 create mode 100644 acceleration/results/20261004_ternary_color_histogram_screen01/checkpoint_357.json
 create mode 100644 acceleration/results/20261004_ternary_color_histogram_screen01/checkpoint_358.json
 create mode 100644 acceleration/results/20261004_ternary_color_histogram_screen01/checkpoint_359.json
 create mode 100644 acceleration/results/20261004_ternary_color_histogram_screen01/checkpoint_360.json
 create mode 100644 acceleration/results/20261004_ternary_color_histogram_screen01/checkpoint_361.json
 create mode 100644 acceleration/results/20261004_ternary_color_histogram_screen01/checkpoint_362.json
 create mode 100644 acceleration/results/20261004_ternary_color_histogram_screen01/checkpoint_363.json
 create mode 100644 acceleration/results/20261004_ternary_color_histogram_screen01/checkpoint_364.json
 create mode 100644 acceleration/results/20261004_ternary_color_histogram_screen01/checkpoint_365.json
 create mode 100644 acceleration/results/20261004_ternary_color_histogram_screen01/checkpoint_366.json
 create mode 100644 acceleration/results/20261004_ternary_color_histogram_screen01/checkpoint_367.json
 create mode 100644 acceleration/results/20261004_ternary_color_histogram_screen01/checkpoint_368.json
 create mode 100644 acceleration/results/20261004_ternary_color_histogram_screen01/checkpoint_369.json
 create mode 100644 acceleration/results/20261004_ternary_color_histogram_screen01/checkpoint_370.json
 create mode 100644 acceleration/results/20261004_ternary_color_histogram_screen01/checkpoint_371.json
 create mode 100644 acceleration/results/20261004_ternary_color_histogram_screen01/checkpoint_372.json
 create mode 100644 acceleration/results/20261004_ternary_color_histogram_screen01/checkpoint_373.json
 create mode 100644 acceleration/results/20261004_ternary_color_histogram_screen01/checkpoint_374.json
 create mode 100644 acceleration/results/20261004_ternary_color_histogram_screen01/checkpoint_375.json
 create mode 100644 acceleration/results/20261004_ternary_color_histogram_screen01/checkpoint_376.json
 create mode 100644 acceleration/results/20261004_ternary_color_histogram_screen01/checkpoint_377.json
 create mode 100644 acceleration/results/20261004_ternary_color_histogram_screen01/checkpoint_378.json
 create mode 100644 acceleration/results/20261004_ternary_color_histogram_screen01/checkpoint_379.json
 create mode 100644 acceleration/results/20261004_ternary_color_histogram_screen01/checkpoint_380.json
 create mode 100644 acceleration/results/20261004_ternary_color_histogram_screen01/checkpoint_381.json
 create mode 100644 acceleration/results/20261004_ternary_color_histogram_screen01/checkpoint_382.json
 create mode 100644 acceleration/results/20261004_ternary_color_histogram_screen01/checkpoint_383.json
 create mode 100644 acceleration/results/20261004_ternary_color_histogram_screen01/checkpoint_384.json
 create mode 100644 acceleration/results/20261004_ternary_color_histogram_screen01/checkpoint_385.json
 create mode 100644 acceleration/results/20261004_ternary_color_histogram_screen01/checkpoint_386.json
 create mode 100644 acceleration/results/20261004_ternary_color_histogram_screen01/checkpoint_387.json
 create mode 100644 acceleration/results/20261004_ternary_color_histogram_screen01/checkpoint_388.json
 create mode 100644 acceleration/results/20261004_ternary_color_histogram_screen01/checkpoint_389.json
 create mode 100644 acceleration/results/20261004_ternary_color_histogram_screen01/checkpoint_390.json
 create mode 100644 acceleration/results/20261004_ternary_color_histogram_screen01/checkpoint_391.json
 create mode 100644 acceleration/results/20261004_ternary_color_histogram_screen01/checkpoint_392.json
 create mode 100644 acceleration/results/20261004_ternary_color_histogram_screen01/checkpoint_393.json
 create mode 100644 acceleration/results/20261004_ternary_color_histogram_screen01/checkpoint_394.json
 create mode 100644 acceleration/results/20261004_ternary_color_histogram_screen01/checkpoint_395.json
 create mode 100644 acceleration/results/20261004_ternary_color_histogram_screen01/checkpoint_396.json
 create mode 100644 acceleration/results/20261004_ternary_color_histogram_screen01/checkpoint_397.json
 create mode 100644 acceleration/results/20261004_ternary_color_histogram_screen01/checkpoint_398.json
 create mode 100644 acceleration/results/20261004_ternary_color_histogram_screen01/checkpoint_399.json
 create mode 100644 acceleration/results/20261004_ternary_color_histogram_screen01/checkpoint_400.json
 create mode 100644 acceleration/results/20261004_ternary_color_histogram_screen01/checkpoint_401.json
 create mode 100644 acceleration/results/20261004_ternary_color_histogram_screen01/checkpoint_402.json
 create mode 100644 acceleration/results/20261004_ternary_color_histogram_screen01/checkpoint_403.json
 create mode 100644 acceleration/results/20261004_ternary_color_histogram_screen01/checkpoint_404.json
 create mode 100644 acceleration/results/20261004_ternary_color_histogram_screen01/checkpoint_405.json
 create mode 100644 acceleration/results/20261004_ternary_color_histogram_screen01/checkpoint_406.json
 create mode 100644 acceleration/results/20261004_ternary_color_histogram_screen01/checkpoint_407.json
 create mode 100644 acceleration/results/20261004_ternary_color_histogram_screen01/checkpoint_408.json
 create mode 100644 acceleration/results/20261004_ternary_color_histogram_screen01/checkpoint_409.json
 create mode 100644 acceleration/results/20261004_ternary_color_histogram_screen01/checkpoint_410.json
 create mode 100644 acceleration/results/20261004_ternary_color_histogram_screen01/checkpoint_411.json
 create mode 100644 acceleration/results/20261004_ternary_color_histogram_screen01/checkpoint_412.json
 create mode 100644 acceleration/results/20261004_ternary_color_histogram_screen01/checkpoint_413.json
 create mode 100644 acceleration/results/20261004_ternary_color_histogram_screen01/checkpoint_414.json
 create mode 100644 acceleration/results/20261004_ternary_color_histogram_screen01/checkpoint_415.json
 create mode 100644 acceleration/results/20261004_ternary_color_histogram_screen01/checkpoint_416.json
 create mode 100644 acceleration/results/20261004_ternary_color_histogram_screen01/checkpoint_417.json
 create mode 100644 acceleration/results/20261004_ternary_color_histogram_screen01/checkpoint_418.json
 create mode 100644 acceleration/results/20261004_ternary_color_histogram_screen01/checkpoint_419.json
 create mode 100644 acceleration/results/20261004_ternary_color_histogram_screen01/checkpoint_420.json
 create mode 100644 acceleration/results/20261004_ternary_color_histogram_screen01/checkpoint_421.json
 create mode 100644 acceleration/results/20261004_ternary_color_histogram_screen01/checkpoint_422.json
 create mode 100644 acceleration/results/20261004_ternary_color_histogram_screen01/checkpoint_423.json
 create mode 100644 acceleration/results/20261004_ternary_color_histogram_screen01/checkpoint_424.json
 create mode 100644 acceleration/results/20261004_ternary_color_histogram_screen01/checkpoint_425.json
 create mode 100644 acceleration/results/20261004_ternary_color_histogram_screen01/checkpoint_426.json
 create mode 100644 acceleration/results/20261004_ternary_color_histogram_screen01/checkpoint_427.json
 create mode 100644 acceleration/results/20261004_ternary_color_histogram_screen01/checkpoint_428.json
 create mode 100644 acceleration/results/20261004_ternary_color_histogram_screen01/checkpoint_429.json
 create mode 100644 acceleration/results/20261004_ternary_color_histogram_screen01/checkpoint_430.json
 create mode 100644 acceleration/results/20261004_ternary_color_histogram_screen01/checkpoint_431.json
 create mode 100644 acceleration/results/20261004_ternary_color_histogram_screen01/checkpoint_432.json
 create mode 100644 acceleration/results/20261004_ternary_color_histogram_screen01/checkpoint_433.json
 create mode 100644 acceleration/results/20261004_ternary_color_histogram_screen01/checkpoint_434.json
 create mode 100644 acceleration/results/20261004_ternary_color_histogram_screen01/checkpoint_435.json
 create mode 100644 acceleration/results/20261004_ternary_color_histogram_screen01/checkpoint_436.json
 create mode 100644 acceleration/results/20261004_ternary_color_histogram_screen01/checkpoint_437.json
 create mode 100644 acceleration/results/20261004_ternary_color_histogram_screen01/checkpoint_438.json
 create mode 100644 acceleration/results/20261004_ternary_color_histogram_screen01/checkpoint_439.json
 create mode 100644 acceleration/results/20261004_ternary_color_histogram_screen01/checkpoint_440.json
 create mode 100644 acceleration/results/20261004_ternary_color_histogram_screen01/checkpoint_441.json
 create mode 100644 acceleration/results/20261004_ternary_color_histogram_screen01/checkpoint_442.json
 create mode 100644 acceleration/results/20261004_ternary_color_histogram_screen01/checkpoint_443.json
 create mode 100644 acceleration/results/20261004_ternary_color_histogram_screen01/checkpoint_444.json
 create mode 100644 acceleration/results/20261004_ternary_color_histogram_screen01/checkpoint_445.json
 create mode 100644 acceleration/results/20261004_ternary_color_histogram_screen01/checkpoint_446.json
 create mode 100644 acceleration/results/20261004_ternary_color_histogram_screen01/checkpoint_447.json
 create mode 100644 acceleration/results/20261004_ternary_color_histogram_screen01/checkpoint_448.json
 create mode 100644 acceleration/results/20261004_ternary_color_histogram_screen01/checkpoint_449.json
 create mode 100644 acceleration/results/20261004_ternary_color_histogram_screen01/checkpoint_450.json
 create mode 100644 acceleration/results/20261004_ternary_color_histogram_screen01/checkpoint_451.json
 create mode 100644 acceleration/results/20261004_ternary_color_histogram_screen01/checkpoint_452.json
 create mode 100644 acceleration/results/20261004_ternary_color_histogram_screen01/checkpoint_453.json
 create mode 100644 acceleration/results/20261004_ternary_color_histogram_screen01/checkpoint_454.json
 create mode 100644 acceleration/results/20261004_ternary_color_histogram_screen01/checkpoint_455.json
 create mode 100644 acceleration/results/20261004_ternary_color_histogram_screen01/checkpoint_456.json
 create mode 100644 acceleration/results/20261004_ternary_color_histogram_screen01/checkpoint_457.json
 create mode 100644 acceleration/results/20261004_ternary_color_histogram_screen01/checkpoint_458.json
 create mode 100644 acceleration/results/20261004_ternary_color_histogram_screen01/checkpoint_459.json
 create mode 100644 acceleration/results/20261004_ternary_color_histogram_screen01/checkpoint_460.json
 create mode 100644 acceleration/results/20261004_ternary_color_histogram_screen01/checkpoint_461.json
 create mode 100644 acceleration/results/20261004_ternary_color_histogram_screen01/checkpoint_462.json
 create mode 100644 acceleration/results/20261004_ternary_color_histogram_screen01/checkpoint_463.json
 create mode 100644 acceleration/results/20261004_ternary_color_histogram_screen01/checkpoint_464.json
 create mode 100644 acceleration/results/20261004_ternary_color_histogram_screen01/checkpoint_465.json
 create mode 100644 acceleration/results/20261004_ternary_color_histogram_screen01/checkpoint_466.json
 create mode 100644 acceleration/results/20261004_ternary_color_histogram_screen01/checkpoint_467.json
 create mode 100644 acceleration/results/20261004_ternary_color_histogram_screen01/checkpoint_468.json
 create mode 100644 acceleration/results/20261004_ternary_color_histogram_screen01/checkpoint_469.json
 create mode 100644 acceleration/results/20261004_ternary_color_histogram_screen01/checkpoint_470.json
 create mode 100644 acceleration/results/20261004_ternary_color_histogram_screen01/checkpoint_471.json
 create mode 100644 acceleration/results/20261004_ternary_color_histogram_screen01/checkpoint_472.json
 create mode 100644 acceleration/results/20261004_ternary_color_histogram_screen01/checkpoint_473.json
 create mode 100644 acceleration/results/20261004_ternary_color_histogram_screen01/checkpoint_474.json
 create mode 100644 acceleration/results/20261004_ternary_color_histogram_screen01/checkpoint_475.json
 create mode 100644 acceleration/results/20261004_ternary_color_histogram_screen01/checkpoint_476.json
 create mode 100644 acceleration/results/20261004_ternary_color_histogram_screen01/checkpoint_477.json
 create mode 100644 acceleration/results/20261004_ternary_color_histogram_screen01/checkpoint_478.json
 create mode 100644 acceleration/results/20261004_ternary_color_histogram_screen01/checkpoint_479.json
 create mode 100644 acceleration/results/20261004_ternary_color_histogram_screen01/checkpoint_480.json
 create mode 100644 acceleration/results/20261004_ternary_color_histogram_screen01/checkpoint_481.json
 create mode 100644 acceleration/results/20261004_ternary_color_histogram_screen01/checkpoint_482.json
 create mode 100644 acceleration/results/20261004_ternary_color_histogram_screen01/checkpoint_483.json
 create mode 100644 acceleration/results/20261004_ternary_color_histogram_screen01/checkpoint_484.json
 create mode 100644 acceleration/results/20261004_ternary_color_histogram_screen01/checkpoint_485.json
 create mode 100644 acceleration/results/20261004_ternary_color_histogram_screen01/checkpoint_486.json
 create mode 100644 acceleration/results/20261004_ternary_color_histogram_screen01/checkpoint_487.json
 create mode 100644 acceleration/results/20261004_ternary_color_histogram_screen01/checkpoint_488.json
 create mode 100644 acceleration/results/20261004_ternary_color_histogram_screen01/checkpoint_489.json
 create mode 100644 acceleration/results/20261004_ternary_color_histogram_screen01/checkpoint_490.json
 create mode 100644 acceleration/results/20261004_ternary_color_histogram_screen01/checkpoint_491.json
 create mode 100644 acceleration/results/20261004_ternary_color_histogram_screen01/checkpoint_492.json
 create mode 100644 acceleration/results/20261004_ternary_color_histogram_screen01/checkpoint_493.json
 create mode 100644 acceleration/results/20261004_ternary_color_histogram_screen01/checkpoint_494.json
 create mode 100644 acceleration/results/20261004_ternary_color_histogram_screen01/checkpoint_495.json
 create mode 100644 acceleration/results/20261004_ternary_color_histogram_screen01/checkpoint_496.json
 create mode 100644 acceleration/results/20261004_ternary_color_histogram_screen01/checkpoint_497.json
 create mode 100644 acceleration/results/20261004_ternary_color_histogram_screen01/checkpoint_498.json
 create mode 100644 acceleration/results/20261004_ternary_color_histogram_screen01/checkpoint_499.json
 create mode 100644 acceleration/results/20261004_ternary_color_histogram_screen01/checkpoint_500.json
 create mode 100644 acceleration/results/20261004_ternary_color_histogram_screen01/checkpoint_501.json
 create mode 100644 acceleration/results/20261004_ternary_color_histogram_screen01/checkpoint_502.json
 create mode 100644 acceleration/results/20261004_ternary_color_histogram_screen01/checkpoint_503.json
 create mode 100644 acceleration/results/20261004_ternary_color_histogram_screen01/checkpoint_504.json
 create mode 100644 acceleration/results/20261004_ternary_color_histogram_screen01/checkpoint_505.json
 create mode 100644 acceleration/results/20261004_ternary_color_histogram_screen01/checkpoint_506.json
 create mode 100644 acceleration/results/20261004_ternary_color_histogram_screen01/checkpoint_507.json
 create mode 100644 acceleration/results/20261004_ternary_color_histogram_screen01/checkpoint_508.json
 create mode 100644 acceleration/results/20261004_ternary_color_histogram_screen01/checkpoint_509.json
 create mode 100644 acceleration/results/20261004_ternary_color_histogram_screen01/checkpoint_510.json
 create mode 100644 acceleration/results/20261004_ternary_color_histogram_screen01/checkpoint_511.json
 create mode 100644 acceleration/results/20261004_ternary_color_histogram_screen01/checkpoint_512.json
 create mode 100644 acceleration/results/20261004_ternary_color_histogram_screen01/checkpoint_513.json
 create mode 100644 acceleration/results/20261004_ternary_color_histogram_screen01/checkpoint_514.json
 create mode 100644 acceleration/results/20261004_ternary_color_histogram_screen01/checkpoint_515.json
 create mode 100644 acceleration/results/20261004_ternary_color_histogram_screen01/checkpoint_516.json
 create mode 100644 acceleration/results/20261004_ternary_color_histogram_screen01/checkpoint_517.json
 create mode 100644 acceleration/results/20261004_ternary_color_histogram_screen01/checkpoint_518.json
 create mode 100644 acceleration/results/20261004_ternary_color_histogram_screen01/checkpoint_519.json
 create mode 100644 acceleration/results/20261004_ternary_color_histogram_screen01/checkpoint_520.json
 create mode 100644 acceleration/results/20261004_ternary_color_histogram_screen01/checkpoint_521.json
 create mode 100644 acceleration/results/20261004_ternary_color_histogram_screen01/checkpoint_522.json
 create mode 100644 acceleration/results/20261004_ternary_color_histogram_screen01/checkpoint_523.json
 create mode 100644 acceleration/results/20261004_ternary_color_histogram_screen01/checkpoint_524.json
 create mode 100644 acceleration/results/20261004_ternary_color_histogram_screen01/checkpoint_525.json
 create mode 100644 acceleration/results/20261004_ternary_color_histogram_screen01/checkpoint_526.json
 create mode 100644 acceleration/results/20261004_ternary_color_histogram_screen01/checkpoint_527.json
 create mode 100644 acceleration/results/20261004_ternary_color_histogram_screen01/checkpoint_528.json
 create mode 100644 acceleration/results/20261004_ternary_color_histogram_screen01/checkpoint_529.json
 create mode 100644 acceleration/results/20261004_ternary_color_histogram_screen01/checkpoint_530.json
 create mode 100644 acceleration/results/20261004_ternary_color_histogram_screen01/checkpoint_531.json
 create mode 100644 acceleration/results/20261004_ternary_color_histogram_screen01/checkpoint_532.json
 create mode 100644 acceleration/results/20261004_ternary_color_histogram_screen01/checkpoint_533.json
 create mode 100644 acceleration/results/20261004_ternary_color_histogram_screen01/checkpoint_534.json
 create mode 100644 acceleration/results/20261004_ternary_color_histogram_screen01/checkpoint_535.json
 create mode 100644 acceleration/results/20261004_ternary_color_histogram_screen01/checkpoint_536.json
 create mode 100644 acceleration/results/20261004_ternary_color_histogram_screen01/checkpoint_537.json
 create mode 100644 acceleration/results/20261004_ternary_color_histogram_screen01/checkpoint_538.json
 create mode 100644 acceleration/results/20261004_ternary_color_histogram_screen01/checkpoint_539.json
 create mode 100644 acceleration/results/20261004_ternary_color_histogram_screen01/checkpoint_540.json
 create mode 100644 acceleration/results/20261004_ternary_color_histogram_screen01/checkpoint_541.json
 create mode 100644 acceleration/results/20261004_ternary_color_histogram_screen01/checkpoint_542.json
 create mode 100644 acceleration/results/20261004_ternary_color_histogram_screen01/checkpoint_543.json
 create mode 100644 acceleration/results/20261004_ternary_color_histogram_screen01/checkpoint_544.json
 create mode 100644 acceleration/results/20261004_ternary_color_histogram_screen01/checkpoint_545.json
 create mode 100644 acceleration/results/20261004_ternary_color_histogram_screen01/checkpoint_546.json
 create mode 100644 acceleration/results/20261004_ternary_color_histogram_screen01/checkpoint_547.json
 create mode 100644 acceleration/results/20261004_ternary_color_histogram_screen01/checkpoint_548.json
 create mode 100644 acceleration/results/20261004_ternary_color_histogram_screen01/checkpoint_549.json
 create mode 100644 acceleration/results/20261004_ternary_color_histogram_screen01/checkpoint_550.json
 create mode 100644 acceleration/results/20261004_ternary_color_histogram_screen01/checkpoint_551.json
 create mode 100644 acceleration/results/20261004_ternary_color_histogram_screen01/checkpoint_552.json
 create mode 100644 acceleration/results/20261004_ternary_color_histogram_screen01/checkpoint_553.json
 create mode 100644 acceleration/results/20261004_ternary_color_histogram_screen01/checkpoint_554.json
 create mode 100644 acceleration/results/20261004_ternary_color_histogram_screen01/checkpoint_555.json
 create mode 100644 acceleration/results/20261004_ternary_color_histogram_screen01/checkpoint_556.json
 create mode 100644 acceleration/results/20261004_ternary_color_histogram_screen01/checkpoint_557.json
 create mode 100644 acceleration/results/20261004_ternary_color_histogram_screen01/checkpoint_558.json
 create mode 100644 acceleration/results/20261004_ternary_color_histogram_screen01/checkpoint_559.json
 create mode 100644 acceleration/results/20261004_ternary_color_histogram_screen01/checkpoint_560.json
 create mode 100644 acceleration/results/20261004_ternary_color_histogram_screen01/checkpoint_561.json
 create mode 100644 acceleration/results/20261004_ternary_color_histogram_screen01/checkpoint_562.json
 create mode 100644 acceleration/results/20261004_ternary_color_histogram_screen01/checkpoint_563.json
 create mode 100644 acceleration/results/20261004_ternary_color_histogram_screen01/checkpoint_564.json
 create mode 100644 acceleration/results/20261004_ternary_color_histogram_screen01/checkpoint_565.json
 create mode 100644 acceleration/results/20261004_ternary_color_histogram_screen01/checkpoint_566.json
 create mode 100644 acceleration/results/20261004_ternary_color_histogram_screen01/checkpoint_567.json
 create mode 100644 acceleration/results/20261004_ternary_color_histogram_screen01/checkpoint_568.json
 create mode 100644 acceleration/results/20261004_ternary_color_histogram_screen01/checkpoint_569.json
 create mode 100644 acceleration/results/20261004_ternary_color_histogram_screen01/checkpoint_570.json
 create mode 100644 acceleration/results/20261004_ternary_color_histogram_screen01/checkpoint_571.json
 create mode 100644 acceleration/results/20261004_ternary_color_histogram_screen01/checkpoint_572.json
 create mode 100644 acceleration/results/20261004_ternary_color_histogram_screen01/checkpoint_573.json
 create mode 100644 acceleration/results/20261004_ternary_color_histogram_screen01/checkpoint_574.json
 create mode 100644 acceleration/results/20261004_ternary_color_histogram_screen01/checkpoint_575.json
 create mode 100644 acceleration/results/20261004_ternary_color_histogram_screen01/checkpoint_576.json
 create mode 100644 acceleration/results/20261004_ternary_color_histogram_screen01/checkpoint_577.json
 create mode 100644 acceleration/results/20261004_ternary_color_histogram_screen01/checkpoint_578.json
 create mode 100644 acceleration/results/20261004_ternary_color_histogram_screen01/checkpoint_579.json
 create mode 100644 acceleration/results/20261004_ternary_color_histogram_screen01/checkpoint_580.json
 create mode 100644 acceleration/results/20261004_ternary_color_histogram_screen01/checkpoint_581.json
 create mode 100644 acceleration/results/20261004_ternary_color_histogram_screen01/checkpoint_582.json
 create mode 100644 acceleration/results/20261004_ternary_color_histogram_screen01/checkpoint_583.json
 create mode 100644 acceleration/results/20261004_ternary_color_histogram_screen01/checkpoint_584.json
 create mode 100644 acceleration/results/20261004_ternary_color_histogram_screen01/checkpoint_585.json
 create mode 100644 acceleration/results/20261004_ternary_color_histogram_screen01/checkpoint_586.json
 create mode 100644 acceleration/results/20261004_ternary_color_histogram_screen01/checkpoint_587.json
 create mode 100644 acceleration/results/20261004_ternary_color_histogram_screen01/checkpoint_588.json
 create mode 100644 acceleration/results/20261004_ternary_color_histogram_screen01/checkpoint_589.json
 create mode 100644 acceleration/results/20261004_ternary_color_histogram_screen01/checkpoint_590.json
 create mode 100644 acceleration/results/20261004_ternary_color_histogram_screen01/checkpoint_591.json
 create mode 100644 acceleration/results/20261004_ternary_color_histogram_screen01/checkpoint_592.json
 create mode 100644 acceleration/results/20261004_ternary_color_histogram_screen01/checkpoint_593.json
 create mode 100644 acceleration/results/20261004_ternary_color_histogram_screen01/checkpoint_594.json
 create mode 100644 acceleration/results/20261004_ternary_color_histogram_screen01/checkpoint_595.json
 create mode 100644 acceleration/results/20261004_ternary_color_histogram_screen01/checkpoint_596.json
 create mode 100644 acceleration/results/20261004_ternary_color_histogram_screen01/checkpoint_597.json
 create mode 100644 acceleration/results/20261004_ternary_color_histogram_screen01/checkpoint_598.json
 create mode 100644 acceleration/results/20261004_ternary_color_histogram_screen01/checkpoint_599.json
 create mode 100644 acceleration/results/20261004_ternary_color_histogram_screen01/checkpoint_600.json
 create mode 100644 acceleration/results/20261004_ternary_color_histogram_screen01/checkpoint_601.json
 create mode 100644 acceleration/results/20261004_ternary_color_histogram_screen01/checkpoint_602.json
 create mode 100644 acceleration/results/20261004_ternary_color_histogram_screen01/checkpoint_603.json
 create mode 100644 acceleration/results/20261004_ternary_color_histogram_screen01/checkpoint_604.json
 create mode 100644 acceleration/results/20261004_ternary_color_histogram_screen01/checkpoint_605.json
 create mode 100644 acceleration/results/20261004_ternary_color_histogram_screen01/checkpoint_606.json
 create mode 100644 acceleration/results/20261004_ternary_color_histogram_screen01/checkpoint_607.json
 create mode 100644 acceleration/results/20261004_ternary_color_histogram_screen01/checkpoint_608.json
 create mode 100644 acceleration/results/20261004_ternary_color_histogram_screen01/checkpoint_609.json
 create mode 100644 acceleration/results/20261004_ternary_color_histogram_screen01/checkpoint_610.json
 create mode 100644 acceleration/results/20261004_ternary_color_histogram_screen01/checkpoint_611.json
 create mode 100644 acceleration/results/20261004_ternary_color_histogram_screen01/checkpoint_612.json
 create mode 100644 acceleration/results/20261004_ternary_color_histogram_screen01/checkpoint_613.json
 create mode 100644 acceleration/results/20261004_ternary_color_histogram_screen01/checkpoint_614.json
 create mode 100644 acceleration/results/20261004_ternary_color_histogram_screen01/checkpoint_615.json
 create mode 100644 acceleration/results/20261004_ternary_color_histogram_screen01/checkpoint_616.json
 create mode 100644 acceleration/results/20261004_ternary_color_histogram_screen01/checkpoint_617.json
 create mode 100644 acceleration/results/20261004_ternary_color_histogram_screen01/checkpoint_618.json
 create mode 100644 acceleration/results/20261004_ternary_color_histogram_screen01/checkpoint_619.json
 create mode 100644 acceleration/results/20261004_ternary_color_histogram_screen01/checkpoint_620.json
 create mode 100644 acceleration/results/20261004_ternary_color_histogram_screen01/checkpoint_621.json
 create mode 100644 acceleration/results/20261004_ternary_color_histogram_screen01/checkpoint_622.json
 create mode 100644 acceleration/results/20261004_ternary_color_histogram_screen01/checkpoint_623.json
 create mode 100644 acceleration/results/20261004_ternary_color_histogram_screen01/checkpoint_624.json
 create mode 100644 acceleration/results/20261004_ternary_color_histogram_screen01/checkpoint_625.json
 create mode 100644 acceleration/results/20261004_ternary_color_histogram_screen01/checkpoint_626.json
 create mode 100644 acceleration/results/20261004_ternary_color_histogram_screen01/checkpoint_627.json
 create mode 100644 acceleration/results/20261004_ternary_color_histogram_screen01/checkpoint_628.json
 create mode 100644 acceleration/results/20261004_ternary_color_histogram_screen01/checkpoint_629.json
 create mode 100644 acceleration/results/20261004_ternary_color_histogram_screen01/checkpoint_630.json
 create mode 100644 acceleration/results/20261004_ternary_color_histogram_screen01/checkpoint_631.json
 create mode 100644 acceleration/results/20261004_ternary_color_histogram_screen01/checkpoint_632.json
 create mode 100644 acceleration/results/20261004_ternary_color_histogram_screen01/checkpoint_633.json
 create mode 100644 acceleration/results/20261004_ternary_color_histogram_screen01/checkpoint_634.json
 create mode 100644 acceleration/results/20261004_ternary_color_histogram_screen01/checkpoint_635.json
 create mode 100644 acceleration/results/20261004_ternary_color_histogram_screen01/checkpoint_636.json
 create mode 100644 acceleration/results/20261004_ternary_color_histogram_screen01/checkpoint_637.json
 create mode 100644 acceleration/results/20261004_ternary_color_histogram_screen01/checkpoint_638.json
 create mode 100644 acceleration/results/20261004_ternary_color_histogram_screen01/checkpoint_639.json
 create mode 100644 acceleration/results/20261004_ternary_color_histogram_screen01/checkpoint_640.json
 create mode 100644 acceleration/results/20261004_ternary_color_histogram_screen01/checkpoint_641.json
 create mode 100644 acceleration/results/20261004_ternary_color_histogram_screen01/checkpoint_642.json
 create mode 100644 acceleration/results/20261004_ternary_color_histogram_screen01/checkpoint_643.json
 create mode 100644 acceleration/results/20261004_ternary_color_histogram_screen01/checkpoint_644.json
 create mode 100644 acceleration/results/20261004_ternary_color_histogram_screen01/checkpoint_645.json
 create mode 100644 acceleration/results/20261004_ternary_color_histogram_screen01/checkpoint_646.json
 create mode 100644 acceleration/results/20261004_ternary_color_histogram_screen01/checkpoint_647.json
 create mode 100644 acceleration/results/20261004_ternary_color_histogram_screen01/checkpoint_648.json
 create mode 100644 acceleration/results/20261004_ternary_color_histogram_screen01/checkpoint_649.json
 create mode 100644 acceleration/results/20261004_ternary_color_histogram_screen01/checkpoint_650.json
 create mode 100644 acceleration/results/20261004_ternary_color_histogram_screen01/checkpoint_651.json
 create mode 100644 acceleration/results/20261004_ternary_color_histogram_screen01/checkpoint_652.json
 create mode 100644 acceleration/results/20261004_ternary_color_histogram_screen01/checkpoint_653.json
 create mode 100644 acceleration/results/20261004_ternary_color_histogram_screen01/checkpoint_654.json
 create mode 100644 acceleration/results/20261004_ternary_color_histogram_screen01/checkpoint_655.json
 create mode 100644 acceleration/results/20261004_ternary_color_histogram_screen01/checkpoint_656.json
 create mode 100644 acceleration/results/20261004_ternary_color_histogram_screen01/checkpoint_657.json
 create mode 100644 acceleration/results/20261004_ternary_color_histogram_screen01/checkpoint_658.json
 create mode 100644 acceleration/results/20261004_ternary_color_histogram_screen01/checkpoint_659.json
 create mode 100644 acceleration/results/20261004_ternary_color_histogram_screen01/checkpoint_660.json
 create mode 100644 acceleration/results/20261004_ternary_color_histogram_screen01/checkpoint_661.json
 create mode 100644 acceleration/results/20261004_ternary_color_histogram_screen01/checkpoint_662.json
 create mode 100644 acceleration/results/20261004_ternary_color_histogram_screen01/checkpoint_663.json
 create mode 100644 acceleration/results/20261004_ternary_color_histogram_screen01/checkpoint_664.json
 create mode 100644 acceleration/results/20261004_ternary_color_histogram_screen01/checkpoint_665.json
 create mode 100644 acceleration/results/20261004_ternary_color_histogram_screen01/checkpoint_666.json
 create mode 100644 acceleration/results/20261004_ternary_color_histogram_screen01/checkpoint_667.json
 create mode 100644 acceleration/results/20261004_ternary_color_histogram_screen01/checkpoint_668.json
 create mode 100644 acceleration/results/20261004_ternary_color_histogram_screen01/checkpoint_669.json
 create mode 100644 acceleration/results/20261004_ternary_color_histogram_screen01/checkpoint_670.json
 create mode 100644 acceleration/results/20261004_ternary_color_histogram_screen01/checkpoint_671.json
 create mode 100644 acceleration/results/20261004_ternary_color_histogram_screen01/checkpoint_672.json
 create mode 100644 acceleration/results/20261004_ternary_color_histogram_screen01/checkpoint_673.json
 create mode 100644 acceleration/results/20261004_ternary_color_histogram_screen01/checkpoint_674.json
 create mode 100644 acceleration/results/20261004_ternary_color_histogram_screen01/checkpoint_675.json
 create mode 100644 acceleration/results/20261004_ternary_color_histogram_screen01/checkpoint_676.json
 create mode 100644 acceleration/results/20261004_ternary_color_histogram_screen01/checkpoint_677.json
 create mode 100644 acceleration/results/20261004_ternary_color_histogram_screen01/checkpoint_678.json
 create mode 100644 acceleration/results/20261004_ternary_color_histogram_screen01/checkpoint_679.json
 create mode 100644 acceleration/results/20261004_ternary_color_histogram_screen01/checkpoint_680.json
 create mode 100644 acceleration/results/20261004_ternary_color_histogram_screen01/checkpoint_681.json
 create mode 100644 acceleration/results/20261004_ternary_color_histogram_screen01/checkpoint_682.json
 create mode 100644 acceleration/results/20261004_ternary_color_histogram_screen01/checkpoint_683.json
 create mode 100644 acceleration/results/20261004_ternary_color_histogram_screen01/checkpoint_684.json
 create mode 100644 acceleration/results/20261004_ternary_color_histogram_screen01/checkpoint_685.json
 create mode 100644 acceleration/results/20261004_ternary_color_histogram_screen01/checkpoint_686.json
 create mode 100644 acceleration/results/20261004_ternary_color_histogram_screen01/checkpoint_687.json
 create mode 100644 acceleration/results/20261004_ternary_color_histogram_screen01/checkpoint_688.json
 create mode 100644 acceleration/results/20261004_ternary_color_histogram_screen01/checkpoint_689.json
 create mode 100644 acceleration/results/20261004_ternary_color_histogram_screen01/checkpoint_690.json
 create mode 100644 acceleration/results/20261004_ternary_color_histogram_screen01/checkpoint_691.json
 create mode 100644 acceleration/results/20261004_ternary_color_histogram_screen01/checkpoint_692.json
 create mode 100644 acceleration/results/20261004_ternary_color_histogram_screen01/checkpoint_693.json
 create mode 100644 acceleration/results/20261004_ternary_color_histogram_screen01/checkpoint_694.json
 create mode 100644 acceleration/results/20261004_ternary_color_histogram_screen01/checkpoint_695.json
 create mode 100644 acceleration/results/20261004_ternary_color_histogram_screen01/checkpoint_696.json
 create mode 100644 acceleration/results/20261004_ternary_color_histogram_screen01/checkpoint_697.json
 create mode 100644 acceleration/results/20261004_ternary_color_histogram_screen01/checkpoint_698.json
 create mode 100644 acceleration/results/20261004_ternary_color_histogram_screen01/checkpoint_699.json
 create mode 100644 acceleration/results/20261004_ternary_color_histogram_screen01/checkpoint_700.json
 create mode 100644 acceleration/results/20261004_ternary_color_histogram_screen01/checkpoint_701.json
 create mode 100644 acceleration/results/20261004_ternary_color_histogram_screen01/checkpoint_702.json
 create mode 100644 acceleration/results/20261004_ternary_color_histogram_screen01/checkpoint_703.json
 create mode 100644 acceleration/results/20261004_ternary_color_histogram_screen01/checkpoint_704.json
 create mode 100644 acceleration/results/20261004_ternary_color_histogram_screen01/checkpoint_705.json
 create mode 100644 acceleration/results/20261004_ternary_color_histogram_screen01/checkpoint_706.json
 create mode 100644 acceleration/results/20261004_ternary_color_histogram_screen01/checkpoint_707.json
 create mode 100644 acceleration/results/20261004_ternary_color_histogram_screen01/checkpoint_708.json
 create mode 100644 acceleration/results/20261004_ternary_color_histogram_screen01/checkpoint_709.json
 create mode 100644 acceleration/results/20261004_ternary_color_histogram_screen01/checkpoint_710.json
 create mode 100644 acceleration/results/20261004_ternary_color_histogram_screen01/checkpoint_711.json
 create mode 100644 acceleration/results/20261004_ternary_color_histogram_screen01/checkpoint_712.json
 create mode 100644 acceleration/results/20261004_ternary_color_histogram_screen01/checkpoint_713.json
 create mode 100644 acceleration/results/20261004_ternary_color_histogram_screen01/checkpoint_714.json
 create mode 100644 acceleration/results/20261004_ternary_color_histogram_screen01/checkpoint_715.json
 create mode 100644 acceleration/results/20261004_ternary_color_histogram_screen01/checkpoint_716.json
 create mode 100644 acceleration/results/20261004_ternary_color_histogram_screen01/checkpoint_717.json
 create mode 100644 acceleration/results/20261004_ternary_color_histogram_screen01/checkpoint_718.json
 create mode 100644 acceleration/results/20261004_ternary_color_histogram_screen01/checkpoint_719.json
 create mode 100644 acceleration/results/20261004_ternary_color_histogram_screen01/checkpoint_720.json
 create mode 100644 acceleration/results/20261004_ternary_color_histogram_screen01/checkpoint_721.json
 create mode 100644 acceleration/results/20261004_ternary_color_histogram_screen01/checkpoint_722.json
 create mode 100644 acceleration/results/20261004_ternary_color_histogram_screen01/checkpoint_723.json
 create mode 100644 acceleration/results/20261004_ternary_color_histogram_screen01/checkpoint_724.json
 create mode 100644 acceleration/results/20261004_ternary_color_histogram_screen01/checkpoint_725.json
 create mode 100644 acceleration/results/20261004_ternary_color_histogram_screen01/checkpoint_726.json
 create mode 100644 acceleration/results/20261004_ternary_color_histogram_screen01/checkpoint_727.json
 create mode 100644 acceleration/results/20261004_ternary_color_histogram_screen01/checkpoint_728.json
 create mode 100644 acceleration/results/20261004_ternary_color_histogram_screen01/checkpoint_729.json
 create mode 100644 acceleration/results/20261004_ternary_color_histogram_screen01/checkpoint_730.json
 create mode 100644 acceleration/results/20261004_ternary_color_histogram_screen01/checkpoint_731.json
 create mode 100644 acceleration/results/20261004_ternary_color_histogram_screen01/checkpoint_732.json
 create mode 100644 acceleration/results/20261004_ternary_color_histogram_screen01/checkpoint_733.json
 create mode 100644 acceleration/results/20261004_ternary_color_histogram_screen01/checkpoint_734.json
 create mode 100644 acceleration/results/20261004_ternary_color_histogram_screen01/checkpoint_735.json
 create mode 100644 acceleration/results/20261004_ternary_color_histogram_screen01/checkpoint_736.json
 create mode 100644 acceleration/results/20261004_ternary_color_histogram_screen01/checkpoint_737.json
 create mode 100644 acceleration/results/20261004_ternary_color_histogram_screen01/checkpoint_738.json
 create mode 100644 acceleration/results/20261004_ternary_color_histogram_screen01/checkpoint_739.json
 create mode 100644 acceleration/results/20261004_ternary_color_histogram_screen01/checkpoint_740.json
 create mode 100644 acceleration/results/20261004_ternary_color_histogram_screen01/checkpoint_741.json
 create mode 100644 acceleration/results/20261004_ternary_color_histogram_screen01/checkpoint_742.json
 create mode 100644 acceleration/results/20261004_ternary_color_histogram_screen01/checkpoint_743.json
 create mode 100644 acceleration/results/20261004_ternary_color_histogram_screen01/checkpoint_744.json
 create mode 100644 acceleration/results/20261004_ternary_color_histogram_screen01/checkpoint_745.json
 create mode 100644 acceleration/results/20261004_ternary_color_histogram_screen01/checkpoint_746.json
 create mode 100644 acceleration/results/20261004_ternary_color_histogram_screen01/checkpoint_747.json
 create mode 100644 acceleration/results/20261004_ternary_color_histogram_screen01/checkpoint_748.json
 create mode 100644 acceleration/results/20261004_ternary_color_histogram_screen01/checkpoint_749.json
 create mode 100644 acceleration/results/20261004_ternary_color_histogram_screen01/checkpoint_750.json
 create mode 100644 acceleration/results/20261004_ternary_color_histogram_screen01/checkpoint_751.json
 create mode 100644 acceleration/results/20261004_ternary_color_histogram_screen01/checkpoint_752.json
 create mode 100644 acceleration/results/20261004_ternary_color_histogram_screen01/checkpoint_753.json
 create mode 100644 acceleration/results/20261004_ternary_color_histogram_screen01/checkpoint_754.json
 create mode 100644 acceleration/results/20261004_ternary_color_histogram_screen01/checkpoint_755.json
 create mode 100644 acceleration/results/20261004_ternary_color_histogram_screen01/checkpoint_756.json
 create mode 100644 acceleration/results/20261004_ternary_color_histogram_screen01/checkpoint_757.json
 create mode 100644 acceleration/results/20261004_ternary_color_histogram_screen01/checkpoint_758.json
 create mode 100644 acceleration/results/20261004_ternary_color_histogram_screen01/checkpoint_759.json
 create mode 100644 acceleration/results/20261004_ternary_color_histogram_screen01/checkpoint_760.json
 create mode 100644 acceleration/results/20261004_ternary_color_histogram_screen01/label_046/histograms.jsonl
 create mode 100644 acceleration/results/20261004_ternary_color_histogram_screen01/label_046/rejections.jsonl
 create mode 100644 acceleration/results/20261004_ternary_color_histogram_screen01/label_046/result.json
 create mode 100644 acceleration/results/20261004_ternary_color_histogram_screen01/label_047/histograms.jsonl
 create mode 100644 acceleration/results/20261004_ternary_color_histogram_screen01/label_047/rejections.jsonl
 create mode 100644 acceleration/results/20261004_ternary_color_histogram_screen01/label_047/result.json
 create mode 100644 acceleration/results/20261004_ternary_color_histogram_screen01/label_048/histograms.jsonl
 create mode 100644 acceleration/results/20261004_ternary_color_histogram_screen01/label_048/rejections.jsonl
 create mode 100644 acceleration/results/20261004_ternary_color_histogram_screen01/label_048/result.json
 create mode 100644 acceleration/results/20261004_ternary_color_histogram_screen01/label_049/histograms.jsonl
 create mode 100644 acceleration/results/20261004_ternary_color_histogram_screen01/label_049/rejections.jsonl
 create mode 100644 acceleration/results/20261004_ternary_color_histogram_screen01/label_049/result.json
 create mode 100644 acceleration/results/20261004_ternary_color_histogram_screen01/label_050/histograms.jsonl
 create mode 100644 acceleration/results/20261004_ternary_color_histogram_screen01/label_050/rejections.jsonl
 create mode 100644 acceleration/results/20261004_ternary_color_histogram_screen01/label_050/result.json
 create mode 100644 acceleration/results/20261004_ternary_color_histogram_screen01/label_051/histograms.jsonl
 create mode 100644 acceleration/results/20261004_ternary_color_histogram_screen01/label_051/rejections.jsonl
 create mode 100644 acceleration/results/20261004_ternary_color_histogram_screen01/label_051/result.json
 create mode 100644 acceleration/results/20261004_ternary_color_histogram_screen01/label_052/histograms.jsonl
 create mode 100644 acceleration/results/20261004_ternary_color_histogram_screen01/label_052/rejections.jsonl
 create mode 100644 acceleration/results/20261004_ternary_color_histogram_screen01/label_052/result.json
 create mode 100644 acceleration/results/20261004_ternary_color_histogram_screen01/label_053/histograms.jsonl
 create mode 100644 acceleration/results/20261004_ternary_color_histogram_screen01/label_053/rejections.jsonl
 create mode 100644 acceleration/results/20261004_ternary_color_histogram_screen01/label_053/result.json
 create mode 100644 acceleration/results/20261004_ternary_color_histogram_screen01/label_054/histograms.jsonl
 create mode 100644 acceleration/results/20261004_ternary_color_histogram_screen01/label_054/rejections.jsonl
 create mode 100644 acceleration/results/20261004_ternary_color_histogram_screen01/label_054/result.json
 create mode 100644 acceleration/results/20261004_ternary_color_histogram_screen01/label_055/histograms.jsonl
 create mode 100644 acceleration/results/20261004_ternary_color_histogram_screen01/label_055/rejections.jsonl
 create mode 100644 acceleration/results/20261004_ternary_color_histogram_screen01/label_055/result.json
 create mode 100644 acceleration/results/20261004_ternary_color_histogram_screen01/label_056/histograms.jsonl
 create mode 100644 acceleration/results/20261004_ternary_color_histogram_screen01/label_056/rejections.jsonl
 create mode 100644 acceleration/results/20261004_ternary_color_histogram_screen01/label_056/result.json
 create mode 100644 acceleration/results/20261004_ternary_color_histogram_screen01/label_103/histograms.jsonl
 create mode 100644 acceleration/results/20261004_ternary_color_histogram_screen01/label_103/rejections.jsonl
 create mode 100644 acceleration/results/20261004_ternary_color_histogram_screen01/label_103/result.json
 create mode 100644 acceleration/results/20261004_ternary_color_histogram_screen01/label_104/histograms.jsonl
 create mode 100644 acceleration/results/20261004_ternary_color_histogram_screen01/label_104/rejections.jsonl
 create mode 100644 acceleration/results/20261004_ternary_color_histogram_screen01/label_104/result.json
 create mode 100644 acceleration/results/20261004_ternary_color_histogram_screen01/label_105/histograms.jsonl
 create mode 100644 acceleration/results/20261004_ternary_color_histogram_screen01/label_105/rejections.jsonl
 create mode 100644 acceleration/results/20261004_ternary_color_histogram_screen01/label_105/result.json
 create mode 100644 acceleration/results/20261004_ternary_color_histogram_screen01/label_106/histograms.jsonl
 create mode 100644 acceleration/results/20261004_ternary_color_histogram_screen01/label_106/rejections.jsonl
 create mode 100644 acceleration/results/20261004_ternary_color_histogram_screen01/label_106/result.json
 create mode 100644 acceleration/results/20261004_ternary_color_histogram_screen01/label_107/histograms.jsonl
 create mode 100644 acceleration/results/20261004_ternary_color_histogram_screen01/label_107/rejections.jsonl
 create mode 100644 acceleration/results/20261004_ternary_color_histogram_screen01/label_107/result.json
 create mode 100644 acceleration/results/20261004_ternary_color_histogram_screen01/label_108/histograms.jsonl
 create mode 100644 acceleration/results/20261004_ternary_color_histogram_screen01/label_108/rejections.jsonl
 create mode 100644 acceleration/results/20261004_ternary_color_histogram_screen01/label_108/result.json
 create mode 100644 acceleration/results/20261004_ternary_color_histogram_screen01/label_109/histograms.jsonl
 create mode 100644 acceleration/results/20261004_ternary_color_histogram_screen01/label_109/rejections.jsonl
 create mode 100644 acceleration/results/20261004_ternary_color_histogram_screen01/label_109/result.json
 create mode 100644 acceleration/results/20261004_ternary_color_histogram_screen01/label_110/histograms.jsonl
 create mode 100644 acceleration/results/20261004_ternary_color_histogram_screen01/label_110/rejections.jsonl
 create mode 100644 acceleration/results/20261004_ternary_color_histogram_screen01/label_110/result.json
 create mode 100644 acceleration/results/20261004_ternary_color_histogram_screen01/label_111/histograms.jsonl
 create mode 100644 acceleration/results/20261004_ternary_color_histogram_screen01/label_111/rejections.jsonl
 create mode 100644 acceleration/results/20261004_ternary_color_histogram_screen01/label_111/result.json
 create mode 100644 acceleration/results/20261004_ternary_color_histogram_screen01/label_112/histograms.jsonl
 create mode 100644 acceleration/results/20261004_ternary_color_histogram_screen01/label_112/rejections.jsonl
 create mode 100644 acceleration/results/20261004_ternary_color_histogram_screen01/label_112/result.json
 create mode 100644 acceleration/results/20261004_ternary_color_histogram_screen01/label_113/histograms.jsonl
 create mode 100644 acceleration/results/20261004_ternary_color_histogram_screen01/label_113/rejections.jsonl
 create mode 100644 acceleration/results/20261004_ternary_color_histogram_screen01/label_113/result.json
 create mode 100644 acceleration/results/20261004_ternary_color_histogram_screen01/label_159/histograms.jsonl
 create mode 100644 acceleration/results/20261004_ternary_color_histogram_screen01/label_159/rejections.jsonl
 create mode 100644 acceleration/results/20261004_ternary_color_histogram_screen01/label_159/result.json
 create mode 100644 acceleration/results/20261004_ternary_color_histogram_screen01/label_160/histograms.jsonl
 create mode 100644 acceleration/results/20261004_ternary_color_histogram_screen01/label_160/rejections.jsonl
 create mode 100644 acceleration/results/20261004_ternary_color_histogram_screen01/label_160/result.json
 create mode 100644 acceleration/results/20261004_ternary_color_histogram_screen01/label_161/histograms.jsonl
 create mode 100644 acceleration/results/20261004_ternary_color_histogram_screen01/label_161/rejections.jsonl
 create mode 100644 acceleration/results/20261004_ternary_color_histogram_screen01/label_161/result.json
 create mode 100644 acceleration/results/20261004_ternary_color_histogram_screen01/label_162/histograms.jsonl
 create mode 100644 acceleration/results/20261004_ternary_color_histogram_screen01/label_162/rejections.jsonl
 create mode 100644 acceleration/results/20261004_ternary_color_histogram_screen01/label_162/result.json
 create mode 100644 acceleration/results/20261004_ternary_color_histogram_screen01/label_163/histograms.jsonl
 create mode 100644 acceleration/results/20261004_ternary_color_histogram_screen01/label_163/rejections.jsonl
 create mode 100644 acceleration/results/20261004_ternary_color_histogram_screen01/label_163/result.json
 create mode 100644 acceleration/results/20261004_ternary_color_histogram_screen01/label_164/histograms.jsonl
 create mode 100644 acceleration/results/20261004_ternary_color_histogram_screen01/label_164/rejections.jsonl
 create mode 100644 acceleration/results/20261004_ternary_color_histogram_screen01/label_164/result.json
 create mode 100644 acceleration/results/20261004_ternary_color_histogram_screen01/label_165/histograms.jsonl
 create mode 100644 acceleration/results/20261004_ternary_color_histogram_screen01/label_165/rejections.jsonl
 create mode 100644 acceleration/results/20261004_ternary_color_histogram_screen01/label_165/result.json
 create mode 100644 acceleration/results/20261004_ternary_color_histogram_screen01/label_166/histograms.jsonl
 create mode 100644 acceleration/results/20261004_ternary_color_histogram_screen01/label_166/rejections.jsonl
 create mode 100644 acceleration/results/20261004_ternary_color_histogram_screen01/label_166/result.json
 create mode 100644 acceleration/results/20261004_ternary_color_histogram_screen01/label_167/histograms.jsonl
 create mode 100644 acceleration/results/20261004_ternary_color_histogram_screen01/label_167/rejections.jsonl
 create mode 100644 acceleration/results/20261004_ternary_color_histogram_screen01/label_167/result.json
 create mode 100644 acceleration/results/20261004_ternary_color_histogram_screen01/label_168/histograms.jsonl
 create mode 100644 acceleration/results/20261004_ternary_color_histogram_screen01/label_168/rejections.jsonl
 create mode 100644 acceleration/results/20261004_ternary_color_histogram_screen01/label_168/result.json
 create mode 100644 acceleration/results/20261004_ternary_color_histogram_screen01/label_169/histograms.jsonl
 create mode 100644 acceleration/results/20261004_ternary_color_histogram_screen01/label_169/rejections.jsonl
 create mode 100644 acceleration/results/20261004_ternary_color_histogram_screen01/label_169/result.json
 create mode 100644 acceleration/results/20261004_ternary_color_histogram_screen01/label_170/histograms.jsonl
 create mode 100644 acceleration/results/20261004_ternary_color_histogram_screen01/label_170/rejections.jsonl
 create mode 100644 acceleration/results/20261004_ternary_color_histogram_screen01/label_170/result.json
 create mode 100644 acceleration/results/20261004_ternary_color_histogram_screen01/label_216/histograms.jsonl
 create mode 100644 acceleration/results/20261004_ternary_color_histogram_screen01/label_216/rejections.jsonl
 create mode 100644 acceleration/results/20261004_ternary_color_histogram_screen01/label_216/result.json
 create mode 100644 acceleration/results/20261004_ternary_color_histogram_screen01/label_217/histograms.jsonl
 create mode 100644 acceleration/results/20261004_ternary_color_histogram_screen01/label_217/rejections.jsonl
 create mode 100644 acceleration/results/20261004_ternary_color_histogram_screen01/label_217/result.json
 create mode 100644 acceleration/results/20261004_ternary_color_histogram_screen01/label_218/histograms.jsonl
 create mode 100644 acceleration/results/20261004_ternary_color_histogram_screen01/label_218/rejections.jsonl
 create mode 100644 acceleration/results/20261004_ternary_color_histogram_screen01/label_218/result.json
 create mode 100644 acceleration/results/20261004_ternary_color_histogram_screen01/label_219/histograms.jsonl
 create mode 100644 acceleration/results/20261004_ternary_color_histogram_screen01/label_219/rejections.jsonl
 create mode 100644 acceleration/results/20261004_ternary_color_histogram_screen01/label_219/result.json
 create mode 100644 acceleration/results/20261004_ternary_color_histogram_screen01/label_220/histograms.jsonl
 create mode 100644 acceleration/results/20261004_ternary_color_histogram_screen01/label_220/rejections.jsonl
 create mode 100644 acceleration/results/20261004_ternary_color_histogram_screen01/label_220/result.json
 create mode 100644 acceleration/results/20261004_ternary_color_histogram_screen01/label_221/histograms.jsonl
 create mode 100644 acceleration/results/20261004_ternary_color_histogram_screen01/label_221/rejections.jsonl
 create mode 100644 acceleration/results/20261004_ternary_color_histogram_screen01/label_221/result.json
 create mode 100644 acceleration/results/20261004_ternary_color_histogram_screen01/label_222/histograms.jsonl
 create mode 100644 acceleration/results/20261004_ternary_color_histogram_screen01/label_222/rejections.jsonl
 create mode 100644 acceleration/results/20261004_ternary_color_histogram_screen01/label_222/result.json
 create mode 100644 acceleration/results/20261004_ternary_color_histogram_screen01/label_223/histograms.jsonl
 create mode 100644 acceleration/results/20261004_ternary_color_histogram_screen01/label_223/rejections.jsonl
 create mode 100644 acceleration/results/20261004_ternary_color_histogram_screen01/label_223/result.json
 create mode 100644 acceleration/results/20261004_ternary_color_histogram_screen01/label_224/histograms.jsonl
 create mode 100644 acceleration/results/20261004_ternary_color_histogram_screen01/label_224/rejections.jsonl
 create mode 100644 acceleration/results/20261004_ternary_color_histogram_screen01/label_224/result.json
 create mode 100644 acceleration/results/20261004_ternary_color_histogram_screen01/label_225/histograms.jsonl
 create mode 100644 acceleration/results/20261004_ternary_color_histogram_screen01/label_225/rejections.jsonl
 create mode 100644 acceleration/results/20261004_ternary_color_histogram_screen01/label_225/result.json
 create mode 100644 acceleration/results/20261004_ternary_color_histogram_screen01/label_226/histograms.jsonl
 create mode 100644 acceleration/results/20261004_ternary_color_histogram_screen01/label_226/rejections.jsonl
 create mode 100644 acceleration/results/20261004_ternary_color_histogram_screen01/label_226/result.json
 create mode 100644 acceleration/results/20261004_ternary_color_histogram_screen01/label_227/histograms.jsonl
 create mode 100644 acceleration/results/20261004_ternary_color_histogram_screen01/label_227/rejections.jsonl
 create mode 100644 acceleration/results/20261004_ternary_color_histogram_screen01/label_227/result.json
 create mode 100644 acceleration/results/20261004_ternary_color_histogram_screen01/label_272/histograms.jsonl
 create mode 100644 acceleration/results/20261004_ternary_color_histogram_screen01/label_272/rejections.jsonl
 create mode 100644 acceleration/results/20261004_ternary_color_histogram_screen01/label_272/result.json
 create mode 100644 acceleration/results/20261004_ternary_color_histogram_screen01/label_273/histograms.jsonl
 create mode 100644 acceleration/results/20261004_ternary_color_histogram_screen01/label_273/rejections.jsonl
 create mode 100644 acceleration/results/20261004_ternary_color_histogram_screen01/label_273/result.json
 create mode 100644 acceleration/results/20261004_ternary_color_histogram_screen01/label_274/histograms.jsonl
 create mode 100644 acceleration/results/20261004_ternary_color_histogram_screen01/label_274/rejections.jsonl
 create mode 100644 acceleration/results/20261004_ternary_color_histogram_screen01/label_274/result.json
 create mode 100644 acceleration/results/20261004_ternary_color_histogram_screen01/label_275/histograms.jsonl
 create mode 100644 acceleration/results/20261004_ternary_color_histogram_screen01/label_275/rejections.jsonl
 create mode 100644 acceleration/results/20261004_ternary_color_histogram_screen01/label_275/result.json
 create mode 100644 acceleration/results/20261004_ternary_color_histogram_screen01/label_276/histograms.jsonl
 create mode 100644 acceleration/results/20261004_ternary_color_histogram_screen01/label_276/rejections.jsonl
 create mode 100644 acceleration/results/20261004_ternary_color_histogram_screen01/label_276/result.json
 create mode 100644 acceleration/results/20261004_ternary_color_histogram_screen01/label_277/histograms.jsonl
 create mode 100644 acceleration/results/20261004_ternary_color_histogram_screen01/label_277/rejections.jsonl
 create mode 100644 acceleration/results/20261004_ternary_color_histogram_screen01/label_277/result.json
 create mode 100644 acceleration/results/20261004_ternary_color_histogram_screen01/label_278/histograms.jsonl
 create mode 100644 acceleration/results/20261004_ternary_color_histogram_screen01/label_278/rejections.jsonl
 create mode 100644 acceleration/results/20261004_ternary_color_histogram_screen01/label_278/result.json
 create mode 100644 acceleration/results/20261004_ternary_color_histogram_screen01/label_279/histograms.jsonl
 create mode 100644 acceleration/results/20261004_ternary_color_histogram_screen01/label_279/rejections.jsonl
 create mode 100644 acceleration/results/20261004_ternary_color_histogram_screen01/label_279/result.json
 create mode 100644 acceleration/results/20261004_ternary_color_histogram_screen01/label_280/histograms.jsonl
 create mode 100644 acceleration/results/20261004_ternary_color_histogram_screen01/label_280/rejections.jsonl
 create mode 100644 acceleration/results/20261004_ternary_color_histogram_screen01/label_280/result.json
 create mode 100644 acceleration/results/20261004_ternary_color_histogram_screen01/label_281/histograms.jsonl
 create mode 100644 acceleration/results/20261004_ternary_color_histogram_screen01/label_281/rejections.jsonl
 create mode 100644 acceleration/results/20261004_ternary_color_histogram_screen01/label_281/result.json
 create mode 100644 acceleration/results/20261004_ternary_color_histogram_screen01/label_282/histograms.jsonl
 create mode 100644 acceleration/results/20261004_ternary_color_histogram_screen01/label_282/rejections.jsonl
 create mode 100644 acceleration/results/20261004_ternary_color_histogram_screen01/label_282/result.json
 create mode 100644 acceleration/results/20261004_ternary_color_histogram_screen01/label_283/histograms.jsonl
 create mode 100644 acceleration/results/20261004_ternary_color_histogram_screen01/label_283/rejections.jsonl
 create mode 100644 acceleration/results/20261004_ternary_color_histogram_screen01/label_283/result.json
 create mode 100644 acceleration/results/20261004_ternary_color_histogram_screen01/label_284/histograms.jsonl
 create mode 100644 acceleration/results/20261004_ternary_color_histogram_screen01/label_284/rejections.jsonl
 create mode 100644 acceleration/results/20261004_ternary_color_histogram_screen01/label_284/result.json
 create mode 100644 acceleration/results/20261004_ternary_color_histogram_screen01/label_330/histograms.jsonl
 create mode 100644 acceleration/results/20261004_ternary_color_histogram_screen01/label_330/rejections.jsonl
 create mode 100644 acceleration/results/20261004_ternary_color_histogram_screen01/label_330/result.json
 create mode 100644 acceleration/results/20261004_ternary_color_histogram_screen01/label_331/histograms.jsonl
 create mode 100644 acceleration/results/20261004_ternary_color_histogram_screen01/label_331/rejections.jsonl
 create mode 100644 acceleration/results/20261004_ternary_color_histogram_screen01/label_331/result.json
 create mode 100644 acceleration/results/20261004_ternary_color_histogram_screen01/label_332/histograms.jsonl
 create mode 100644 acceleration/results/20261004_ternary_color_histogram_screen01/label_332/rejections.jsonl
 create mode 100644 acceleration/results/20261004_ternary_color_histogram_screen01/label_332/result.json
 create mode 100644 acceleration/results/20261004_ternary_color_histogram_screen01/label_333/histograms.jsonl
 create mode 100644 acceleration/results/20261004_ternary_color_histogram_screen01/label_333/rejections.jsonl
 create mode 100644 acceleration/results/20261004_ternary_color_histogram_screen01/label_333/result.json
 create mode 100644 acceleration/results/20261004_ternary_color_histogram_screen01/label_334/histograms.jsonl
 create mode 100644 acceleration/results/20261004_ternary_color_histogram_screen01/label_334/rejections.jsonl
 create mode 100644 acceleration/results/20261004_ternary_color_histogram_screen01/label_334/result.json
 create mode 100644 acceleration/results/20261004_ternary_color_histogram_screen01/label_335/histograms.jsonl
 create mode 100644 acceleration/results/20261004_ternary_color_histogram_screen01/label_335/rejections.jsonl
 create mode 100644 acceleration/results/20261004_ternary_color_histogram_screen01/label_335/result.json
 create mode 100644 acceleration/results/20261004_ternary_color_histogram_screen01/label_336/histograms.jsonl
 create mode 100644 acceleration/results/20261004_ternary_color_histogram_screen01/label_336/rejections.jsonl
 create mode 100644 acceleration/results/20261004_ternary_color_histogram_screen01/label_336/result.json
 create mode 100644 acceleration/results/20261004_ternary_color_histogram_screen01/label_337/histograms.jsonl
 create mode 100644 acceleration/results/20261004_ternary_color_histogram_screen01/label_337/rejections.jsonl
 create mode 100644 acceleration/results/20261004_ternary_color_histogram_screen01/label_337/result.json
 create mode 100644 acceleration/results/20261004_ternary_color_histogram_screen01/label_338/histograms.jsonl
 create mode 100644 acceleration/results/20261004_ternary_color_histogram_screen01/label_338/rejections.jsonl
 create mode 100644 acceleration/results/20261004_ternary_color_histogram_screen01/label_338/result.json
 create mode 100644 acceleration/results/20261004_ternary_color_histogram_screen01/label_339/histograms.jsonl
 create mode 100644 acceleration/results/20261004_ternary_color_histogram_screen01/label_339/rejections.jsonl
 create mode 100644 acceleration/results/20261004_ternary_color_histogram_screen01/label_339/result.json
 create mode 100644 acceleration/results/20261004_ternary_color_histogram_screen01/label_340/histograms.jsonl
 create mode 100644 acceleration/results/20261004_ternary_color_histogram_screen01/label_340/rejections.jsonl
 create mode 100644 acceleration/results/20261004_ternary_color_histogram_screen01/label_340/result.json
 create mode 100644 acceleration/results/20261004_ternary_color_histogram_screen01/label_341/histograms.jsonl
 create mode 100644 acceleration/results/20261004_ternary_color_histogram_screen01/label_341/rejections.jsonl
 create mode 100644 acceleration/results/20261004_ternary_color_histogram_screen01/label_341/result.json
 create mode 100644 acceleration/results/20261004_ternary_color_histogram_screen01/label_342/histograms.jsonl
 create mode 100644 acceleration/results/20261004_ternary_color_histogram_screen01/label_342/rejections.jsonl
 create mode 100644 acceleration/results/20261004_ternary_color_histogram_screen01/label_342/result.json
 create mode 100644 acceleration/results/20261004_ternary_color_histogram_screen01/label_343/histograms.jsonl
 create mode 100644 acceleration/results/20261004_ternary_color_histogram_screen01/label_343/rejections.jsonl
 create mode 100644 acceleration/results/20261004_ternary_color_histogram_screen01/label_343/result.json
 create mode 100644 acceleration/results/20261004_ternary_color_histogram_screen01/label_344/histograms.jsonl
 create mode 100644 acceleration/results/20261004_ternary_color_histogram_screen01/label_344/rejections.jsonl
 create mode 100644 acceleration/results/20261004_ternary_color_histogram_screen01/label_344/result.json
 create mode 100644 acceleration/results/20261004_ternary_color_histogram_screen01/label_345/histograms.jsonl
 create mode 100644 acceleration/results/20261004_ternary_color_histogram_screen01/label_345/rejections.jsonl
 create mode 100644 acceleration/results/20261004_ternary_color_histogram_screen01/label_345/result.json
 create mode 100644 acceleration/results/20261004_ternary_color_histogram_screen01/label_346/histograms.jsonl
 create mode 100644 acceleration/results/20261004_ternary_color_histogram_screen01/label_346/rejections.jsonl
 create mode 100644 acceleration/results/20261004_ternary_color_histogram_screen01/label_346/result.json
 create mode 100644 acceleration/results/20261004_ternary_color_histogram_screen01/label_347/histograms.jsonl
 create mode 100644 acceleration/results/20261004_ternary_color_histogram_screen01/label_347/rejections.jsonl
 create mode 100644 acceleration/results/20261004_ternary_color_histogram_screen01/label_347/result.json
 create mode 100644 acceleration/results/20261004_ternary_color_histogram_screen01/label_348/histograms.jsonl
 create mode 100644 acceleration/results/20261004_ternary_color_histogram_screen01/label_348/rejections.jsonl
 create mode 100644 acceleration/results/20261004_ternary_color_histogram_screen01/label_348/result.json
 create mode 100644 acceleration/results/20261004_ternary_color_histogram_screen01/label_394/histograms.jsonl
 create mode 100644 acceleration/results/20261004_ternary_color_histogram_screen01/label_394/rejections.jsonl
 create mode 100644 acceleration/results/20261004_ternary_color_histogram_screen01/label_394/result.json
 create mode 100644 acceleration/results/20261004_ternary_color_histogram_screen01/label_395/histograms.jsonl
 create mode 100644 acceleration/results/20261004_ternary_color_histogram_screen01/label_395/rejections.jsonl
 create mode 100644 acceleration/results/20261004_ternary_color_histogram_screen01/label_395/result.json
 create mode 100644 acceleration/results/20261004_ternary_color_histogram_screen01/label_396/histograms.jsonl
 create mode 100644 acceleration/results/20261004_ternary_color_histogram_screen01/label_396/rejections.jsonl
 create mode 100644 acceleration/results/20261004_ternary_color_histogram_screen01/label_396/result.json
 create mode 100644 acceleration/results/20261004_ternary_color_histogram_screen01/label_397/histograms.jsonl
 create mode 100644 acceleration/results/20261004_ternary_color_histogram_screen01/label_397/rejections.jsonl
 create mode 100644 acceleration/results/20261004_ternary_color_histogram_screen01/label_397/result.json
 create mode 100644 acceleration/results/20261004_ternary_color_histogram_screen01/label_398/histograms.jsonl
 create mode 100644 acceleration/results/20261004_ternary_color_histogram_screen01/label_398/rejections.jsonl
 create mode 100644 acceleration/results/20261004_ternary_color_histogram_screen01/label_398/result.json
 create mode 100644 acceleration/results/20261004_ternary_color_histogram_screen01/label_399/histograms.jsonl
 create mode 100644 acceleration/results/20261004_ternary_color_histogram_screen01/label_399/rejections.jsonl
 create mode 100644 acceleration/results/20261004_ternary_color_histogram_screen01/label_399/result.json
 create mode 100644 acceleration/results/20261004_ternary_color_histogram_screen01/label_400/histograms.jsonl
 create mode 100644 acceleration/results/20261004_ternary_color_histogram_screen01/label_400/rejections.jsonl
 create mode 100644 acceleration/results/20261004_ternary_color_histogram_screen01/label_400/result.json
 create mode 100644 acceleration/results/20261004_ternary_color_histogram_screen01/label_401/histograms.jsonl
 create mode 100644 acceleration/results/20261004_ternary_color_histogram_screen01/label_401/rejections.jsonl
 create mode 100644 acceleration/results/20261004_ternary_color_histogram_screen01/label_401/result.json
 create mode 100644 acceleration/results/20261004_ternary_color_histogram_screen01/label_402/histograms.jsonl
 create mode 100644 acceleration/results/20261004_ternary_color_histogram_screen01/label_402/rejections.jsonl
 create mode 100644 acceleration/results/20261004_ternary_color_histogram_screen01/label_402/result.json
 create mode 100644 acceleration/results/20261004_ternary_color_histogram_screen01/label_403/histograms.jsonl
 create mode 100644 acceleration/results/20261004_ternary_color_histogram_screen01/label_403/rejections.jsonl
 create mode 100644 acceleration/results/20261004_ternary_color_histogram_screen01/label_403/result.json
 create mode 100644 acceleration/results/20261004_ternary_color_histogram_screen01/label_404/histograms.jsonl
 create mode 100644 acceleration/results/20261004_ternary_color_histogram_screen01/label_404/rejections.jsonl
 create mode 100644 acceleration/results/20261004_ternary_color_histogram_screen01/label_404/result.json
 create mode 100644 acceleration/results/20261004_ternary_color_histogram_screen01/label_405/histograms.jsonl
 create mode 100644 acceleration/results/20261004_ternary_color_histogram_screen01/label_405/rejections.jsonl
 create mode 100644 acceleration/results/20261004_ternary_color_histogram_screen01/label_405/result.json
 create mode 100644 acceleration/results/20261004_ternary_color_histogram_screen01/label_406/histograms.jsonl
 create mode 100644 acceleration/results/20261004_ternary_color_histogram_screen01/label_406/rejections.jsonl
 create mode 100644 acceleration/results/20261004_ternary_color_histogram_screen01/label_406/result.json
 create mode 100644 acceleration/results/20261004_ternary_color_histogram_screen01/label_407/histograms.jsonl
 create mode 100644 acceleration/results/20261004_ternary_color_histogram_screen01/label_407/rejections.jsonl
 create mode 100644 acceleration/results/20261004_ternary_color_histogram_screen01/label_407/result.json
 create mode 100644 acceleration/results/20261004_ternary_color_histogram_screen01/label_408/histograms.jsonl
 create mode 100644 acceleration/results/20261004_ternary_color_histogram_screen01/label_408/rejections.jsonl
 create mode 100644 acceleration/results/20261004_ternary_color_histogram_screen01/label_408/result.json
 create mode 100644 acceleration/results/20261004_ternary_color_histogram_screen01/label_409/histograms.jsonl
 create mode 100644 acceleration/results/20261004_ternary_color_histogram_screen01/label_409/rejections.jsonl
 create mode 100644 acceleration/results/20261004_ternary_color_histogram_screen01/label_409/result.json
 create mode 100644 acceleration/results/20261004_ternary_color_histogram_screen01/label_410/histograms.jsonl
 create mode 100644 acceleration/results/20261004_ternary_color_histogram_screen01/label_410/rejections.jsonl
 create mode 100644 acceleration/results/20261004_ternary_color_histogram_screen01/label_410/result.json
 create mode 100644 acceleration/results/20261004_ternary_color_histogram_screen01/label_411/histograms.jsonl
 create mode 100644 acceleration/results/20261004_ternary_color_histogram_screen01/label_411/rejections.jsonl
 create mode 100644 acceleration/results/20261004_ternary_color_histogram_screen01/label_411/result.json
 create mode 100644 acceleration/results/20261004_ternary_color_histogram_screen01/label_412/histograms.jsonl
 create mode 100644 acceleration/results/20261004_ternary_color_histogram_screen01/label_412/rejections.jsonl
 create mode 100644 acceleration/results/20261004_ternary_color_histogram_screen01/label_412/result.json
 create mode 100644 acceleration/results/20261004_ternary_color_histogram_screen01/label_457/histograms.jsonl
 create mode 100644 acceleration/results/20261004_ternary_color_histogram_screen01/label_457/rejections.jsonl
 create mode 100644 acceleration/results/20261004_ternary_color_histogram_screen01/label_457/result.json
 create mode 100644 acceleration/results/20261004_ternary_color_histogram_screen01/label_458/histograms.jsonl
 create mode 100644 acceleration/results/20261004_ternary_color_histogram_screen01/label_458/rejections.jsonl
 create mode 100644 acceleration/results/20261004_ternary_color_histogram_screen01/label_458/result.json
 create mode 100644 acceleration/results/20261004_ternary_color_histogram_screen01/label_459/histograms.jsonl
 create mode 100644 acceleration/results/20261004_ternary_color_histogram_screen01/label_459/rejections.jsonl
 create mode 100644 acceleration/results/20261004_ternary_color_histogram_screen01/label_459/result.json
 create mode 100644 acceleration/results/20261004_ternary_color_histogram_screen01/label_460/histograms.jsonl
 create mode 100644 acceleration/results/20261004_ternary_color_histogram_screen01/label_460/rejections.jsonl
 create mode 100644 acceleration/results/20261004_ternary_color_histogram_screen01/label_460/result.json
 create mode 100644 acceleration/results/20261004_ternary_color_histogram_screen01/label_461/histograms.jsonl
 create mode 100644 acceleration/results/20261004_ternary_color_histogram_screen01/label_461/rejections.jsonl
 create mode 100644 acceleration/results/20261004_ternary_color_histogram_screen01/label_461/result.json
 create mode 100644 acceleration/results/20261004_ternary_color_histogram_screen01/label_462/histograms.jsonl
 create mode 100644 acceleration/results/20261004_ternary_color_histogram_screen01/label_462/rejections.jsonl
 create mode 100644 acceleration/results/20261004_ternary_color_histogram_screen01/label_462/result.json
 create mode 100644 acceleration/results/20261004_ternary_color_histogram_screen01/label_463/histograms.jsonl
 create mode 100644 acceleration/results/20261004_ternary_color_histogram_screen01/label_463/rejections.jsonl
 create mode 100644 acceleration/results/20261004_ternary_color_histogram_screen01/label_463/result.json
 create mode 100644 acceleration/results/20261004_ternary_color_histogram_screen01/label_464/histograms.jsonl
 create mode 100644 acceleration/results/20261004_ternary_color_histogram_screen01/label_464/rejections.jsonl
 create mode 100644 acceleration/results/20261004_ternary_color_histogram_screen01/label_464/result.json
 create mode 100644 acceleration/results/20261004_ternary_color_histogram_screen01/label_465/histograms.jsonl
 create mode 100644 acceleration/results/20261004_ternary_color_histogram_screen01/label_465/rejections.jsonl
 create mode 100644 acceleration/results/20261004_ternary_color_histogram_screen01/label_465/result.json
 create mode 100644 acceleration/results/20261004_ternary_color_histogram_screen01/label_466/histograms.jsonl
 create mode 100644 acceleration/results/20261004_ternary_color_histogram_screen01/label_466/rejections.jsonl
 create mode 100644 acceleration/results/20261004_ternary_color_histogram_screen01/label_466/result.json
 create mode 100644 acceleration/results/20261004_ternary_color_histogram_screen01/label_467/histograms.jsonl
 create mode 100644 acceleration/results/20261004_ternary_color_histogram_screen01/label_467/rejections.jsonl
 create mode 100644 acceleration/results/20261004_ternary_color_histogram_screen01/label_467/result.json
 create mode 100644 acceleration/results/20261004_ternary_color_histogram_screen01/label_468/histograms.jsonl
 create mode 100644 acceleration/results/20261004_ternary_color_histogram_screen01/label_468/rejections.jsonl
 create mode 100644 acceleration/results/20261004_ternary_color_histogram_screen01/label_468/result.json
 create mode 100644 acceleration/results/20261004_ternary_color_histogram_screen01/label_469/histograms.jsonl
 create mode 100644 acceleration/results/20261004_ternary_color_histogram_screen01/label_469/rejections.jsonl
 create mode 100644 acceleration/results/20261004_ternary_color_histogram_screen01/label_469/result.json
 create mode 100644 acceleration/results/20261004_ternary_color_histogram_screen01/label_470/histograms.jsonl
 create mode 100644 acceleration/results/20261004_ternary_color_histogram_screen01/label_470/rejections.jsonl
 create mode 100644 acceleration/results/20261004_ternary_color_histogram_screen01/label_470/result.json
 create mode 100644 acceleration/results/20261004_ternary_color_histogram_screen01/label_471/histograms.jsonl
 create mode 100644 acceleration/results/20261004_ternary_color_histogram_screen01/label_471/rejections.jsonl
 create mode 100644 acceleration/results/20261004_ternary_color_histogram_screen01/label_471/result.json
 create mode 100644 acceleration/results/20261004_ternary_color_histogram_screen01/label_472/histograms.jsonl
 create mode 100644 acceleration/results/20261004_ternary_color_histogram_screen01/label_472/rejections.jsonl
 create mode 100644 acceleration/results/20261004_ternary_color_histogram_screen01/label_472/result.json
 create mode 100644 acceleration/results/20261004_ternary_color_histogram_screen01/label_473/histograms.jsonl
 create mode 100644 acceleration/results/20261004_ternary_color_histogram_screen01/label_473/rejections.jsonl
 create mode 100644 acceleration/results/20261004_ternary_color_histogram_screen01/label_473/result.json
 create mode 100644 acceleration/results/20261004_ternary_color_histogram_screen01/label_474/histograms.jsonl
 create mode 100644 acceleration/results/20261004_ternary_color_histogram_screen01/label_474/rejections.jsonl
 create mode 100644 acceleration/results/20261004_ternary_color_histogram_screen01/label_474/result.json
 create mode 100644 acceleration/results/20261004_ternary_color_histogram_screen01/label_475/histograms.jsonl
 create mode 100644 acceleration/results/20261004_ternary_color_histogram_screen01/label_475/rejections.jsonl
 create mode 100644 acceleration/results/20261004_ternary_color_histogram_screen01/label_475/result.json
 create mode 100644 acceleration/results/20261004_ternary_color_histogram_screen01/label_476/histograms.jsonl
 create mode 100644 acceleration/results/20261004_ternary_color_histogram_screen01/label_476/rejections.jsonl
 create mode 100644 acceleration/results/20261004_ternary_color_histogram_screen01/label_476/result.json
 create mode 100644 acceleration/results/20261004_ternary_color_histogram_screen01/label_519/histograms.jsonl
 create mode 100644 acceleration/results/20261004_ternary_color_histogram_screen01/label_519/rejections.jsonl
 create mode 100644 acceleration/results/20261004_ternary_color_histogram_screen01/label_519/result.json
 create mode 100644 acceleration/results/20261004_ternary_color_histogram_screen01/label_520/histograms.jsonl
 create mode 100644 acceleration/results/20261004_ternary_color_histogram_screen01/label_520/rejections.jsonl
 create mode 100644 acceleration/results/20261004_ternary_color_histogram_screen01/label_520/result.json
 create mode 100644 acceleration/results/20261004_ternary_color_histogram_screen01/label_521/histograms.jsonl
 create mode 100644 acceleration/results/20261004_ternary_color_histogram_screen01/label_521/rejections.jsonl
 create mode 100644 acceleration/results/20261004_ternary_color_histogram_screen01/label_521/result.json
 create mode 100644 acceleration/results/20261004_ternary_color_histogram_screen01/label_522/histograms.jsonl
 create mode 100644 acceleration/results/20261004_ternary_color_histogram_screen01/label_522/rejections.jsonl
 create mode 100644 acceleration/results/20261004_ternary_color_histogram_screen01/label_522/result.json
 create mode 100644 acceleration/results/20261004_ternary_color_histogram_screen01/label_523/histograms.jsonl
 create mode 100644 acceleration/results/20261004_ternary_color_histogram_screen01/label_523/rejections.jsonl
 create mode 100644 acceleration/results/20261004_ternary_color_histogram_screen01/label_523/result.json
 create mode 100644 acceleration/results/20261004_ternary_color_histogram_screen01/label_524/histograms.jsonl
 create mode 100644 acceleration/results/20261004_ternary_color_histogram_screen01/label_524/rejections.jsonl
 create mode 100644 acceleration/results/20261004_ternary_color_histogram_screen01/label_524/result.json
 create mode 100644 acceleration/results/20261004_ternary_color_histogram_screen01/label_525/histograms.jsonl
 create mode 100644 acceleration/results/20261004_ternary_color_histogram_screen01/label_525/rejections.jsonl
 create mode 100644 acceleration/results/20261004_ternary_color_histogram_screen01/label_525/result.json
 create mode 100644 acceleration/results/20261004_ternary_color_histogram_screen01/label_526/histograms.jsonl
 create mode 100644 acceleration/results/20261004_ternary_color_histogram_screen01/label_526/rejections.jsonl
 create mode 100644 acceleration/results/20261004_ternary_color_histogram_screen01/label_526/result.json
 create mode 100644 acceleration/results/20261004_ternary_color_histogram_screen01/label_527/histograms.jsonl
 create mode 100644 acceleration/results/20261004_ternary_color_histogram_screen01/label_527/rejections.jsonl
 create mode 100644 acceleration/results/20261004_ternary_color_histogram_screen01/label_527/result.json
 create mode 100644 acceleration/results/20261004_ternary_color_histogram_screen01/label_528/histograms.jsonl
 create mode 100644 acceleration/results/20261004_ternary_color_histogram_screen01/label_528/rejections.jsonl
 create mode 100644 acceleration/results/20261004_ternary_color_histogram_screen01/label_528/result.json
 create mode 100644 acceleration/results/20261004_ternary_color_histogram_screen01/label_529/histograms.jsonl
 create mode 100644 acceleration/results/20261004_ternary_color_histogram_screen01/label_529/rejections.jsonl
 create mode 100644 acceleration/results/20261004_ternary_color_histogram_screen01/label_529/result.json
 create mode 100644 acceleration/results/20261004_ternary_color_histogram_screen01/label_530/histograms.jsonl
 create mode 100644 acceleration/results/20261004_ternary_color_histogram_screen01/label_530/rejections.jsonl
 create mode 100644 acceleration/results/20261004_ternary_color_histogram_screen01/label_530/result.json
 create mode 100644 acceleration/results/20261004_ternary_color_histogram_screen01/label_531/histograms.jsonl
 create mode 100644 acceleration/results/20261004_ternary_color_histogram_screen01/label_531/rejections.jsonl
 create mode 100644 acceleration/results/20261004_ternary_color_histogram_screen01/label_531/result.json
 create mode 100644 acceleration/results/20261004_ternary_color_histogram_screen01/label_532/histograms.jsonl
 create mode 100644 acceleration/results/20261004_ternary_color_histogram_screen01/label_532/rejections.jsonl
 create mode 100644 acceleration/results/20261004_ternary_color_histogram_screen01/label_532/result.json
 create mode 100644 acceleration/results/20261004_ternary_color_histogram_screen01/label_533/histograms.jsonl
 create mode 100644 acceleration/results/20261004_ternary_color_histogram_screen01/label_533/rejections.jsonl
 create mode 100644 acceleration/results/20261004_ternary_color_histogram_screen01/label_533/result.json
 create mode 100644 acceleration/results/20261004_ternary_color_histogram_screen01/label_534/histograms.jsonl
 create mode 100644 acceleration/results/20261004_ternary_color_histogram_screen01/label_534/rejections.jsonl
 create mode 100644 acceleration/results/20261004_ternary_color_histogram_screen01/label_534/result.json
 create mode 100644 acceleration/results/20261004_ternary_color_histogram_screen01/label_535/histograms.jsonl
 create mode 100644 acceleration/results/20261004_ternary_color_histogram_screen01/label_535/rejections.jsonl
 create mode 100644 acceleration/results/20261004_ternary_color_histogram_screen01/label_535/result.json
 create mode 100644 acceleration/results/20261004_ternary_color_histogram_screen01/label_536/histograms.jsonl
 create mode 100644 acceleration/results/20261004_ternary_color_histogram_screen01/label_536/rejections.jsonl
 create mode 100644 acceleration/results/20261004_ternary_color_histogram_screen01/label_536/result.json
 create mode 100644 acceleration/results/20261004_ternary_color_histogram_screen01/label_537/histograms.jsonl
 create mode 100644 acceleration/results/20261004_ternary_color_histogram_screen01/label_537/rejections.jsonl
 create mode 100644 acceleration/results/20261004_ternary_color_histogram_screen01/label_537/result.json
 create mode 100644 acceleration/results/20261004_ternary_color_histogram_screen01/label_538/histograms.jsonl
 create mode 100644 acceleration/results/20261004_ternary_color_histogram_screen01/label_538/rejections.jsonl
 create mode 100644 acceleration/results/20261004_ternary_color_histogram_screen01/label_538/result.json
 create mode 100644 acceleration/results/20261004_ternary_color_histogram_screen01/label_539/histograms.jsonl
 create mode 100644 acceleration/results/20261004_ternary_color_histogram_screen01/label_539/rejections.jsonl
 create mode 100644 acceleration/results/20261004_ternary_color_histogram_screen01/label_539/result.json
 create mode 100644 acceleration/results/20261004_ternary_color_histogram_screen01/label_540/histograms.jsonl
 create mode 100644 acceleration/results/20261004_ternary_color_histogram_screen01/label_540/rejections.jsonl
 create mode 100644 acceleration/results/20261004_ternary_color_histogram_screen01/label_540/result.json
 create mode 100644 acceleration/results/20261004_ternary_color_histogram_screen01/label_585/histograms.jsonl
 create mode 100644 acceleration/results/20261004_ternary_color_histogram_screen01/label_585/rejections.jsonl
 create mode 100644 acceleration/results/20261004_ternary_color_histogram_screen01/label_585/result.json
 create mode 100644 acceleration/results/20261004_ternary_color_histogram_screen01/label_586/histograms.jsonl
 create mode 100644 acceleration/results/20261004_ternary_color_histogram_screen01/label_586/rejections.jsonl
 create mode 100644 acceleration/results/20261004_ternary_color_histogram_screen01/label_586/result.json
 create mode 100644 acceleration/results/20261004_ternary_color_histogram_screen01/label_587/histograms.jsonl
 create mode 100644 acceleration/results/20261004_ternary_color_histogram_screen01/label_587/rejections.jsonl
 create mode 100644 acceleration/results/20261004_ternary_color_histogram_screen01/label_587/result.json
 create mode 100644 acceleration/results/20261004_ternary_color_histogram_screen01/label_588/histograms.jsonl
 create mode 100644 acceleration/results/20261004_ternary_color_histogram_screen01/label_588/rejections.jsonl
 create mode 100644 acceleration/results/20261004_ternary_color_histogram_screen01/label_588/result.json
 create mode 100644 acceleration/results/20261004_ternary_color_histogram_screen01/label_589/histograms.jsonl
 create mode 100644 acceleration/results/20261004_ternary_color_histogram_screen01/label_589/rejections.jsonl
 create mode 100644 acceleration/results/20261004_ternary_color_histogram_screen01/label_589/result.json
 create mode 100644 acceleration/results/20261004_ternary_color_histogram_screen01/label_590/histograms.jsonl
 create mode 100644 acceleration/results/20261004_ternary_color_histogram_screen01/label_590/rejections.jsonl
 create mode 100644 acceleration/results/20261004_ternary_color_histogram_screen01/label_590/result.json
 create mode 100644 acceleration/results/20261004_ternary_color_histogram_screen01/label_591/histograms.jsonl
 create mode 100644 acceleration/results/20261004_ternary_color_histogram_screen01/label_591/rejections.jsonl
 create mode 100644 acceleration/results/20261004_ternary_color_histogram_screen01/label_591/result.json
 create mode 100644 acceleration/results/20261004_ternary_color_histogram_screen01/label_592/histograms.jsonl
 create mode 100644 acceleration/results/20261004_ternary_color_histogram_screen01/label_592/rejections.jsonl
 create mode 100644 acceleration/results/20261004_ternary_color_histogram_screen01/label_592/result.json
 create mode 100644 acceleration/results/20261004_ternary_color_histogram_screen01/label_593/histograms.jsonl
 create mode 100644 acceleration/results/20261004_ternary_color_histogram_screen01/label_593/rejections.jsonl
 create mode 100644 acceleration/results/20261004_ternary_color_histogram_screen01/label_593/result.json
 create mode 100644 acceleration/results/20261004_ternary_color_histogram_screen01/label_594/histograms.jsonl
 create mode 100644 acceleration/results/20261004_ternary_color_histogram_screen01/label_594/rejections.jsonl
 create mode 100644 acceleration/results/20261004_ternary_color_histogram_screen01/label_594/result.json
 create mode 100644 acceleration/results/20261004_ternary_color_histogram_screen01/label_595/histograms.jsonl
 create mode 100644 acceleration/results/20261004_ternary_color_histogram_screen01/label_595/rejections.jsonl
 create mode 100644 acceleration/results/20261004_ternary_color_histogram_screen01/label_595/result.json
 create mode 100644 acceleration/results/20261004_ternary_color_histogram_screen01/label_596/histograms.jsonl
 create mode 100644 acceleration/results/20261004_ternary_color_histogram_screen01/label_596/rejections.jsonl
 create mode 100644 acceleration/results/20261004_ternary_color_histogram_screen01/label_596/result.json
 create mode 100644 acceleration/results/20261004_ternary_color_histogram_screen01/label_597/histograms.jsonl
 create mode 100644 acceleration/results/20261004_ternary_color_histogram_screen01/label_597/rejections.jsonl
 create mode 100644 acceleration/results/20261004_ternary_color_histogram_screen01/label_597/result.json
 create mode 100644 acceleration/results/20261004_ternary_color_histogram_screen01/label_598/histograms.jsonl
 create mode 100644 acceleration/results/20261004_ternary_color_histogram_screen01/label_598/rejections.jsonl
 create mode 100644 acceleration/results/20261004_ternary_color_histogram_screen01/label_598/result.json
 create mode 100644 acceleration/results/20261004_ternary_color_histogram_screen01/label_599/histograms.jsonl
 create mode 100644 acceleration/results/20261004_ternary_color_histogram_screen01/label_599/rejections.jsonl
 create mode 100644 acceleration/results/20261004_ternary_color_histogram_screen01/label_599/result.json
 create mode 100644 acceleration/results/20261004_ternary_color_histogram_screen01/label_600/histograms.jsonl
 create mode 100644 acceleration/results/20261004_ternary_color_histogram_screen01/label_600/rejections.jsonl
 create mode 100644 acceleration/results/20261004_ternary_color_histogram_screen01/label_600/result.json
 create mode 100644 acceleration/results/20261004_ternary_color_histogram_screen01/label_601/histograms.jsonl
 create mode 100644 acceleration/results/20261004_ternary_color_histogram_screen01/label_601/rejections.jsonl
 create mode 100644 acceleration/results/20261004_ternary_color_histogram_screen01/label_601/result.json
 create mode 100644 acceleration/results/20261004_ternary_color_histogram_screen01/label_602/histograms.jsonl
 create mode 100644 acceleration/results/20261004_ternary_color_histogram_screen01/label_602/rejections.jsonl
 create mode 100644 acceleration/results/20261004_ternary_color_histogram_screen01/label_602/result.json
 create mode 100644 acceleration/results/20261004_ternary_color_histogram_screen01/label_603/histograms.jsonl
 create mode 100644 acceleration/results/20261004_ternary_color_histogram_screen01/label_603/rejections.jsonl
 create mode 100644 acceleration/results/20261004_ternary_color_histogram_screen01/label_603/result.json
 create mode 100644 acceleration/results/20261004_ternary_color_histogram_screen01/label_604/histograms.jsonl
 create mode 100644 acceleration/results/20261004_ternary_color_histogram_screen01/label_604/rejections.jsonl
 create mode 100644 acceleration/results/20261004_ternary_color_histogram_screen01/label_604/result.json
 create mode 100644 acceleration/results/20261004_ternary_color_histogram_screen01/label_605/histograms.jsonl
 create mode 100644 acceleration/results/20261004_ternary_color_histogram_screen01/label_605/rejections.jsonl
 create mode 100644 acceleration/results/20261004_ternary_color_histogram_screen01/label_605/result.json
 create mode 100644 acceleration/results/20261004_ternary_color_histogram_screen01/label_606/histograms.jsonl
 create mode 100644 acceleration/results/20261004_ternary_color_histogram_screen01/label_606/rejections.jsonl
 create mode 100644 acceleration/results/20261004_ternary_color_histogram_screen01/label_606/result.json
 create mode 100644 acceleration/results/20261004_ternary_color_histogram_screen01/label_607/histograms.jsonl
 create mode 100644 acceleration/results/20261004_ternary_color_histogram_screen01/label_607/rejections.jsonl
 create mode 100644 acceleration/results/20261004_ternary_color_histogram_screen01/label_607/result.json
 create mode 100644 acceleration/results/20261004_ternary_color_histogram_screen01/label_608/histograms.jsonl
 create mode 100644 acceleration/results/20261004_ternary_color_histogram_screen01/label_608/rejections.jsonl
 create mode 100644 acceleration/results/20261004_ternary_color_histogram_screen01/label_608/result.json
 create mode 100644 acceleration/results/20261004_ternary_color_histogram_screen01/label_609/histograms.jsonl
 create mode 100644 acceleration/results/20261004_ternary_color_histogram_screen01/label_609/rejections.jsonl
 create mode 100644 acceleration/results/20261004_ternary_color_histogram_screen01/label_609/result.json
 create mode 100644 acceleration/results/20261004_ternary_color_histogram_screen01/label_610/histograms.jsonl
 create mode 100644 acceleration/results/20261004_ternary_color_histogram_screen01/label_610/rejections.jsonl
 create mode 100644 acceleration/results/20261004_ternary_color_histogram_screen01/label_610/result.json
 create mode 100644 acceleration/results/20261004_ternary_color_histogram_screen01/label_611/histograms.jsonl
 create mode 100644 acceleration/results/20261004_ternary_color_histogram_screen01/label_611/rejections.jsonl
 create mode 100644 acceleration/results/20261004_ternary_color_histogram_screen01/label_611/result.json
 create mode 100644 acceleration/results/20261004_ternary_color_histogram_screen01/label_654/histograms.jsonl
 create mode 100644 acceleration/results/20261004_ternary_color_histogram_screen01/label_654/rejections.jsonl
 create mode 100644 acceleration/results/20261004_ternary_color_histogram_screen01/label_654/result.json
 create mode 100644 acceleration/results/20261004_ternary_color_histogram_screen01/label_655/histograms.jsonl
 create mode 100644 acceleration/results/20261004_ternary_color_histogram_screen01/label_655/rejections.jsonl
 create mode 100644 acceleration/results/20261004_ternary_color_histogram_screen01/label_655/result.json
 create mode 100644 acceleration/results/20261004_ternary_color_histogram_screen01/label_656/histograms.jsonl
 create mode 100644 acceleration/results/20261004_ternary_color_histogram_screen01/label_656/rejections.jsonl
 create mode 100644 acceleration/results/20261004_ternary_color_histogram_screen01/label_656/result.json
 create mode 100644 acceleration/results/20261004_ternary_color_histogram_screen01/label_657/histograms.jsonl
 create mode 100644 acceleration/results/20261004_ternary_color_histogram_screen01/label_657/rejections.jsonl
 create mode 100644 acceleration/results/20261004_ternary_color_histogram_screen01/label_657/result.json
 create mode 100644 acceleration/results/20261004_ternary_color_histogram_screen01/label_658/histograms.jsonl
 create mode 100644 acceleration/results/20261004_ternary_color_histogram_screen01/label_658/rejections.jsonl
 create mode 100644 acceleration/results/20261004_ternary_color_histogram_screen01/label_658/result.json
 create mode 100644 acceleration/results/20261004_ternary_color_histogram_screen01/label_659/histograms.jsonl
 create mode 100644 acceleration/results/20261004_ternary_color_histogram_screen01/label_659/rejections.jsonl
 create mode 100644 acceleration/results/20261004_ternary_color_histogram_screen01/label_659/result.json
 create mode 100644 acceleration/results/20261004_ternary_color_histogram_screen01/label_660/histograms.jsonl
 create mode 100644 acceleration/results/20261004_ternary_color_histogram_screen01/label_660/rejections.jsonl
 create mode 100644 acceleration/results/20261004_ternary_color_histogram_screen01/label_660/result.json
 create mode 100644 acceleration/results/20261004_ternary_color_histogram_screen01/label_661/histograms.jsonl
 create mode 100644 acceleration/results/20261004_ternary_color_histogram_screen01/label_661/rejections.jsonl
 create mode 100644 acceleration/results/20261004_ternary_color_histogram_screen01/label_661/result.json
 create mode 100644 acceleration/results/20261004_ternary_color_histogram_screen01/label_662/histograms.jsonl
 create mode 100644 acceleration/results/20261004_ternary_color_histogram_screen01/label_662/rejections.jsonl
 create mode 100644 acceleration/results/20261004_ternary_color_histogram_screen01/label_662/result.json
 create mode 100644 acceleration/results/20261004_ternary_color_histogram_screen01/label_663/histograms.jsonl
 create mode 100644 acceleration/results/20261004_ternary_color_histogram_screen01/label_663/rejections.jsonl
 create mode 100644 acceleration/results/20261004_ternary_color_histogram_screen01/label_663/result.json
 create mode 100644 acceleration/results/20261004_ternary_color_histogram_screen01/label_664/histograms.jsonl
 create mode 100644 acceleration/results/20261004_ternary_color_histogram_screen01/label_664/rejections.jsonl
 create mode 100644 acceleration/results/20261004_ternary_color_histogram_screen01/label_664/result.json
 create mode 100644 acceleration/results/20261004_ternary_color_histogram_screen01/label_665/histograms.jsonl
 create mode 100644 acceleration/results/20261004_ternary_color_histogram_screen01/label_665/rejections.jsonl
 create mode 100644 acceleration/results/20261004_ternary_color_histogram_screen01/label_665/result.json
 create mode 100644 acceleration/results/20261004_ternary_color_histogram_screen01/label_666/histograms.jsonl
 create mode 100644 acceleration/results/20261004_ternary_color_histogram_screen01/label_666/rejections.jsonl
 create mode 100644 acceleration/results/20261004_ternary_color_histogram_screen01/label_666/result.json
 create mode 100644 acceleration/results/20261004_ternary_color_histogram_screen01/label_667/histograms.jsonl
 create mode 100644 acceleration/results/20261004_ternary_color_histogram_screen01/label_667/rejections.jsonl
 create mode 100644 acceleration/results/20261004_ternary_color_histogram_screen01/label_667/result.json
 create mode 100644 acceleration/results/20261004_ternary_color_histogram_screen01/label_668/histograms.jsonl
 create mode 100644 acceleration/results/20261004_ternary_color_histogram_screen01/label_668/rejections.jsonl
 create mode 100644 acceleration/results/20261004_ternary_color_histogram_screen01/label_668/result.json
 create mode 100644 acceleration/results/20261004_ternary_color_histogram_screen01/label_669/histograms.jsonl
 create mode 100644 acceleration/results/20261004_ternary_color_histogram_screen01/label_669/rejections.jsonl
 create mode 100644 acceleration/results/20261004_ternary_color_histogram_screen01/label_669/result.json
 create mode 100644 acceleration/results/20261004_ternary_color_histogram_screen01/label_670/histograms.jsonl
 create mode 100644 acceleration/results/20261004_ternary_color_histogram_screen01/label_670/rejections.jsonl
 create mode 100644 acceleration/results/20261004_ternary_color_histogram_screen01/label_670/result.json
 create mode 100644 acceleration/results/20261004_ternary_color_histogram_screen01/label_671/histograms.jsonl
 create mode 100644 acceleration/results/20261004_ternary_color_histogram_screen01/label_671/rejections.jsonl
 create mode 100644 acceleration/results/20261004_ternary_color_histogram_screen01/label_671/result.json
 create mode 100644 acceleration/results/20261004_ternary_color_histogram_screen01/label_672/histograms.jsonl
 create mode 100644 acceleration/results/20261004_ternary_color_histogram_screen01/label_672/rejections.jsonl
 create mode 100644 acceleration/results/20261004_ternary_color_histogram_screen01/label_672/result.json
 create mode 100644 acceleration/results/20261004_ternary_color_histogram_screen01/label_673/histograms.jsonl
 create mode 100644 acceleration/results/20261004_ternary_color_histogram_screen01/label_673/rejections.jsonl
 create mode 100644 acceleration/results/20261004_ternary_color_histogram_screen01/label_673/result.json
 create mode 100644 acceleration/results/20261004_ternary_color_histogram_screen01/label_674/histograms.jsonl
 create mode 100644 acceleration/results/20261004_ternary_color_histogram_screen01/label_674/rejections.jsonl
 create mode 100644 acceleration/results/20261004_ternary_color_histogram_screen01/label_674/result.json
 create mode 100644 acceleration/results/20261004_ternary_color_histogram_screen01/label_675/histograms.jsonl
 create mode 100644 acceleration/results/20261004_ternary_color_histogram_screen01/label_675/rejections.jsonl
 create mode 100644 acceleration/results/20261004_ternary_color_histogram_screen01/label_675/result.json
 create mode 100644 acceleration/results/20261004_ternary_color_histogram_screen01/label_676/histograms.jsonl
 create mode 100644 acceleration/results/20261004_ternary_color_histogram_screen01/label_676/rejections.jsonl
 create mode 100644 acceleration/results/20261004_ternary_color_histogram_screen01/label_676/result.json
 create mode 100644 acceleration/results/20261004_ternary_color_histogram_screen01/label_677/histograms.jsonl
 create mode 100644 acceleration/results/20261004_ternary_color_histogram_screen01/label_677/rejections.jsonl
 create mode 100644 acceleration/results/20261004_ternary_color_histogram_screen01/label_677/result.json
 create mode 100644 acceleration/results/20261004_ternary_color_histogram_screen01/label_678/histograms.jsonl
 create mode 100644 acceleration/results/20261004_ternary_color_histogram_screen01/label_678/rejections.jsonl
 create mode 100644 acceleration/results/20261004_ternary_color_histogram_screen01/label_678/result.json
 create mode 100644 acceleration/results/20261004_ternary_color_histogram_screen01/label_679/histograms.jsonl
 create mode 100644 acceleration/results/20261004_ternary_color_histogram_screen01/label_679/rejections.jsonl
 create mode 100644 acceleration/results/20261004_ternary_color_histogram_screen01/label_679/result.json
 create mode 100644 acceleration/results/20261004_ternary_color_histogram_screen01/label_680/histograms.jsonl
 create mode 100644 acceleration/results/20261004_ternary_color_histogram_screen01/label_680/rejections.jsonl
 create mode 100644 acceleration/results/20261004_ternary_color_histogram_screen01/label_680/result.json
 create mode 100644 acceleration/results/20261004_ternary_color_histogram_screen01/label_681/histograms.jsonl
 create mode 100644 acceleration/results/20261004_ternary_color_histogram_screen01/label_681/rejections.jsonl
 create mode 100644 acceleration/results/20261004_ternary_color_histogram_screen01/label_681/result.json
 create mode 100644 acceleration/results/20261004_ternary_color_histogram_screen01/label_682/histograms.jsonl
 create mode 100644 acceleration/results/20261004_ternary_color_histogram_screen01/label_682/rejections.jsonl
 create mode 100644 acceleration/results/20261004_ternary_color_histogram_screen01/label_682/result.json
 create mode 100644 acceleration/results/20261004_ternary_color_histogram_screen01/label_724/histograms.jsonl
 create mode 100644 acceleration/results/20261004_ternary_color_histogram_screen01/label_724/rejections.jsonl
 create mode 100644 acceleration/results/20261004_ternary_color_histogram_screen01/label_724/result.json
 create mode 100644 acceleration/results/20261004_ternary_color_histogram_screen01/label_725/histograms.jsonl
 create mode 100644 acceleration/results/20261004_ternary_color_histogram_screen01/label_725/rejections.jsonl
 create mode 100644 acceleration/results/20261004_ternary_color_histogram_screen01/label_725/result.json
 create mode 100644 acceleration/results/20261004_ternary_color_histogram_screen01/label_726/histograms.jsonl
 create mode 100644 acceleration/results/20261004_ternary_color_histogram_screen01/label_726/rejections.jsonl
 create mode 100644 acceleration/results/20261004_ternary_color_histogram_screen01/label_726/result.json
 create mode 100644 acceleration/results/20261004_ternary_color_histogram_screen01/label_727/histograms.jsonl
 create mode 100644 acceleration/results/20261004_ternary_color_histogram_screen01/label_727/rejections.jsonl
 create mode 100644 acceleration/results/20261004_ternary_color_histogram_screen01/label_727/result.json
 create mode 100644 acceleration/results/20261004_ternary_color_histogram_screen01/label_728/histograms.jsonl
 create mode 100644 acceleration/results/20261004_ternary_color_histogram_screen01/label_728/rejections.jsonl
 create mode 100644 acceleration/results/20261004_ternary_color_histogram_screen01/label_728/result.json
 create mode 100644 acceleration/results/20261004_ternary_color_histogram_screen01/label_729/histograms.jsonl
 create mode 100644 acceleration/results/20261004_ternary_color_histogram_screen01/label_729/rejections.jsonl
 create mode 100644 acceleration/results/20261004_ternary_color_histogram_screen01/label_729/result.json
 create mode 100644 acceleration/results/20261004_ternary_color_histogram_screen01/label_730/histograms.jsonl
 create mode 100644 acceleration/results/20261004_ternary_color_histogram_screen01/label_730/rejections.jsonl
 create mode 100644 acceleration/results/20261004_ternary_color_histogram_screen01/label_730/result.json
 create mode 100644 acceleration/results/20261004_ternary_color_histogram_screen01/label_731/histograms.jsonl
 create mode 100644 acceleration/results/20261004_ternary_color_histogram_screen01/label_731/rejections.jsonl
 create mode 100644 acceleration/results/20261004_ternary_color_histogram_screen01/label_731/result.json
 create mode 100644 acceleration/results/20261004_ternary_color_histogram_screen01/label_732/histograms.jsonl
 create mode 100644 acceleration/results/20261004_ternary_color_histogram_screen01/label_732/rejections.jsonl
 create mode 100644 acceleration/results/20261004_ternary_color_histogram_screen01/label_732/result.json
 create mode 100644 acceleration/results/20261004_ternary_color_histogram_screen01/label_733/histograms.jsonl
 create mode 100644 acceleration/results/20261004_ternary_color_histogram_screen01/label_733/rejections.jsonl
 create mode 100644 acceleration/results/20261004_ternary_color_histogram_screen01/label_733/result.json
 create mode 100644 acceleration/results/20261004_ternary_color_histogram_screen01/label_734/histograms.jsonl
 create mode 100644 acceleration/results/20261004_ternary_color_histogram_screen01/label_734/rejections.jsonl
 create mode 100644 acceleration/results/20261004_ternary_color_histogram_screen01/label_734/result.json
 create mode 100644 acceleration/results/20261004_ternary_color_histogram_screen01/label_735/histograms.jsonl
 create mode 100644 acceleration/results/20261004_ternary_color_histogram_screen01/label_735/rejections.jsonl
 create mode 100644 acceleration/results/20261004_ternary_color_histogram_screen01/label_735/result.json
 create mode 100644 acceleration/results/20261004_ternary_color_histogram_screen01/label_736/histograms.jsonl
 create mode 100644 acceleration/results/20261004_ternary_color_histogram_screen01/label_736/rejections.jsonl
 create mode 100644 acceleration/results/20261004_ternary_color_histogram_screen01/label_736/result.json
 create mode 100644 acceleration/results/20261004_ternary_color_histogram_screen01/label_737/histograms.jsonl
 create mode 100644 acceleration/results/20261004_ternary_color_histogram_screen01/label_737/rejections.jsonl
 create mode 100644 acceleration/results/20261004_ternary_color_histogram_screen01/label_737/result.json
 create mode 100644 acceleration/results/20261004_ternary_color_histogram_screen01/label_738/histograms.jsonl
 create mode 100644 acceleration/results/20261004_ternary_color_histogram_screen01/label_738/rejections.jsonl
 create mode 100644 acceleration/results/20261004_ternary_color_histogram_screen01/label_738/result.json
 create mode 100644 acceleration/results/20261004_ternary_color_histogram_screen01/label_739/histograms.jsonl
 create mode 100644 acceleration/results/20261004_ternary_color_histogram_screen01/label_739/rejections.jsonl
 create mode 100644 acceleration/results/20261004_ternary_color_histogram_screen01/label_739/result.json
 create mode 100644 acceleration/results/20261004_ternary_color_histogram_screen01/label_740/histograms.jsonl
 create mode 100644 acceleration/results/20261004_ternary_color_histogram_screen01/label_740/rejections.jsonl
 create mode 100644 acceleration/results/20261004_ternary_color_histogram_screen01/label_740/result.json
 create mode 100644 acceleration/results/20261004_ternary_color_histogram_screen01/label_741/histograms.jsonl
 create mode 100644 acceleration/results/20261004_ternary_color_histogram_screen01/label_741/rejections.jsonl
 create mode 100644 acceleration/results/20261004_ternary_color_histogram_screen01/label_741/result.json
 create mode 100644 acceleration/results/20261004_ternary_color_histogram_screen01/label_742/histograms.jsonl
 create mode 100644 acceleration/results/20261004_ternary_color_histogram_screen01/label_742/rejections.jsonl
 create mode 100644 acceleration/results/20261004_ternary_color_histogram_screen01/label_742/result.json
 create mode 100644 acceleration/results/20261004_ternary_color_histogram_screen01/label_743/histograms.jsonl
 create mode 100644 acceleration/results/20261004_ternary_color_histogram_screen01/label_743/rejections.jsonl
 create mode 100644 acceleration/results/20261004_ternary_color_histogram_screen01/label_743/result.json
 create mode 100644 acceleration/results/20261004_ternary_color_histogram_screen01/label_744/histograms.jsonl
 create mode 100644 acceleration/results/20261004_ternary_color_histogram_screen01/label_744/rejections.jsonl
 create mode 100644 acceleration/results/20261004_ternary_color_histogram_screen01/label_744/result.json
 create mode 100644 acceleration/results/20261004_ternary_color_histogram_screen01/label_745/histograms.jsonl
 create mode 100644 acceleration/results/20261004_ternary_color_histogram_screen01/label_745/rejections.jsonl
 create mode 100644 acceleration/results/20261004_ternary_color_histogram_screen01/label_745/result.json
 create mode 100644 acceleration/results/20261004_ternary_color_histogram_screen01/label_746/histograms.jsonl
 create mode 100644 acceleration/results/20261004_ternary_color_histogram_screen01/label_746/rejections.jsonl
 create mode 100644 acceleration/results/20261004_ternary_color_histogram_screen01/label_746/result.json
 create mode 100644 acceleration/results/20261004_ternary_color_histogram_screen01/label_747/histograms.jsonl
 create mode 100644 acceleration/results/20261004_ternary_color_histogram_screen01/label_747/rejections.jsonl
 create mode 100644 acceleration/results/20261004_ternary_color_histogram_screen01/label_747/result.json
 create mode 100644 acceleration/results/20261004_ternary_color_histogram_screen01/label_748/histograms.jsonl
 create mode 100644 acceleration/results/20261004_ternary_color_histogram_screen01/label_748/rejections.jsonl
 create mode 100644 acceleration/results/20261004_ternary_color_histogram_screen01/label_748/result.json
 create mode 100644 acceleration/results/20261004_ternary_color_histogram_screen01/label_749/histograms.jsonl
 create mode 100644 acceleration/results/20261004_ternary_color_histogram_screen01/label_749/rejections.jsonl
 create mode 100644 acceleration/results/20261004_ternary_color_histogram_screen01/label_749/result.json
 create mode 100644 acceleration/results/20261004_ternary_color_histogram_screen01/label_750/histograms.jsonl
 create mode 100644 acceleration/results/20261004_ternary_color_histogram_screen01/label_750/rejections.jsonl
 create mode 100644 acceleration/results/20261004_ternary_color_histogram_screen01/label_750/result.json
 create mode 100644 acceleration/results/20261004_ternary_color_histogram_screen01/label_751/histograms.jsonl
 create mode 100644 acceleration/results/20261004_ternary_color_histogram_screen01/label_751/rejections.jsonl
 create mode 100644 acceleration/results/20261004_ternary_color_histogram_screen01/label_751/result.json
 create mode 100644 acceleration/results/20261004_ternary_color_histogram_screen01/label_752/histograms.jsonl
 create mode 100644 acceleration/results/20261004_ternary_color_histogram_screen01/label_752/rejections.jsonl
 create mode 100644 acceleration/results/20261004_ternary_color_histogram_screen01/label_752/result.json
 create mode 100644 acceleration/results/20261004_ternary_color_histogram_screen01/label_753/histograms.jsonl
 create mode 100644 acceleration/results/20261004_ternary_color_histogram_screen01/label_753/rejections.jsonl
 create mode 100644 acceleration/results/20261004_ternary_color_histogram_screen01/label_753/result.json
 create mode 100644 acceleration/results/20261004_ternary_color_histogram_screen01/label_754/histograms.jsonl
 create mode 100644 acceleration/results/20261004_ternary_color_histogram_screen01/label_754/rejections.jsonl
 create mode 100644 acceleration/results/20261004_ternary_color_histogram_screen01/label_754/result.json
 create mode 100644 acceleration/results/20261004_ternary_color_histogram_screen01/label_755/histograms.jsonl
 create mode 100644 acceleration/results/20261004_ternary_color_histogram_screen01/label_755/rejections.jsonl
 create mode 100644 acceleration/results/20261004_ternary_color_histogram_screen01/label_755/result.json
 create mode 100644 acceleration/results/20261004_ternary_color_histogram_screen01/label_756/histograms.jsonl
 create mode 100644 acceleration/results/20261004_ternary_color_histogram_screen01/label_756/rejections.jsonl
 create mode 100644 acceleration/results/20261004_ternary_color_histogram_screen01/label_756/result.json
 create mode 100644 acceleration/results/20261004_ternary_color_histogram_screen01/label_757/histograms.jsonl
 create mode 100644 acceleration/results/20261004_ternary_color_histogram_screen01/label_757/rejections.jsonl
 create mode 100644 acceleration/results/20261004_ternary_color_histogram_screen01/label_757/result.json
 create mode 100644 acceleration/results/20261004_ternary_color_histogram_screen01/label_758/histograms.jsonl
 create mode 100644 acceleration/results/20261004_ternary_color_histogram_screen01/label_758/rejections.jsonl
 create mode 100644 acceleration/results/20261004_ternary_color_histogram_screen01/label_758/result.json
 create mode 100644 acceleration/results/20261004_ternary_color_histogram_screen01/label_759/histograms.jsonl
 create mode 100644 acceleration/results/20261004_ternary_color_histogram_screen01/label_759/rejections.jsonl
 create mode 100644 acceleration/results/20261004_ternary_color_histogram_screen01/label_759/result.json
 create mode 100644 acceleration/results/20261004_ternary_color_histogram_screen01/label_760/histograms.jsonl
 create mode 100644 acceleration/results/20261004_ternary_color_histogram_screen01/label_760/rejections.jsonl
 create mode 100644 acceleration/results/20261004_ternary_color_histogram_screen01/label_760/result.json
 create mode 100644 acceleration/results/20261004_ternary_color_histogram_screen01/labels.jsonl
 create mode 100644 acceleration/results/20261004_ternary_color_histogram_screen01/summary.json
 create mode 100644 acceleration/results/20261004_ternary_color_histogram_screen01/universe.json
 create mode 100644 acceleration/results/20261004_ternary_color_histogram_screen_supervision01/manifest.json
 create mode 100644 acceleration/results/20261004_ternary_color_histogram_screen_supervision01/summary.json
 create mode 100644 acceleration/results/20261004_three_written_claim_live_install_root_receipt01.json
 create mode 100644 acceleration/results/20261004_three_written_followup_live_install_root_receipt01.json
 create mode 100644 acceleration/results/20261004_two_finite_engineering_candidate_completion01.json
 create mode 100644 acceleration/results/20261004_two_finite_engineering_candidate_schema_report01.json
 create mode 100644 acceleration/results/20261004_two_finite_engineering_candidate_schema_report02.json
 create mode 100644 acceleration/results/20261004_two_finite_engineering_live_install_root_receipt01.json
 create mode 100644 acceleration/results/20261004_two_finite_engineering_root_acceptance01.json
 create mode 100644 acceleration/results/20261004_two_local_sat_finite_engineering_claims_source01/assignment_v4_finite_claim_binding_schema2.json
 create mode 100644 acceleration/results/20261004_two_local_sat_finite_engineering_claims_source01/binary_finite_claim_binding_schema2.json
 create mode 100644 acceleration/results/20261004_two_local_sat_finite_engineering_claims_source01/duplicate_scope_search.json
 create mode 100644 acceleration/results/20261004_wave46_final_publication_known_appendix01.json
 create mode 100644 acceleration/results/20261004_wave46_final_selection_preparation01/known_safe_appendix.json
 create mode 100644 acceleration/results/20261004_wave46_gitattributes_preparation01/.gitattributes.proposed
 create mode 100644 acceleration/results/20261004_wave46_gitattributes_preparation01/proposal.json
 create mode 100644 acceleration/results/20261004_wave46_publication_selection02/appendix.json
 create mode 100644 acceleration/results/20261004_wave46_publication_selection02/full_family_and_guides_appendix.json
 create mode 100644 acceleration/results/20261004_wave46_publication_selection02/manifest.json
 create mode 100644 acceleration/results/20261004_wave46_publication_selection02/selected.paths.nul
 create mode 100644 acceleration/results/20261004_wave46_report_preparation01/checkpoint.json
 create mode 100644 acceleration/results/20261004_wave46_report_preparation01/report.proposed.md
 create mode 100644 acceleration/results/20261004_wave46_report_preparation02/report.proposed.md
 create mode 100644 acceleration/results/20261004_wave46_report_preparation03/report.proposed.md
 create mode 100644 acceleration/results/20261004_wave46_report_preparation04/ACTIVE_RESEARCH.prefix.md
 create mode 100644 acceleration/results/20261004_wave46_report_preparation04/README.prefix.md
 create mode 100644 acceleration/results/20261004_wave46_report_preparation04/REPRODUCING.prefix.md
 create mode 100644 acceleration/results/20261004_wave46_report_preparation04/RESEARCH_MAP.prefix.md
 create mode 100644 acceleration/results/20261004_wave46_report_preparation04/pull_request_body.md
 create mode 100644 acceleration/results/20261004_wave46_report_preparation04/pull_request_title.txt
 create mode 100644 acceleration/results/20261004_wave46_report_preparation04/report.proposed.md
 create mode 100644 acceleration/results/20261004_wave46_root_admin_projection_receipt01.json
 create mode 100644 acceleration/results/20261004_wave46_unchanged_inventory_v4_contract_review01.json
 create mode 100644 acceleration/run_20261004_fixed17_per_copy_local_sat_native_v1.sh
 create mode 100644 acceleration/run_20261004_fixed17_per_copy_local_sat_native_v1_spec.md
 create mode 100644 acceleration/run_20261004_fixed17_per_copy_local_sat_native_v2.sh
 create mode 100644 acceleration/run_20261004_fixed17_per_copy_local_sat_native_v2_spec.md
 create mode 100644 acceleration/screen_20261004_ternary_color_histograms_v1.py
 create mode 100644 acceleration/screen_20261004_ternary_color_histograms_v1_spec.md
 create mode 100644 acceleration/seal_20261004_per_copy_local_sat_closed_v1.ps1
 create mode 100644 acceleration/seal_20261004_per_copy_local_sat_closed_v1_spec.md
 create mode 100644 acceleration/seal_20261004_per_copy_local_sat_closed_v2.ps1
 create mode 100644 acceleration/seal_20261004_per_copy_local_sat_closed_v2_spec.md
 create mode 100644 acceleration/solve_20261004_prime5_code_delsarte_v1.py
 create mode 100644 acceleration/solve_20261004_prime5_code_delsarte_v1_spec.md
 create mode 100644 acceleration/solve_20261004_prime5_code_delsarte_v2.py
 create mode 100644 acceleration/solve_20261004_prime5_code_delsarte_v2_spec.md
 create mode 100644 acceleration/spec_20261004_local_sat_binary_drat_dependency_controls_v1.md
 create mode 100644 docs/CANDIDATE_20261003_TRIANGLE_IMAGE_WEIGHT7_V1.md
 create mode 100644 docs/CANDIDATE_20261003_TRIANGLE_KERNEL_SELF_ORTHOGONAL_V1.md
 create mode 100644 docs/CANDIDATE_20261003_WEIGHT5_DOUBLE_FIBERS_ROOK9_V1.md
 create mode 100644 docs/CANDIDATE_20261004_CODE_DELSARTE_IMAGE_COUNT_RENORMALIZATION_V1.md
 create mode 100644 docs/CANDIDATE_20261004_PRIME5_ANALYTIC_DELSARTE_DUAL_V1.md
 create mode 100644 docs/CANDIDATE_20261004_PRIME5_TRIANGLE_IMAGE_WEIGHT_COUNTS_V1.md
 create mode 100644 docs/CANDIDATE_20261004_TARGET_INTEGER_TRIANGLE_SIGNED_ONE_DESIGN_V1.md
 create mode 100644 docs/CANDIDATE_20261004_TARGET_NONZERO_ROOK_DEFICIENCY_MAXIMUM_LOWER2_V1.md
 create mode 100644 docs/CANDIDATE_20261004_TARGET_PRIME5_LEFT_CODE_SUPPORT54_V1.md
 create mode 100644 docs/CANDIDATE_20261004_TARGET_PRIME5_LEFT_CODE_SUPPORT55_V1.md
 create mode 100644 docs/CANDIDATE_20261004_TARGET_ROOK_COUNT228_D2_POPULATION_FOUR_OR_FIVE_V1.md
 create mode 100644 docs/CANDIDATE_20261004_TARGET_ROOK_COUNT228_DEFICIENCY_PATTERNS_V1.md
 create mode 100644 docs/CANDIDATE_20261004_TARGET_ROOK_DEFICIENCY_SECOND_NEIGHBOR_BOUND_V1.md
 create mode 100644 docs/CANDIDATE_20261004_TARGET_ROOK_DEFICIENCY_STRICT_SECOND_NEIGHBOR_BOUND_V1.md
 create mode 100644 docs/CANDIDATE_20261004_TARGET_ROOK_NINE_COUNT_NOT228_V1.md
 create mode 100644 docs/CANDIDATE_20261004_TARGET_ROOK_NINE_COUNT_NOT229_V1.md
 create mode 100644 docs/CANDIDATE_20261004_TARGET_ROOK_NINE_COUNT_NOT231_V1.md
 create mode 100644 docs/CANDIDATE_20261004_TARGET_ROOK_NINE_DEFICIENCY_GAP_V1.md
 create mode 100644 docs/CANDIDATE_20261004_TARGET_ROOK_SQUARE_COVERAGE_N3_EQUIVALENCE_V1.md
 create mode 100644 docs/CANDIDATE_20261004_TARGET_TERNARY_3ADIC_GRAM_RANK98_NONOBSTRUCTION_V1.md
 create mode 100644 docs/CANDIDATE_20261004_TARGET_TERNARY_INCIDENCE_MOD9_NONLIFT_PAIRING_V1.md
 create mode 100644 docs/CANDIDATE_20261004_TARGET_TERNARY_LEFT_CODE_COLOR_MOMENTS_WEIGHTS48_75_V1.md
 create mode 100644 docs/CANDIDATE_20261004_TARGET_TERNARY_LEFT_CODE_DOT_WEIGHTS_V1.md
 create mode 100644 docs/CANDIDATE_20261004_TERNARY_CIRCUIT_INTEGER_LIFT_SUPPORT_BOUNDARY_V1.md
 create mode 100644 docs/DESIGN_20261003_TERNARY_INCIDENCE_NONCONSTANT_KERNEL_V1.md
 create mode 100644 docs/DESIGN_20261003_TERNARY_REDUCED_GRAM_FULL_RANK_COUNTERMODEL_V1.md
 create mode 100644 docs/RESEARCH_20261004_FORTYSIXTH_WAVE.md
