C99OVERLAPS1 128
0 8 0 15 0 29 0 42 1 12 1 18 1 27 1 37 2 10 2 13 2 26 2 41 3 20 3 23 3 29 3 38 4 19 4 21 4 47 4 49 5 10 5 20 5 24 5 54 6 16 6 22 6 24 6 46 7 8 7 14 7 53 7 58 8 68 8 71 9 14 9 17 9 45 9 69 10 45 10 64 11 19 11 21 11 44 11 70 12 23 12 50 12 61 13 16 13 48 13 63 14 34 14 49 15 18 15 35 15 62 16 39 16 66 17 22 17 55 17 64 18 54 18 73 19 37 19 74 20 41 20 56 21 79 21 80 22 77 22 80 23 69 23 82 24 33 24 38 25 34 25 36 25 45 25 55 26 35 26 57 26 58 27 28 27 47 27 48 28 32 28 61 28 70 29 46 29 67 30 39 30 40 30 63 30 69 31 33 31 42 31 62 31 65 32 43 32 73 32 78 33 50 33 75 34 43 34 74 35 36 35 76 36 64 36 82 37 40 37 66 38 80 38 83 39 41 39 75 40 76 40 81 41 71 42 79 42 82 43 56 43 81 44 53 44 54 44 60 45 52 46 50 46 65 47 60 47 66 48 56 48 62 49 55 49 78 50 57 51 56 51 59 51 61 51 73 52 59 52 65 52 74 53 67 53 80 54 75 55 72 57 70 57 83 58 69 58 70 59 68 59 77 60 76 60 79 61 67 62 64 63 71 63 72 65 83 66 68 67 81 68 78 71 76 72 77 72 81 73 82 74 79 75 77 78 83
0 8 0 15 0 29 0 42 1 12 1 18 1 27 1 37 2 10 2 13 2 26 2 41 3 20 3 23 3 29 3 38 4 19 4 21 4 47 4 49 5 10 5 20 5 24 5 54 6 16 6 22 6 24 6 46 7 8 7 14 7 53 7 58 8 68 8 71 9 14 9 17 9 45 9 69 10 45 10 64 11 19 11 21 11 44 11 70 12 23 12 50 12 61 13 16 13 48 13 63 14 49 14 72 15 18 15 35 15 62 16 39 16 66 17 22 17 55 17 64 18 54 18 73 19 37 19 74 20 41 20 56 21 79 21 80 22 77 22 80 23 69 23 82 24 33 24 38 25 34 25 36 25 45 25 55 26 35 26 57 26 58 27 28 27 47 27 48 28 32 28 61 28 70 29 46 29 67 30 39 30 40 30 63 30 69 31 33 31 42 31 62 31 65 32 43 32 73 32 78 33 50 33 75 34 43 34 62 34 74 35 36 35 76 36 64 36 82 37 40 37 66 38 80 38 83 39 41 39 75 40 76 40 81 41 71 42 79 42 82 43 56 43 81 44 53 44 54 44 60 45 52 46 50 46 65 47 60 47 66 48 56 48 77 49 55 49 78 50 57 51 56 51 59 51 61 51 73 52 59 52 65 52 74 53 67 53 80 54 75 55 72 57 70 57 83 58 69 58 70 59 68 59 77 60 76 60 79 61 67 62 64 63 71 63 72 65 83 66 68 67 81 68 78 71 76 72 81 73 82 74 79 75 77 78 83
0 8 0 15 0 29 0 42 1 12 1 18 1 27 1 37 2 10 2 13 2 26 2 41 3 20 3 23 3 29 3 38 4 19 4 21 4 47 4 49 5 10 5 20 5 24 5 54 6 16 6 22 6 24 6 46 7 8 7 14 7 53 7 58 8 68 8 71 9 14 9 17 9 45 9 69 10 45 10 64 11 19 11 21 11 44 11 70 12 23 12 61 12 72 13 16 13 48 13 63 14 34 14 49 15 18 15 35 15 62 16 39 16 66 17 22 17 55 17 64 18 54 18 73 19 37 19 74 20 41 20 56 21 79 21 80 22 77 22 80 23 69 23 82 24 33 24 38 25 34 25 36 25 45 25 55 26 35 26 57 26 58 27 28 27 47 27 48 28 32 28 61 28 70 29 46 29 67 30 39 30 40 30 63 30 69 31 33 31 42 31 62 31 65 32 43 32 73 32 78 33 50 33 75 34 43 34 74 35 36 35 76 36 64 36 82 37 40 37 66 38 80 38 83 39 41 39 75 40 76 40 81 41 71 42 79 42 82 43 56 43 81 44 53 44 54 44 60 45 52 46 50 46 65 47 60 47 66 48 56 48 62 49 55 49 78 50 57 50 76 51 56 51 59 51 61 51 73 52 59 52 65 52 74 53 67 53 80 54 75 55 72 57 70 57 83 58 69 58 70 59 68 59 77 60 77 60 79 61 67 62 64 63 71 63 72 65 83 66 68 67 81 68 78 71 76 72 81 73 82 74 79 75 77 78 83
0 8 0 15 0 29 0 42 1 12 1 18 1 27 1 37 2 10 2 13 2 26 2 41 3 20 3 23 3 29 3 38 4 19 4 21 4 47 4 49 5 10 5 20 5 24 5 54 6 16 6 22 6 24 6 46 7 8 7 14 7 53 7 58 8 68 8 71 9 14 9 17 9 45 9 69 10 45 10 64 11 19 11 21 11 44 11 70 12 23 12 61 12 72 13 16 13 48 13 63 14 34 14 49 15 18 15 35 15 62 16 39 16 66 17 22 17 55 17 64 18 54 18 73 19 37 19 74 20 41 20 56 21 79 21 80 22 77 22 80 23 69 23 82 24 33 24 38 25 34 25 36 25 45 25 55 26 35 26 57 26 58 27 28 27 47 27 48 28 32 28 69 28 70 29 46 29 67 30 39 30 40 30 61 30 63 31 33 31 42 31 62 31 65 32 43 32 62 32 78 33 50 33 75 34 43 34 74 35 36 35 76 36 64 36 82 37 40 37 66 38 80 38 83 39 41 39 75 40 76 40 81 41 71 42 79 42 82 43 56 43 81 44 53 44 54 44 60 45 52 46 50 46 65 47 60 47 66 48 56 48 77 49 55 49 78 50 57 50 76 51 56 51 59 51 61 51 73 52 59 52 65 52 74 53 67 53 80 54 75 55 72 57 70 57 83 58 69 58 70 59 68 59 77 60 73 60 79 61 67 62 64 63 71 63 72 65 83 66 68 67 81 68 78 71 76 72 81 73 82 74 79 75 77 78 83
0 8 0 15 0 29 0 42 1 12 1 18 1 27 1 37 2 10 2 13 2 26 2 41 3 20 3 23 3 29 3 38 4 19 4 21 4 47 4 49 5 10 5 20 5 24 5 54 6 16 6 22 6 24 6 46 7 8 7 14 7 53 7 58 8 68 8 71 9 14 9 17 9 45 9 69 10 45 10 64 11 19 11 21 11 44 11 70 12 23 12 61 12 72 13 16 13 48 13 63 14 34 14 49 15 18 15 35 15 62 16 39 16 66 17 22 17 55 17 64 18 54 18 73 19 37 19 74 20 41 20 56 21 79 21 80 22 77 22 80 23 69 23 82 24 33 24 38 25 34 25 36 25 45 25 55 26 31 26 57 26 58 27 28 27 47 27 48 28 32 28 61 28 70 29 46 29 67 30 39 30 40 30 63 30 69 31 33 31 62 31 65 32 43 32 62 32 78 33 50 33 75 34 42 34 74 35 36 35 43 35 76 36 64 36 82 37 40 37 66 38 80 38 83 39 41 39 75 40 76 40 81 41 71 42 79 42 82 43 56 43 81 44 53 44 54 44 60 45 52 46 50 46 65 47 60 47 66 48 56 48 77 49 55 49 78 50 57 50 76 51 56 51 59 51 61 51 73 52 59 52 65 52 74 53 67 53 80 54 75 55 72 57 70 57 83 58 69 58 70 59 68 59 77 60 73 60 79 61 67 62 64 63 71 63 72 65 83 66 68 67 81 68 78 71 76 72 81 73 82 74 79 75 77 78 83
0 8 0 15 0 29 0 42 1 12 1 18 1 27 1 37 2 10 2 13 2 26 2 41 3 20 3 23 3 29 3 38 4 19 4 21 4 47 4 49 5 10 5 20 5 24 5 54 6 16 6 22 6 46 6 57 7 8 7 14 7 53 7 58 8 68 8 71 9 14 9 17 9 45 9 69 10 45 10 64 11 19 11 21 11 44 11 70 12 23 12 61 12 72 13 16 13 48 13 63 14 34 14 49 15 18 15 35 15 62 16 39 16 66 17 22 17 55 17 64 18 54 18 73 19 37 19 74 20 41 20 56 21 79 21 80 22 77 22 80 23 69 23 82 24 33 24 38 24 45 25 34 25 36 25 45 25 55 26 35 26 52 26 58 27 28 27 47 27 48 28 32 28 61 28 70 29 46 29 67 30 39 30 40 30 63 30 69 31 33 31 42 31 62 31 65 32 43 32 62 32 78 33 50 33 75 34 43 34 74 35 36 35 76 36 64 36 82 37 40 37 66 38 80 38 83 39 41 39 75 40 76 40 81 41 71 42 79 42 82 43 56 43 81 44 53 44 54 44 60 46 50 46 65 47 60 47 66 48 56 48 77 49 55 49 78 50 57 50 76 51 56 51 59 51 61 51 73 52 59 52 65 52 74 53 67 53 80 54 75 55 72 57 70 57 83 58 69 58 70 59 68 59 77 60 73 60 79 61 67 62 64 63 71 63 72 65 83 66 68 67 81 68 78 71 76 72 81 73 82 74 79 75 77 78 83
0 8 0 15 0 29 0 42 1 12 1 18 1 27 1 37 2 10 2 13 2 26 2 41 3 20 3 23 3 29 3 38 4 19 4 21 4 47 4 49 5 10 5 20 5 24 5 54 6 16 6 22 6 24 6 46 7 8 7 14 7 53 7 58 8 68 8 71 9 14 9 17 9 45 9 69 10 45 10 64 11 19 11 21 11 44 11 70 12 23 12 61 12 72 13 16 13 48 13 63 14 34 14 49 15 18 15 35 15 62 16 39 16 66 17 22 17 55 17 64 18 54 18 73 19 37 19 74 20 41 20 56 21 79 21 80 22 40 22 77 23 69 23 82 24 33 24 38 25 34 25 36 25 45 25 55 26 35 26 57 26 58 27 28 27 47 27 48 28 32 28 61 28 70 29 46 29 67 30 39 30 40 30 63 30 69 31 33 31 42 31 62 31 65 32 43 32 62 32 78 33 50 33 75 34 43 34 74 35 36 35 76 36 64 36 82 37 40 37 66 38 80 38 83 39 41 39 75 40 81 41 71 42 79 42 82 43 56 43 81 44 53 44 54 44 60 45 52 46 50 46 65 47 60 47 66 48 56 48 77 49 55 49 78 50 57 50 76 51 56 51 59 51 61 51 73 52 59 52 65 52 74 53 67 53 80 54 75 55 72 57 70 57 83 58 69 58 70 59 68 59 77 60 73 60 79 61 67 62 64 63 71 63 72 65 83 66 68 67 81 68 76 71 76 72 81 73 82 74 79 75 77 78 80 78 83
0 8 0 15 0 29 0 42 1 12 1 18 1 27 1 37 2 10 2 13 2 26 2 41 3 20 3 23 3 29 3 38 4 19 4 21 4 47 4 49 5 10 5 20 5 24 5 54 6 16 6 22 6 24 6 46 7 8 7 14 7 53 7 58 8 68 8 71 9 14 9 17 9 45 9 69 10 45 10 64 11 19 11 21 11 44 11 70 12 23 12 61 12 62 13 16 13 48 13 63 14 34 14 49 15 18 15 35 15 62 16 39 16 66 17 22 17 55 17 64 18 54 18 73 19 37 19 74 20 41 20 56 21 79 21 80 22 77 22 80 23 69 23 82 24 33 24 38 25 34 25 36 25 45 25 55 26 35 26 57 26 58 27 28 27 47 27 48 28 32 28 61 28 70 29 46 29 67 30 39 30 40 30 63 30 69 31 33 31 42 31 62 31 65 32 43 32 76 32 78 33 50 33 75 34 43 34 74 35 36 35 76 36 64 36 82 37 40 37 66 38 80 38 83 39 41 39 75 40 76 40 81 41 71 42 79 42 82 43 56 43 81 44 53 44 54 44 60 45 52 46 50 46 65 47 60 47 66 48 56 48 77 49 55 49 78 50 57 50 72 51 56 51 59 51 61 51 73 52 59 52 65 52 74 53 67 53 80 54 75 55 72 57 70 57 83 58 69 58 70 59 68 59 77 60 73 60 79 61 67 62 64 63 71 63 72 65 83 66 68 67 81 68 78 71 76 72 81 73 82 74 79 75 77 78 83
0 8 0 15 0 29 0 42 1 12 1 18 1 27 1 37 2 10 2 13 2 26 2 41 3 20 3 23 3 29 3 38 4 19 4 21 4 47 4 49 5 10 5 20 5 24 5 54 6 16 6 22 6 24 6 46 7 8 7 14 7 53 7 58 8 68 8 71 9 14 9 17 9 45 9 69 10 45 10 64 11 19 11 21 11 44 11 70 12 23 12 50 12 61 13 16 13 48 13 63 14 34 14 49 15 18 15 35 15 62 16 39 16 66 17 22 17 55 17 64 18 54 18 73 19 37 19 74 20 41 20 56 21 79 21 80 22 77 22 80 23 69 23 82 24 33 24 38 25 34 25 36 25 45 25 55 26 35 26 57 26 58 27 28 27 47 27 48 28 32 28 61 28 70 29 46 29 67 30 39 30 40 30 63 30 69 31 33 31 42 31 62 31 65 32 43 32 62 32 78 33 50 33 75 34 43 34 74 35 36 35 76 36 64 36 82 37 40 37 66 38 80 38 83 39 41 39 75 40 76 40 81 41 71 42 79 42 82 43 56 43 81 44 53 44 54 44 60 45 52 46 50 46 65 47 60 47 66 48 56 48 76 49 55 49 78 50 57 51 56 51 59 51 61 51 73 52 59 52 65 52 74 53 67 53 80 54 75 55 72 57 70 57 83 58 69 58 70 59 68 59 77 60 73 60 79 61 67 62 64 63 71 63 72 65 83 66 68 67 81 68 78 71 76 72 77 72 81 73 82 74 79 75 77 78 83
0 8 0 15 0 29 0 42 1 12 1 18 1 27 1 37 2 10 2 13 2 26 2 41 3 20 3 23 3 29 3 38 4 19 4 21 4 47 4 49 5 10 5 20 5 24 5 54 6 16 6 22 6 24 6 46 7 8 7 14 7 53 7 58 8 68 8 71 9 14 9 17 9 45 9 69 10 45 10 64 11 19 11 21 11 44 11 70 12 23 12 61 12 72 13 16 13 48 13 63 14 49 14 76 15 18 15 35 15 62 16 39 16 66 17 22 17 55 17 64 18 54 18 73 19 37 19 74 20 41 20 56 21 79 21 80 22 77 22 80 23 69 23 82 24 33 24 38 25 34 25 36 25 45 25 55 26 35 26 57 26 58 27 28 27 47 27 48 28 32 28 61 28 70 29 46 29 67 30 39 30 40 30 63 30 69 31 33 31 42 31 62 31 65 32 43 32 62 32 78 33 50 33 75 34 43 34 50 34 74 35 36 35 76 36 64 36 82 37 40 37 66 38 80 38 83 39 41 39 75 40 76 40 81 41 71 42 79 42 82 43 56 43 81 44 53 44 54 44 60 45 52 46 50 46 65 47 60 47 66 48 56 48 77 49 55 49 78 50 57 51 56 51 59 51 61 51 73 52 59 52 65 52 74 53 67 53 80 54 75 55 72 57 70 57 83 58 69 58 70 59 68 59 77 60 73 60 79 61 67 62 64 63 71 63 72 65 83 66 68 67 81 68 78 71 76 72 81 73 82 74 79 75 77 78 83
0 8 0 15 0 29 0 42 1 12 1 18 1 27 1 37 2 10 2 13 2 26 2 41 3 20 3 23 3 29 3 38 4 19 4 21 4 47 4 49 5 10 5 20 5 24 5 54 6 16 6 22 6 24 6 46 7 8 7 14 7 53 7 58 8 68 8 71 9 14 9 17 9 45 9 69 10 45 10 64 11 19 11 21 11 44 11 70 12 23 12 61 12 72 13 16 13 48 13 63 14 34 14 49 15 18 15 35 15 62 16 39 16 66 17 22 17 55 17 64 18 54 18 73 19 74 19 83 20 41 20 56 21 79 21 80 22 77 22 80 23 69 23 82 24 33 24 38 25 34 25 36 25 45 25 55 26 35 26 57 26 58 27 28 27 47 27 48 28 32 28 61 28 70 29 46 29 67 30 39 30 40 30 63 30 69 31 33 31 42 31 62 31 65 32 43 32 62 32 78 33 50 33 75 34 43 34 74 35 36 35 76 36 64 36 82 37 40 37 65 37 66 38 80 38 83 39 41 39 75 40 76 40 81 41 71 42 79 42 82 43 56 43 81 44 53 44 54 44 60 45 52 46 50 46 65 47 60 47 66 48 56 48 77 49 55 49 78 50 57 50 76 51 56 51 59 51 61 51 73 52 59 52 65 52 74 53 67 53 80 54 75 55 72 57 70 57 83 58 69 58 70 59 68 59 77 60 73 60 79 61 67 62 64 63 71 63 72 66 68 67 81 68 78 71 76 72 81 73 82 74 79 75 77 78 83
0 8 0 15 0 29 0 42 1 12 1 18 1 27 1 37 2 10 2 13 2 26 2 41 3 20 3 23 3 29 3 38 4 19 4 21 4 47 4 49 5 10 5 20 5 24 5 54 6 16 6 22 6 24 6 46 7 8 7 14 7 53 7 58 8 68 8 71 9 14 9 17 9 45 9 69 10 45 10 64 11 19 11 21 11 44 11 70 12 23 12 61 12 72 13 16 13 48 13 63 14 34 14 49 15 18 15 35 15 62 16 39 16 66 17 22 17 37 17 64 18 54 18 73 19 74 19 83 20 41 20 56 21 79 21 80 22 77 22 80 23 69 23 82 24 33 24 38 25 34 25 36 25 45 25 55 26 35 26 57 26 58 27 28 27 47 27 48 28 32 28 61 28 70 29 46 29 67 30 39 30 40 30 63 30 69 31 33 31 42 31 62 31 65 32 43 32 62 32 78 33 50 33 75 34 43 34 74 35 36 35 76 36 64 36 82 37 40 37 66 38 80 38 83 39 41 39 75 40 76 40 81 41 71 42 79 42 82 43 56 43 81 44 53 44 54 44 60 45 52 46 50 46 65 47 60 47 66 48 56 48 77 49 55 49 78 50 57 50 76 51 56 51 59 51 61 51 73 52 59 52 65 52 74 53 67 53 80 54 75 55 65 55 72 57 70 57 83 58 69 58 70 59 68 59 77 60 73 60 79 61 67 62 64 63 71 63 72 66 68 67 81 68 78 71 76 72 81 73 82 74 79 75 77 78 83
0 8 0 15 0 29 0 42 1 12 1 18 1 27 1 37 2 10 2 13 2 26 2 41 3 20 3 23 3 29 3 38 4 19 4 21 4 47 4 49 5 10 5 20 5 24 5 54 6 16 6 22 6 24 6 46 7 8 7 14 7 53 7 58 8 68 8 71 9 14 9 17 9 45 9 69 10 45 10 64 11 19 11 21 11 44 11 70 12 23 12 61 12 72 13 16 13 48 13 63 14 34 14 49 15 18 15 35 15 62 16 39 16 66 17 22 17 55 17 64 18 54 18 73 19 37 19 74 20 41 20 56 21 79 21 80 22 77 22 80 23 69 23 82 24 33 24 38 25 34 25 36 25 45 25 55 26 35 26 57 26 58 27 28 27 47 27 48 28 32 28 61 28 70 29 46 29 67 30 39 30 40 30 63 30 69 31 33 31 42 31 63 31 65 32 43 32 62 32 78 33 50 33 75 34 43 34 74 35 36 35 76 36 64 36 82 37 40 37 66 38 80 38 83 39 41 39 75 40 76 40 81 41 71 42 79 42 82 43 56 43 81 44 53 44 54 44 60 45 52 46 50 46 65 47 60 47 66 48 56 48 77 49 55 49 78 50 57 50 76 51 56 51 59 51 61 51 73 52 59 52 65 52 74 53 67 53 80 54 75 55 72 57 70 57 83 58 69 58 70 59 68 59 77 60 73 60 79 61 67 62 64 62 71 63 72 65 83 66 68 67 81 68 78 71 76 72 81 73 82 74 79 75 77 78 83
0 8 0 15 0 29 0 42 1 12 1 18 1 27 1 37 2 10 2 13 2 26 2 41 3 20 3 23 3 29 3 38 4 19 4 21 4 47 4 49 5 10 5 20 5 24 5 54 6 16 6 22 6 24 6 46 7 8 7 14 7 53 7 58 8 68 8 71 9 14 9 17 9 45 9 69 10 45 10 64 11 19 11 21 11 44 11 70 12 23 12 61 12 72 13 16 13 48 13 63 14 49 14 77 15 18 15 35 15 62 16 39 16 66 17 22 17 55 17 64 18 54 18 73 19 37 19 74 20 41 20 56 21 79 21 80 22 77 22 80 23 69 23 82 24 33 24 38 25 34 25 36 25 45 25 55 26 35 26 57 26 58 27 28 27 47 27 48 28 32 28 61 28 70 29 46 29 67 30 39 30 40 30 63 30 69 31 33 31 42 31 62 31 65 32 43 32 60 32 78 33 50 33 75 34 43 34 73 34 74 35 36 35 76 36 64 36 82 37 40 37 66 38 80 38 83 39 41 39 75 40 76 40 81 41 71 42 79 42 82 43 56 43 81 44 53 44 54 44 60 45 52 46 50 46 65 47 60 47 66 48 56 48 62 49 55 49 78 50 57 50 76 51 56 51 59 51 61 51 73 52 59 52 65 52 74 53 67 53 80 54 75 55 72 57 70 57 83 58 69 58 70 59 68 59 77 60 79 61 67 62 64 63 71 63 72 65 83 66 68 67 81 68 78 71 76 72 81 73 82 74 79 75 77 78 83
0 8 0 15 0 29 0 42 1 12 1 18 1 27 1 37 2 10 2 13 2 26 2 41 3 20 3 23 3 29 3 38 4 19 4 21 4 47 4 49 5 10 5 20 5 24 5 54 6 16 6 22 6 26 6 46 7 8 7 14 7 53 7 58 8 68 8 71 9 14 9 17 9 45 9 69 10 45 10 64 11 19 11 21 11 44 11 70 12 23 12 61 12 72 13 16 13 48 13 63 14 34 14 49 15 18 15 35 15 62 16 39 16 66 17 22 17 55 17 64 18 54 18 73 19 37 19 74 20 41 20 56 21 79 21 80 22 77 22 80 23 69 23 82 24 33 24 38 24 53 25 34 25 36 25 45 25 55 26 35 26 58 27 28 27 47 27 48 28 32 28 61 28 70 29 46 29 67 30 39 30 40 30 63 30 69 31 33 31 42 31 62 31 65 32 43 32 62 32 78 33 50 33 75 34 43 34 74 35 36 35 76 36 64 36 82 37 40 37 66 38 80 38 83 39 41 39 75 40 76 40 81 41 71 42 79 42 82 43 56 43 81 44 54 44 57 44 60 45 52 46 50 46 65 47 60 47 66 48 56 48 77 49 55 49 78 50 57 50 76 51 56 51 59 51 61 51 73 52 59 52 65 52 74 53 67 53 80 54 75 55 72 57 70 57 83 58 69 58 70 59 68 59 77 60 73 60 79 61 67 62 64 63 71 63 72 65 83 66 68 67 81 68 78 71 76 72 81 73 82 74 79 75 77 78 83
0 8 0 15 0 29 0 42 1 12 1 18 1 27 1 37 2 10 2 13 2 26 2 41 3 20 3 23 3 29 3 38 4 19 4 21 4 47 4 49 5 10 5 20 5 24 5 54 6 16 6 22 6 24 6 46 7 8 7 14 7 53 7 58 8 68 8 71 9 14 9 17 9 45 9 69 10 45 10 64 11 19 11 21 11 44 11 70 12 23 12 61 12 62 13 16 13 48 13 63 14 34 14 49 15 18 15 35 15 62 16 39 16 66 17 22 17 55 17 64 18 54 18 73 19 37 19 74 20 41 20 56 21 79 21 80 22 77 22 80 23 69 23 82 24 33 24 38 25 34 25 36 25 45 25 55 26 35 26 57 26 58 27 28 27 47 27 48 28 32 28 61 28 70 29 46 29 67 30 39 30 40 30 63 30 69 31 33 31 42 31 62 31 65 32 43 32 73 32 78 33 50 33 75 34 43 34 74 35 36 35 76 36 64 36 82 37 40 37 66 38 80 38 83 39 41 39 75 40 76 40 81 41 71 42 79 42 82 43 56 43 81 44 53 44 54 44 60 45 52 46 50 46 65 47 60 47 66 48 56 48 60 49 55 49 78 50 57 50 76 51 56 51 59 51 61 51 73 52 59 52 65 52 74 53 67 53 80 54 75 55 72 57 70 57 83 58 69 58 70 59 68 59 77 60 79 61 67 62 64 63 71 63 72 65 83 66 68 67 81 68 78 71 76 72 77 72 81 73 82 74 79 75 77 78 83
0 8 0 15 0 29 0 42 1 12 1 18 1 37 1 42 2 10 2 13 2 26 2 41 3 20 3 23 3 29 3 38 4 19 4 21 4 47 4 49 5 10 5 20 5 24 5 54 6 16 6 22 6 24 6 46 7 8 7 14 7 53 7 58 8 68 8 71 9 14 9 17 9 45 9 69 10 45 10 64 11 19 11 21 11 44 11 70 12 23 12 61 12 72 13 16 13 48 13 63 14 34 14 49 15 18 15 35 15 62 16 39 16 66 17 22 17 55 17 64 18 54 18 73 19 37 19 74 20 41 20 56 21 79 21 80 22 77 22 80 23 69 23 82 24 33 24 38 25 34 25 36 25 45 25 55 26 31 26 57 26 58 27 28 27 39 27 47 27 48 28 32 28 61 28 70 29 46 29 67 30 34 30 40 30 63 30 69 31 33 31 62 31 65 32 43 32 62 32 78 33 50 33 75 34 74 35 36 35 43 35 76 36 64 36 82 37 40 37 66 38 80 38 83 39 41 39 75 40 76 40 81 41 71 42 79 42 82 43 56 43 81 44 53 44 54 44 60 45 52 46 50 46 65 47 60 47 66 48 56 48 77 49 55 49 78 50 57 50 76 51 56 51 59 51 61 51 73 52 59 52 65 52 74 53 67 53 80 54 75 55 72 57 70 57 83 58 69 58 70 59 68 59 77 60 73 60 79 61 67 62 64 63 71 63 72 65 83 66 68 67 81 68 78 71 76 72 81 73 82 74 79 75 77 78 83
0 8 0 15 0 29 0 42 1 9 1 18 1 27 1 37 2 10 2 13 2 26 2 41 3 20 3 23 3 29 3 38 4 19 4 20 4 47 4 49 5 10 5 21 5 24 5 54 6 16 6 22 6 24 6 46 7 8 7 14 7 53 7 58 8 68 8 71 9 14 9 45 9 69 10 45 10 64 11 19 11 21 11 44 11 70 12 17 12 23 12 61 12 72 13 16 13 48 13 63 14 34 14 49 15 18 15 35 15 62 16 39 16 66 17 22 17 55 17 64 18 54 18 73 19 37 19 74 20 41 20 56 21 79 21 80 22 77 22 80 23 69 23 82 24 33 24 38 25 34 25 36 25 45 25 55 26 35 26 57 26 58 27 28 27 47 27 48 28 32 28 61 28 70 29 46 29 67 30 39 30 40 30 63 30 69 31 33 31 42 31 62 31 65 32 43 32 62 32 78 33 50 33 75 34 43 34 74 35 36 35 76 36 64 36 82 37 40 37 66 38 80 38 83 39 41 39 75 40 76 40 81 41 71 42 79 42 82 43 56 43 81 44 53 44 54 44 60 45 52 46 50 46 65 47 60 47 66 48 56 48 77 49 55 49 78 50 57 50 76 51 56 51 59 51 61 51 73 52 59 52 65 52 74 53 67 53 80 54 75 55 72 57 70 57 83 58 69 58 70 59 68 59 77 60 73 60 79 61 67 62 64 63 71 63 72 65 83 66 68 67 81 68 78 71 76 72 81 73 82 74 79 75 77 78 83
0 8 0 15 0 29 0 42 1 12 1 18 1 27 1 37 2 10 2 13 2 26 2 41 3 20 3 23 3 29 3 38 4 19 4 21 4 47 4 49 5 10 5 20 5 24 5 54 6 16 6 22 6 46 6 57 7 8 7 14 7 53 7 58 8 68 8 71 9 14 9 17 9 45 9 69 10 45 10 64 11 19 11 21 11 44 11 70 12 23 12 61 12 72 13 16 13 48 13 63 14 34 14 49 15 18 15 35 15 62 16 39 16 66 17 22 17 55 17 64 18 54 18 73 19 37 19 74 20 41 20 56 21 79 21 80 22 77 22 80 23 69 23 82 24 33 24 38 24 53 25 34 25 36 25 45 25 55 26 35 26 44 26 58 27 28 27 47 27 48 28 32 28 61 28 70 29 46 29 67 30 39 30 40 30 63 30 69 31 33 31 42 31 62 31 65 32 43 32 62 32 78 33 50 33 75 34 43 34 74 35 36 35 76 36 64 36 82 37 40 37 66 38 80 38 83 39 41 39 75 40 76 40 81 41 71 42 79 42 82 43 56 43 81 44 54 44 60 45 52 46 50 46 65 47 60 47 66 48 56 48 77 49 55 49 78 50 57 50 76 51 56 51 59 51 61 51 73 52 59 52 65 52 74 53 67 53 80 54 75 55 72 57 70 57 83 58 69 58 70 59 68 59 77 60 73 60 79 61 67 62 64 63 71 63 72 65 83 66 68 67 81 68 78 71 76 72 81 73 82 74 79 75 77 78 83
0 8 0 15 0 29 0 42 1 12 1 18 1 27 1 37 2 10 2 13 2 26 2 41 3 20 3 23 3 29 3 38 4 19 4 21 4 47 4 49 5 10 5 20 5 24 5 54 6 16 6 22 6 24 6 46 7 8 7 14 7 53 7 58 8 68 8 71 9 14 9 17 9 45 9 69 10 45 10 64 11 19 11 21 11 44 11 70 12 23 12 61 12 72 13 16 13 48 13 63 14 34 14 49 15 18 15 35 15 62 16 39 16 66 17 22 17 55 17 64 18 54 18 73 19 37 19 74 20 41 20 56 21 79 21 80 22 77 22 80 23 59 23 82 24 33 24 38 25 34 25 36 25 45 25 55 26 35 26 57 26 58 27 28 27 47 27 48 28 32 28 61 28 70 29 46 29 67 30 39 30 40 30 63 30 69 31 33 31 42 31 62 31 65 32 43 32 62 32 78 33 50 33 75 34 43 34 74 35 36 35 76 36 64 36 82 37 40 37 66 38 80 38 83 39 41 39 75 40 76 40 81 41 57 42 79 42 82 43 56 43 81 44 53 44 54 44 60 45 52 46 50 46 65 47 60 47 66 48 56 48 77 49 55 49 78 50 57 50 76 51 56 51 59 51 61 51 73 52 59 52 65 52 74 53 67 53 80 54 75 55 72 57 70 58 69 58 70 59 68 60 73 60 79 61 67 62 64 63 71 63 72 65 83 66 68 67 81 68 78 69 77 71 76 71 83 72 81 73 82 74 79 75 77 78 83
0 8 0 15 0 29 0 42 1 12 1 18 1 27 1 37 2 10 2 13 2 26 2 41 3 20 3 23 3 29 3 38 4 19 4 21 4 47 4 49 5 10 5 20 5 24 5 54 6 16 6 22 6 24 6 46 7 8 7 14 7 53 7 58 8 68 8 71 9 14 9 17 9 45 9 69 10 45 10 64 11 19 11 21 11 44 11 70 12 23 12 61 12 76 13 16 13 48 13 63 14 34 14 49 15 18 15 35 15 62 16 39 16 66 17 22 17 55 17 64 18 54 18 73 19 37 19 74 20 41 20 56 21 79 21 80 22 77 22 80 23 69 23 82 24 33 24 38 25 34 25 36 25 45 25 55 26 35 26 57 26 58 27 28 27 47 27 48 28 32 28 61 28 70 29 46 29 67 30 39 30 40 30 63 30 69 31 33 31 42 31 62 31 65 32 43 32 73 32 78 33 50 33 75 34 43 34 74 35 36 35 76 36 64 36 82 37 40 37 66 38 80 38 83 39 41 39 75 40 76 40 81 41 71 42 79 42 82 43 56 43 81 44 53 44 54 44 60 45 52 46 50 46 65 47 60 47 66 48 56 48 62 49 55 49 78 50 57 50 72 51 56 51 59 51 61 51 73 52 59 52 65 52 74 53 67 53 80 54 75 55 72 57 70 57 83 58 69 58 70 59 68 59 77 60 77 60 79 61 67 62 64 63 71 63 72 65 83 66 68 67 81 68 78 71 76 72 81 73 82 74 79 75 77 78 83
0 8 0 15 0 29 0 42 1 12 1 18 1 27 1 37 2 10 2 13 2 26 2 41 3 20 3 23 3 29 3 38 4 19 4 21 4 47 4 49 5 10 5 20 5 24 5 54 6 16 6 22 6 24 6 46 7 8 7 14 7 53 7 58 8 68 8 71 9 14 9 17 9 45 9 69 10 45 10 64 11 19 11 21 11 44 11 70 12 23 12 61 12 72 13 16 13 48 13 63 14 34 14 49 15 18 15 35 15 62 16 39 16 66 17 22 17 55 17 64 18 54 18 73 19 37 19 74 20 41 20 56 21 80 21 83 22 77 22 80 23 69 23 82 24 33 24 38 25 34 25 36 25 45 25 55 26 35 26 57 26 58 27 28 27 47 27 48 28 32 28 61 28 70 29 46 29 67 30 39 30 40 30 63 30 69 31 33 31 42 31 62 31 65 32 43 32 62 32 78 33 50 33 75 34 43 34 74 35 36 35 76 36 64 36 82 37 40 37 66 38 80 38 83 39 41 39 75 40 76 40 81 41 71 42 79 42 82 43 56 43 81 44 53 44 54 44 60 45 52 46 50 46 65 47 60 47 66 48 56 48 77 49 55 49 78 50 57 50 76 51 56 51 59 51 61 51 73 52 59 52 65 52 74 53 67 53 80 54 75 55 72 57 70 57 79 58 69 58 70 59 68 59 77 60 73 60 79 61 67 62 64 63 71 63 72 65 83 66 68 67 81 68 78 71 76 72 81 73 82 74 79 75 77 78 83
0 8 0 15 0 29 0 42 1 12 1 18 1 31 1 37 2 10 2 13 2 26 2 41 3 20 3 23 3 29 3 38 4 19 4 21 4 47 4 49 5 10 5 20 5 24 5 54 6 16 6 22 6 24 6 46 7 8 7 14 7 53 7 58 8 68 8 71 9 14 9 17 9 45 9 69 10 45 10 64 11 19 11 21 11 44 11 70 12 23 12 61 12 72 13 16 13 48 13 63 14 34 14 49 15 18 15 35 15 62 16 39 16 66 17 22 17 55 17 64 18 54 18 73 19 37 19 74 20 41 20 56 21 79 21 80 22 77 22 80 23 69 23 82 24 33 24 38 25 34 25 36 25 45 25 55 26 30 26 57 26 58 27 28 27 39 27 47 27 48 28 32 28 61 28 70 29 46 29 67 30 40 30 63 30 69 31 33 31 62 31 65 32 43 32 62 32 78 33 50 33 75 34 42 34 74 35 36 35 43 35 76 36 64 36 82 37 40 37 66 38 80 38 83 39 41 39 75 40 76 40 81 41 71 42 79 42 82 43 56 43 81 44 53 44 54 44 60 45 52 46 50 46 65 47 60 47 66 48 56 48 77 49 55 49 78 50 57 50 76 51 56 51 59 51 61 51 73 52 59 52 65 52 74 53 67 53 80 54 75 55 72 57 70 57 83 58 69 58 70 59 68 59 77 60 73 60 79 61 67 62 64 63 71 63 72 65 83 66 68 67 81 68 78 71 76 72 81 73 82 74 79 75 77 78 83
0 8 0 15 0 29 0 42 1 9 1 18 1 27 1 37 2 10 2 13 2 26 2 41 3 20 3 23 3 29 3 38 4 19 4 21 4 47 4 49 5 10 5 20 5 24 5 54 6 16 6 22 6 24 6 46 7 8 7 14 7 53 7 58 8 68 8 71 9 14 9 45 9 69 10 45 10 64 11 19 11 21 11 44 11 70 12 17 12 23 12 61 12 72 13 16 13 48 13 63 14 34 14 49 15 18 15 35 15 62 16 39 16 66 17 22 17 55 17 64 18 54 18 73 19 37 19 74 20 41 20 56 21 79 21 80 22 77 22 80 23 69 23 82 24 33 24 38 25 34 25 36 25 45 25 55 26 35 26 57 26 58 27 28 27 47 27 48 28 32 28 61 28 70 29 46 29 67 30 39 30 40 30 63 30 69 31 33 31 42 31 62 31 65 32 43 32 62 32 78 33 50 33 75 34 43 34 74 35 36 35 76 36 64 36 82 37 40 37 66 38 80 38 83 39 41 39 75 40 76 40 81 41 71 42 79 42 82 43 56 43 81 44 53 44 54 44 60 45 52 46 50 46 65 47 60 47 66 48 56 48 77 49 55 49 78 50 57 50 76 51 56 51 59 51 61 51 73 52 59 52 65 52 74 53 67 53 80 54 75 55 72 57 70 57 83 58 69 58 70 59 68 59 77 60 73 60 79 61 67 62 64 63 71 63 72 65 83 66 68 67 81 68 78 71 76 72 81 73 82 74 79 75 77 78 83
0 8 0 15 0 29 0 42 1 12 1 18 1 27 1 37 2 10 2 13 2 26 2 41 3 20 3 23 3 29 3 38 4 19 4 21 4 47 4 49 5 10 5 20 5 24 5 54 6 16 6 22 6 24 6 46 7 8 7 14 7 53 7 58 8 68 8 71 9 14 9 17 9 45 9 69 10 45 10 64 11 19 11 21 11 44 11 70 12 23 12 61 12 72 13 16 13 48 13 63 14 34 14 49 15 18 15 35 15 62 16 39 16 66 17 22 17 55 17 64 18 54 18 73 19 37 19 74 20 41 20 56 21 79 21 80 22 77 22 80 23 69 23 82 24 33 24 38 25 34 25 36 25 45 25 55 26 35 26 57 26 58 27 28 27 47 27 48 28 32 28 61 28 70 29 46 29 67 30 39 30 40 30 63 30 69 31 33 31 42 31 62 31 65 32 43 32 62 32 78 33 50 33 75 34 43 34 74 35 36 35 76 36 64 36 82 37 40 37 66 38 80 38 83 39 41 39 75 40 76 40 81 41 71 42 79 42 82 43 56 43 83 44 53 44 54 44 60 45 52 46 50 46 65 47 60 47 66 48 56 48 77 49 55 49 78 50 57 50 76 51 56 51 59 51 61 51 73 52 59 52 65 52 74 53 67 53 80 54 75 55 72 57 70 57 81 58 69 58 70 59 68 59 77 60 73 60 79 61 67 62 64 63 71 63 72 65 83 66 68 67 81 68 78 71 76 72 81 73 82 74 79 75 77 78 83
0 8 0 15 0 29 0 42 1 12 1 18 1 27 1 37 2 10 2 13 2 26 2 41 3 20 3 23 3 29 3 38 4 19 4 21 4 47 4 49 5 10 5 20 5 24 5 54 6 16 6 22 6 24 6 46 7 8 7 14 7 53 7 58 8 68 8 71 9 14 9 17 9 45 9 69 10 45 10 64 11 19 11 21 11 44 11 70 12 23 12 61 12 72 13 16 13 48 13 63 14 34 14 49 15 18 15 35 15 62 16 39 16 66 17 22 17 55 17 64 18 54 18 73 19 37 19 74 20 41 20 56 21 79 21 80 22 77 22 80 23 69 23 82 24 33 24 38 25 34 25 36 25 45 25 55 26 35 26 57 26 58 27 28 27 47 27 48 28 32 28 61 28 70 29 46 29 67 30 39 30 40 30 63 30 69 31 33 31 42 31 62 31 65 32 43 32 62 32 78 33 50 33 75 34 43 34 74 35 36 35 76 36 64 36 82 37 40 37 66 38 80 38 83 39 41 39 67 40 76 40 81 41 71 42 79 42 82 43 56 43 81 44 53 44 54 44 60 45 52 46 50 46 65 47 60 47 66 48 56 48 77 49 55 49 78 50 57 50 76 51 56 51 59 51 61 51 73 52 59 52 65 52 74 53 75 53 80 54 75 55 72 57 70 57 83 58 69 58 70 59 68 59 77 60 73 60 79 61 67 62 64 63 71 63 72 65 83 66 68 67 81 68 78 71 76 72 81 73 82 74 79 75 77 78 83
0 8 0 15 0 29 0 42 1 12 1 18 1 27 1 37 2 10 2 13 2 26 2 41 3 20 3 23 3 29 3 35 4 19 4 21 4 47 4 49 5 10 5 20 5 24 5 54 6 16 6 22 6 24 6 46 7 8 7 14 7 53 7 58 8 68 8 71 9 14 9 17 9 45 9 69 10 45 10 64 11 19 11 21 11 44 11 70 12 23 12 61 12 72 13 16 13 48 13 63 14 34 14 49 15 18 15 35 15 62 16 39 16 66 17 22 17 55 17 64 18 54 18 73 19 37 19 74 20 41 20 56 21 79 21 80 22 77 22 80 23 69 23 82 24 33 24 38 25 34 25 36 25 45 25 55 26 38 26 57 26 58 27 28 27 47 27 48 28 32 28 61 28 70 29 46 29 67 30 39 30 40 30 63 30 69 31 33 31 42 31 62 31 65 32 43 32 62 32 78 33 50 33 75 34 43 34 74 35 36 35 76 36 64 36 82 37 40 37 66 38 80 38 83 39 41 39 75 40 76 40 81 41 71 42 79 42 82 43 56 43 81 44 53 44 54 44 60 45 52 46 50 46 65 47 60 47 66 48 56 48 77 49 55 49 78 50 57 50 76 51 56 51 59 51 61 51 73 52 59 52 65 52 74 53 67 53 80 54 75 55 72 57 70 57 83 58 69 58 70 59 68 59 77 60 73 60 79 61 67 62 64 63 71 63 72 65 83 66 68 67 81 68 78 71 76 72 81 73 82 74 79 75 77 78 83
0 8 0 15 0 29 0 42 1 12 1 18 1 27 1 37 2 10 2 13 2 26 2 41 3 20 3 23 3 29 3 38 4 19 4 21 4 47 4 49 5 10 5 20 5 24 5 54 6 16 6 22 6 24 6 46 7 8 7 14 7 53 7 58 8 68 8 71 9 14 9 17 9 45 9 69 10 45 10 64 11 19 11 21 11 44 11 70 12 23 12 61 12 72 13 16 13 48 13 63 14 34 14 49 15 18 15 35 15 62 16 39 16 66 17 22 17 55 17 64 18 54 18 73 19 37 19 74 20 41 20 56 21 79 21 80 22 77 22 80 23 69 23 82 24 33 24 38 25 34 25 36 25 45 25 55 26 35 26 52 26 58 27 28 27 47 27 48 28 32 28 61 28 70 29 46 29 67 30 39 30 40 30 63 30 69 31 33 31 42 31 62 31 65 32 43 32 62 32 78 33 50 33 75 34 43 34 74 35 36 35 76 36 64 36 82 37 40 37 66 38 80 38 83 39 41 39 75 40 76 40 81 41 71 42 79 42 82 43 56 43 81 44 53 44 54 44 60 45 57 46 50 46 65 47 60 47 66 48 56 48 77 49 55 49 78 50 57 50 76 51 56 51 59 51 61 51 73 52 59 52 65 52 74 53 67 53 80 54 75 55 72 57 70 57 83 58 69 58 70 59 68 59 77 60 73 60 79 61 67 62 64 63 71 63 72 65 83 66 68 67 81 68 78 71 76 72 81 73 82 74 79 75 77 78 83
0 8 0 15 0 29 0 42 1 12 1 18 1 27 1 37 2 10 2 13 2 26 2 41 3 20 3 23 3 29 3 38 4 19 4 21 4 47 4 49 5 10 5 20 5 24 5 54 6 16 6 22 6 24 6 46 7 8 7 14 7 53 7 58 8 68 8 71 9 14 9 17 9 45 9 69 10 45 10 64 11 19 11 21 11 44 11 70 12 23 12 61 12 72 13 16 13 48 13 63 14 34 14 49 15 18 15 35 15 62 16 39 16 66 17 22 17 64 17 67 18 54 18 73 19 37 19 74 20 41 20 56 21 79 21 80 22 77 22 80 23 69 23 82 24 33 24 38 25 34 25 36 25 45 25 55 26 35 26 57 26 58 27 28 27 47 27 48 28 32 28 61 28 70 29 46 29 67 30 39 30 40 30 63 30 69 31 33 31 42 31 62 31 65 32 43 32 62 32 78 33 50 33 75 34 43 34 74 35 36 35 76 36 64 36 82 37 40 37 66 38 80 38 83 39 41 39 75 40 76 40 81 41 71 42 79 42 82 43 56 43 81 44 53 44 54 44 60 45 52 46 50 46 65 47 60 47 66 48 56 48 77 49 55 49 78 50 57 50 76 51 56 51 59 51 61 51 73 52 59 52 65 52 74 53 80 53 83 54 75 55 65 55 72 57 70 57 83 58 69 58 70 59 68 59 77 60 73 60 79 61 67 62 64 63 71 63 72 66 68 67 81 68 78 71 76 72 81 73 82 74 79 75 77 78 83
0 8 0 15 0 29 0 42 1 12 1 18 1 27 1 37 2 10 2 13 2 26 2 41 3 20 3 23 3 29 3 38 4 19 4 21 4 47 4 49 5 10 5 20 5 24 5 54 6 16 6 22 6 24 6 46 7 8 7 14 7 53 7 58 8 68 8 71 9 14 9 17 9 45 9 69 10 45 10 64 11 19 11 21 11 44 11 70 12 23 12 61 12 77 13 16 13 48 13 63 14 34 14 49 15 18 15 35 15 62 16 39 16 66 17 22 17 55 17 64 18 54 18 73 19 37 19 74 20 41 20 56 21 79 21 80 22 77 22 80 23 69 23 82 24 33 24 38 25 34 25 36 25 45 25 55 26 35 26 57 26 58 27 28 27 47 27 48 28 32 28 61 28 70 29 46 29 67 30 39 30 40 30 63 30 69 31 33 31 42 31 62 31 65 32 43 32 73 32 78 33 50 33 75 34 43 34 74 35 36 35 76 36 64 36 82 37 40 37 66 38 80 38 83 39 41 39 75 40 76 40 81 41 71 42 79 42 82 43 56 43 81 44 53 44 54 44 60 45 52 46 50 46 65 47 60 47 66 48 56 48 62 49 55 49 78 50 57 50 72 51 56 51 59 51 61 51 73 52 59 52 65 52 74 53 67 53 80 54 75 55 72 57 70 57 83 58 69 58 70 59 68 59 77 60 76 60 79 61 67 62 64 63 71 63 72 65 83 66 68 67 81 68 78 71 76 72 81 73 82 74 79 75 77 78 83
0 8 0 15 0 29 0 42 1 12 1 18 1 27 1 37 2 10 2 13 2 26 2 41 3 20 3 23 3 29 3 38 4 19 4 21 4 47 4 49 5 10 5 20 5 24 5 54 6 16 6 22 6 24 6 46 7 8 7 14 7 53 7 58 8 68 8 71 9 14 9 17 9 45 9 69 10 45 10 64 11 19 11 21 11 44 11 70 12 23 12 61 12 72 13 16 13 48 13 63 14 34 14 49 15 18 15 35 15 62 16 39 16 66 17 22 17 55 17 64 18 54 18 73 19 37 19 74 20 41 20 56 21 59 21 80 22 77 22 80 23 79 23 82 24 33 24 38 25 34 25 36 25 45 25 55 26 35 26 57 26 58 27 28 27 47 27 48 28 32 28 61 28 70 29 46 29 67 30 39 30 40 30 63 30 69 31 33 31 42 31 62 31 65 32 43 32 62 32 78 33 50 33 75 34 43 34 74 35 36 35 76 36 64 36 82 37 40 37 66 38 80 38 83 39 41 39 75 40 76 40 81 41 71 42 79 42 82 43 56 43 81 44 53 44 54 44 60 45 52 46 50 46 65 47 60 47 66 48 56 48 77 49 55 49 78 50 57 50 76 51 56 51 59 51 61 51 73 52 59 52 65 52 74 53 67 53 80 54 75 55 72 57 70 57 83 58 69 58 70 59 68 60 73 60 79 61 67 62 64 63 71 63 72 65 83 66 68 67 81 68 78 69 77 71 76 72 81 73 82 74 79 75 77 78 83
0 8 0 15 0 29 0 42 1 12 1 18 1 37 1 43 2 10 2 13 2 26 2 41 3 20 3 23 3 29 3 38 4 19 4 21 4 47 4 49 5 10 5 20 5 24 5 54 6 16 6 22 6 24 6 46 7 8 7 14 7 53 7 58 8 68 8 71 9 14 9 17 9 45 9 69 10 45 10 64 11 19 11 21 11 44 11 70 12 23 12 61 12 72 13 16 13 48 13 63 14 34 14 49 15 18 15 35 15 62 16 39 16 66 17 22 17 55 17 64 18 54 18 73 19 37 19 74 20 41 20 56 21 79 21 80 22 77 22 80 23 69 23 82 24 33 24 38 25 34 25 36 25 45 25 55 26 30 26 57 26 58 27 28 27 35 27 47 27 48 28 32 28 61 28 70 29 46 29 67 30 40 30 63 30 69 31 33 31 42 31 62 31 65 32 43 32 62 32 78 33 50 33 75 34 39 34 74 35 36 35 76 36 64 36 82 37 40 37 66 38 80 38 83 39 41 39 75 40 76 40 81 41 71 42 79 42 82 43 56 43 81 44 53 44 54 44 60 45 52 46 50 46 65 47 60 47 66 48 56 48 77 49 55 49 78 50 57 50 76 51 56 51 59 51 61 51 73 52 59 52 65 52 74 53 67 53 80 54 75 55 72 57 70 57 83 58 69 58 70 59 68 59 77 60 73 60 79 61 67 62 64 63 71 63 72 65 83 66 68 67 81 68 78 71 76 72 81 73 82 74 79 75 77 78 83
0 8 0 15 0 29 0 42 1 12 1 18 1 27 1 37 2 10 2 13 2 26 2 41 3 20 3 23 3 29 3 38 4 19 4 21 4 47 4 49 5 10 5 20 5 24 5 54 6 16 6 22 6 24 6 46 7 8 7 14 7 53 7 58 8 68 8 71 9 14 9 17 9 45 9 69 10 45 10 64 11 19 11 21 11 44 11 70 12 23 12 61 12 72 13 16 13 48 13 49 14 34 14 49 15 18 15 35 15 62 16 39 16 66 17 22 17 55 17 64 18 54 18 73 19 37 19 74 20 41 20 56 21 79 21 80 22 77 22 80 23 69 23 82 24 33 24 38 25 34 25 36 25 45 25 55 26 35 26 57 26 58 27 28 27 47 27 48 28 32 28 61 28 70 29 46 29 67 30 39 30 40 30 63 30 69 31 33 31 42 31 62 31 65 32 43 32 62 32 78 33 50 33 75 34 43 34 74 35 36 35 76 36 64 36 82 37 40 37 66 38 80 38 83 39 41 39 75 40 76 40 81 41 71 42 79 42 82 43 56 43 81 44 53 44 54 44 60 45 52 46 50 46 65 47 60 47 66 48 56 48 77 49 55 50 57 50 76 51 56 51 59 51 61 51 73 52 59 52 65 52 74 53 67 53 80 54 75 55 72 57 70 57 83 58 69 58 70 59 68 59 77 60 73 60 79 61 67 62 64 63 71 63 72 63 78 65 83 66 68 67 81 68 78 71 76 72 81 73 82 74 79 75 77 78 83
0 8 0 15 0 29 0 42 1 12 1 18 1 27 1 37 2 10 2 13 2 26 2 41 3 20 3 23 3 29 3 38 4 19 4 21 4 47 4 49 5 10 5 20 5 24 5 54 6 16 6 22 6 24 6 46 7 8 7 14 7 53 7 58 8 68 8 71 9 14 9 17 9 45 9 69 10 45 10 64 11 19 11 21 11 44 11 70 12 23 12 61 12 72 13 16 13 48 13 63 14 34 14 49 15 18 15 35 15 62 16 39 16 66 17 22 17 55 17 64 18 54 18 73 19 37 19 74 20 41 20 56 21 79 21 80 22 77 22 78 23 69 23 82 24 33 24 38 25 34 25 36 25 45 25 55 26 35 26 57 26 58 27 28 27 47 27 48 28 32 28 61 28 70 29 46 29 67 30 39 30 40 30 63 30 69 31 33 31 42 31 62 31 65 32 43 32 62 32 78 33 50 33 75 34 43 34 74 35 36 35 76 36 64 36 82 37 40 37 66 38 80 38 83 39 41 39 75 40 76 40 81 41 71 42 68 42 79 43 56 43 81 44 53 44 54 44 60 45 52 46 50 46 65 47 60 47 66 48 56 48 77 49 55 49 78 50 57 50 76 51 56 51 59 51 61 51 73 52 59 52 65 52 74 53 67 53 80 54 75 55 72 57 70 57 83 58 69 58 80 59 68 59 77 60 73 60 79 61 67 62 64 63 71 63 72 65 83 66 68 67 81 70 82 71 76 72 81 73 82 74 79 75 77 78 83
0 8 0 15 0 29 0 42 1 12 1 18 1 27 1 37 2 10 2 13 2 26 2 41 3 20 3 23 3 29 3 38 4 19 4 21 4 47 4 49 5 10 5 20 5 24 5 54 6 16 6 22 6 24 6 46 7 8 7 14 7 53 7 58 8 68 8 71 9 14 9 17 9 45 9 69 10 45 10 64 11 19 11 21 11 44 11 70 12 23 12 61 12 62 13 16 13 48 13 63 14 49 14 72 15 18 15 35 15 62 16 39 16 66 17 22 17 55 17 64 18 54 18 73 19 37 19 74 20 41 20 56 21 79 21 80 22 77 22 80 23 69 23 82 24 33 24 38 25 34 25 36 25 45 25 55 26 35 26 57 26 58 27 28 27 47 27 48 28 32 28 61 28 70 29 46 29 67 30 39 30 40 30 63 30 69 31 33 31 42 31 62 31 65 32 43 32 60 32 78 33 50 33 75 34 43 34 73 34 74 35 36 35 76 36 64 36 82 37 40 37 66 38 80 38 83 39 41 39 75 40 76 40 81 41 71 42 79 42 82 43 56 43 81 44 53 44 54 44 60 45 52 46 50 46 65 47 60 47 66 48 56 48 77 49 55 49 78 50 57 50 76 51 56 51 59 51 61 51 73 52 59 52 65 52 74 53 67 53 80 54 75 55 72 57 70 57 83 58 69 58 70 59 68 59 77 60 79 61 67 62 64 63 71 63 72 65 83 66 68 67 81 68 78 71 76 72 81 73 82 74 79 75 77 78 83
0 8 0 15 0 29 0 42 1 12 1 18 1 27 1 37 2 10 2 13 2 26 2 41 3 20 3 23 3 29 3 38 4 19 4 21 4 47 4 49 5 10 5 20 5 24 5 54 6 16 6 22 6 24 6 46 7 8 7 14 7 53 7 58 8 68 8 71 9 14 9 17 9 45 9 69 10 45 10 64 11 19 11 21 11 44 11 70 12 23 12 50 12 61 13 16 13 48 13 63 14 34 14 49 15 18 15 35 15 62 16 39 16 66 17 22 17 55 17 64 18 54 18 73 19 37 19 74 20 41 20 56 21 79 21 80 22 77 22 80 23 69 23 82 24 33 24 38 25 34 25 36 25 45 25 55 26 35 26 57 26 58 27 28 27 47 27 48 28 32 28 61 28 70 29 46 29 67 30 39 30 40 30 63 30 69 31 33 31 42 31 62 31 65 32 43 32 62 32 78 33 50 33 75 34 43 34 74 35 36 35 76 36 64 36 82 37 40 37 66 38 80 38 83 39 41 39 75 40 76 40 81 41 71 42 79 42 82 43 56 43 81 44 53 44 54 44 60 45 52 46 50 46 65 47 60 47 66 48 56 48 77 49 55 49 78 50 57 51 56 51 59 51 61 51 73 52 59 52 65 52 74 53 67 53 80 54 75 55 72 57 70 57 83 58 69 58 70 59 68 59 77 60 72 60 79 61 67 62 64 63 71 63 72 65 83 66 68 67 81 68 78 71 76 72 81 73 76 73 82 74 79 75 77 78 83
0 8 0 15 0 29 0 42 1 12 1 18 1 27 1 37 2 10 2 13 2 26 2 41 3 20 3 23 3 29 3 38 4 19 4 21 4 47 4 49 5 10 5 20 5 24 5 54 6 16 6 22 6 24 6 46 7 8 7 14 7 53 7 58 8 68 8 71 9 14 9 17 9 45 9 69 10 45 10 64 11 19 11 21 11 44 11 70 12 23 12 61 12 72 13 16 13 48 13 63 14 34 14 49 15 18 15 35 15 62 16 39 16 66 17 22 17 55 17 64 18 54 18 73 19 37 19 74 20 41 20 56 21 79 21 80 22 77 22 78 23 69 23 82 24 33 24 38 25 34 25 36 25 45 25 55 26 35 26 57 26 58 27 28 27 47 27 48 28 32 28 61 28 70 29 46 29 67 30 39 30 40 30 63 30 69 31 33 31 42 31 62 31 65 32 43 32 62 32 78 33 50 33 75 34 43 34 74 35 36 35 76 36 64 36 82 37 40 37 66 38 80 38 83 39 41 39 75 40 76 40 81 41 71 42 79 42 80 43 56 43 81 44 53 44 54 44 60 45 52 46 50 46 65 47 60 47 66 48 56 48 77 49 55 49 78 50 57 50 76 51 56 51 59 51 61 51 73 52 59 52 65 52 74 53 67 53 80 54 75 55 72 57 70 57 83 58 69 58 70 59 68 59 77 60 73 60 79 61 67 62 64 63 71 63 72 65 83 66 68 67 81 68 82 71 76 72 81 73 82 74 79 75 77 78 83
0 8 0 15 0 29 0 42 1 12 1 18 1 27 1 37 2 10 2 13 2 26 2 41 3 20 3 23 3 29 3 38 4 19 4 21 4 47 4 49 5 10 5 20 5 24 5 54 6 16 6 22 6 24 6 46 7 8 7 14 7 53 7 58 8 68 8 71 9 14 9 17 9 45 9 69 10 45 10 64 11 19 11 21 11 44 11 70 12 23 12 61 12 72 13 16 13 48 13 63 14 34 14 49 15 18 15 35 15 62 16 39 16 66 17 22 17 55 17 64 18 54 18 73 19 37 19 74 20 41 20 56 21 79 21 80 22 77 22 80 23 69 23 82 24 33 24 38 25 34 25 36 25 45 25 55 26 35 26 57 26 58 27 28 27 47 27 48 28 32 28 61 28 70 29 46 29 67 30 39 30 40 30 63 30 69 31 33 31 42 31 62 31 65 32 43 32 62 32 78 33 50 33 75 34 43 34 74 35 36 35 76 36 64 36 82 37 40 37 66 38 80 38 83 39 41 39 75 40 76 40 81 41 71 42 79 42 82 43 56 43 81 44 53 44 54 44 60 45 52 46 50 46 65 47 60 47 66 48 56 48 77 49 55 49 78 50 57 50 76 51 56 51 59 51 61 51 73 52 59 52 65 52 74 53 73 53 80 54 75 55 72 57 70 57 83 58 69 58 70 59 68 59 77 60 73 60 79 61 67 62 64 63 71 63 72 65 83 66 68 67 81 67 82 68 78 71 76 72 81 74 79 75 77 78 83
0 8 0 15 0 29 0 42 1 12 1 18 1 27 1 37 2 10 2 13 2 26 2 41 3 20 3 23 3 29 3 38 4 19 4 21 4 47 4 49 5 10 5 20 5 24 5 54 6 16 6 22 6 24 6 46 7 8 7 14 7 53 7 58 8 68 8 71 9 14 9 17 9 45 9 69 10 45 10 64 11 19 11 21 11 44 11 70 12 23 12 61 12 62 13 16 13 48 13 63 14 34 14 49 15 18 15 35 15 62 16 39 16 66 17 22 17 55 17 64 18 54 18 73 19 37 19 74 20 41 20 56 21 79 21 80 22 77 22 80 23 69 23 82 24 33 24 38 25 34 25 36 25 45 25 55 26 35 26 57 26 58 27 28 27 47 27 48 28 32 28 61 28 70 29 46 29 67 30 39 30 40 30 63 30 69 31 33 31 42 31 62 31 65 32 43 32 73 32 78 33 50 33 75 34 43 34 74 35 36 35 76 36 64 36 82 37 40 37 66 38 80 38 83 39 41 39 75 40 76 40 81 41 71 42 79 42 82 43 56 43 81 44 53 44 54 44 60 45 52 46 50 46 65 47 60 47 66 48 56 48 72 49 55 49 78 50 57 50 76 51 56 51 59 51 61 51 73 52 59 52 65 52 74 53 67 53 80 54 75 55 72 57 70 57 83 58 69 58 70 59 68 59 77 60 77 60 79 61 67 62 64 63 71 63 72 65 83 66 68 67 81 68 78 71 76 72 81 73 82 74 79 75 77 78 83
0 8 0 15 0 29 0 42 1 12 1 18 1 27 1 37 2 10 2 13 2 26 2 41 3 20 3 23 3 29 3 38 4 19 4 21 4 47 4 49 5 10 5 20 5 24 5 54 6 16 6 22 6 24 6 46 7 8 7 14 7 53 7 58 8 68 8 71 9 14 9 17 9 45 9 69 10 45 10 64 11 19 11 21 11 44 11 70 12 23 12 61 12 72 13 16 13 48 13 63 14 34 14 49 15 18 15 35 15 62 16 39 16 66 17 22 17 55 17 64 18 54 18 73 19 37 19 74 20 41 20 56 21 79 21 80 22 77 22 80 23 69 23 82 24 33 24 38 25 34 25 36 25 45 25 55 26 35 26 57 26 58 27 28 27 47 27 48 28 32 28 61 28 70 29 46 29 67 30 39 30 40 30 63 30 69 31 33 31 42 31 62 31 65 32 43 32 73 32 78 33 50 33 75 34 43 34 74 35 36 35 76 36 64 36 82 37 40 37 66 38 80 38 83 39 41 39 75 40 76 40 81 41 71 42 79 42 82 43 56 43 81 44 53 44 54 44 60 45 52 46 50 46 65 47 60 47 66 48 56 48 77 49 55 49 78 50 57 50 62 51 56 51 59 51 61 51 73 52 59 52 65 52 74 53 67 53 80 54 75 55 72 57 70 57 83 58 69 58 70 59 68 59 77 60 76 60 79 61 67 62 64 63 71 63 72 65 83 66 68 67 81 68 78 71 76 72 81 73 82 74 79 75 77 78 83
0 8 0 15 0 29 0 42 1 12 1 18 1 31 1 37 2 10 2 13 2 26 2 41 3 20 3 23 3 29 3 38 4 19 4 21 4 47 4 49 5 10 5 20 5 24 5 54 6 16 6 22 6 24 6 46 7 8 7 14 7 53 7 58 8 68 8 71 9 14 9 17 9 45 9 69 10 45 10 64 11 19 11 21 11 44 11 70 12 23 12 61 12 72 13 16 13 48 13 63 14 34 14 49 15 18 15 35 15 62 16 39 16 66 17 22 17 55 17 64 18 54 18 73 19 37 19 74 20 41 20 56 21 79 21 80 22 77 22 80 23 69 23 82 24 33 24 38 25 34 25 36 25 45 25 55 26 42 26 57 26 58 27 28 27 34 27 47 27 48 28 32 28 61 28 70 29 46 29 67 30 39 30 40 30 63 30 69 31 33 31 62 31 65 32 43 32 62 32 78 33 50 33 75 34 74 35 36 35 43 35 76 36 64 36 82 37 40 37 66 38 80 38 83 39 41 39 75 40 76 40 81 41 71 42 79 42 82 43 56 43 81 44 53 44 54 44 60 45 52 46 50 46 65 47 60 47 66 48 56 48 77 49 55 49 78 50 57 50 76 51 56 51 59 51 61 51 73 52 59 52 65 52 74 53 67 53 80 54 75 55 72 57 70 57 83 58 69 58 70 59 68 59 77 60 73 60 79 61 67 62 64 63 71 63 72 65 83 66 68 67 81 68 78 71 76 72 81 73 82 74 79 75 77 78 83
0 8 0 15 0 29 0 42 1 12 1 18 1 27 1 37 2 10 2 13 2 26 2 41 3 20 3 23 3 29 3 38 4 19 4 21 4 47 4 49 5 10 5 20 5 24 5 54 6 16 6 22 6 26 6 46 7 8 7 14 7 53 7 58 8 68 8 71 9 14 9 17 9 45 9 69 10 45 10 64 11 19 11 21 11 44 11 70 12 23 12 61 12 72 13 16 13 48 13 63 14 34 14 49 15 18 15 35 15 62 16 39 16 66 17 22 17 55 17 64 18 54 18 73 19 37 19 74 20 41 20 56 21 79 21 80 22 77 22 80 23 69 23 82 24 33 24 38 24 44 25 34 25 36 25 45 25 55 26 35 26 58 27 28 27 47 27 48 28 32 28 61 28 70 29 46 29 67 30 39 30 40 30 63 30 69 31 33 31 42 31 62 31 65 32 43 32 62 32 78 33 50 33 75 34 43 34 74 35 36 35 76 36 64 36 82 37 40 37 66 38 80 38 83 39 41 39 75 40 76 40 81 41 71 42 79 42 82 43 56 43 81 44 54 44 60 45 52 46 50 46 65 47 60 47 66 48 56 48 77 49 55 49 78 50 57 50 76 51 56 51 59 51 61 51 73 52 59 52 65 52 74 53 57 53 67 53 80 54 75 55 72 57 70 57 83 58 69 58 70 59 68 59 77 60 73 60 79 61 67 62 64 63 71 63 72 65 83 66 68 67 81 68 78 71 76 72 81 73 82 74 79 75 77 78 83
0 8 0 15 0 29 0 42 1 12 1 18 1 31 1 37 2 10 2 13 2 26 2 41 3 20 3 23 3 27 3 29 4 19 4 21 4 47 4 49 5 10 5 20 5 24 5 54 6 16 6 22 6 24 6 46 7 8 7 14 7 53 7 58 8 68 8 71 9 14 9 17 9 45 9 69 10 45 10 64 11 19 11 21 11 44 11 70 12 23 12 61 12 72 13 16 13 48 13 63 14 34 14 49 15 18 15 35 15 62 16 39 16 66 17 22 17 55 17 64 18 54 18 73 19 37 19 74 20 41 20 56 21 79 21 80 22 77 22 80 23 69 23 82 24 33 24 38 25 34 25 36 25 45 25 55 26 35 26 57 26 58 27 28 27 47 27 48 28 32 28 61 28 70 29 46 29 67 30 39 30 40 30 63 30 69 31 33 31 62 31 65 32 43 32 62 32 78 33 50 33 75 34 43 34 74 35 36 35 76 36 64 36 82 37 40 37 66 38 42 38 80 38 83 39 41 39 75 40 76 40 81 41 71 42 79 42 82 43 56 43 81 44 53 44 54 44 60 45 52 46 50 46 65 47 60 47 66 48 56 48 77 49 55 49 78 50 57 50 76 51 56 51 59 51 61 51 73 52 59 52 65 52 74 53 67 53 80 54 75 55 72 57 70 57 83 58 69 58 70 59 68 59 77 60 73 60 79 61 67 62 64 63 71 63 72 65 83 66 68 67 81 68 78 71 76 72 81 73 82 74 79 75 77 78 83
0 8 0 15 0 29 0 42 1 12 1 18 1 27 1 37 2 10 2 13 2 26 2 41 3 20 3 23 3 29 3 38 4 19 4 21 4 47 4 49 5 10 5 20 5 24 5 54 6 16 6 22 6 24 6 46 7 8 7 14 7 53 7 58 8 68 8 71 9 14 9 17 9 45 9 69 10 45 10 64 11 19 11 21 11 44 11 70 12 23 12 61 12 72 13 16 13 48 13 63 14 34 14 49 15 18 15 35 15 62 16 39 16 66 17 22 17 55 17 64 18 54 18 73 19 37 19 74 20 41 20 56 21 80 21 81 22 77 22 80 23 79 23 82 24 33 24 38 25 34 25 36 25 45 25 55 26 35 26 57 26 58 27 28 27 47 27 48 28 32 28 61 28 70 29 46 29 67 30 39 30 40 30 63 30 69 31 33 31 42 31 62 31 65 32 43 32 62 32 78 33 50 33 75 34 43 34 74 35 36 35 76 36 64 36 82 37 40 37 66 38 80 38 83 39 41 39 75 40 76 40 81 41 71 42 79 42 82 43 56 43 59 44 53 44 54 44 60 45 52 46 50 46 65 47 60 47 66 48 56 48 77 49 55 49 78 50 57 50 76 51 56 51 59 51 61 51 73 52 59 52 65 52 74 53 67 53 80 54 75 55 72 57 70 57 83 58 69 58 70 59 68 60 73 60 79 61 67 62 64 63 71 63 72 65 83 66 68 67 81 68 78 69 77 71 76 72 81 73 82 74 79 75 77 78 83
0 8 0 15 0 29 0 42 1 12 1 18 1 27 1 37 2 10 2 13 2 26 2 41 3 20 3 23 3 29 3 38 4 19 4 21 4 47 4 49 5 10 5 20 5 24 5 54 6 16 6 22 6 24 6 46 7 8 7 14 7 53 7 58 8 68 8 71 9 14 9 17 9 45 9 69 10 45 10 64 11 19 11 21 11 44 11 70 12 23 12 60 12 61 13 16 13 48 13 63 14 49 14 72 15 18 15 35 15 62 16 39 16 66 17 22 17 55 17 64 18 54 18 73 19 37 19 74 20 41 20 56 21 79 21 80 22 77 22 80 23 69 23 82 24 33 24 38 25 34 25 36 25 45 25 55 26 35 26 57 26 58 27 28 27 47 27 48 28 32 28 61 28 70 29 46 29 67 30 39 30 40 30 63 30 69 31 33 31 42 31 62 31 65 32 43 32 62 32 78 33 50 33 75 34 43 34 73 34 74 35 36 35 76 36 64 36 82 37 40 37 66 38 80 38 83 39 41 39 75 40 76 40 81 41 71 42 79 42 82 43 56 43 81 44 53 44 54 44 60 45 52 46 50 46 65 47 60 47 66 48 56 48 77 49 55 49 78 50 57 50 76 51 56 51 59 51 61 51 73 52 59 52 65 52 74 53 67 53 80 54 75 55 72 57 70 57 83 58 69 58 70 59 68 59 77 60 79 61 67 62 64 63 71 63 72 65 83 66 68 67 81 68 78 71 76 72 81 73 82 74 79 75 77 78 83
0 8 0 15 0 29 0 42 1 12 1 18 1 27 1 37 2 10 2 13 2 26 2 41 3 20 3 23 3 29 3 38 4 19 4 21 4 47 4 49 5 10 5 20 5 24 5 54 6 16 6 22 6 24 6 46 7 8 7 14 7 53 7 58 8 68 8 71 9 14 9 17 9 45 9 69 10 45 10 64 11 19 11 21 11 44 11 70 12 23 12 32 12 61 13 16 13 48 13 63 14 34 14 49 15 18 15 35 15 62 16 39 16 66 17 22 17 55 17 64 18 54 18 73 19 37 19 74 20 41 20 56 21 79 21 80 22 77 22 80 23 69 23 82 24 33 24 38 25 34 25 36 25 45 25 55 26 35 26 57 26 58 27 28 27 47 27 48 28 32 28 61 28 70 29 46 29 67 30 39 30 40 30 63 30 69 31 33 31 42 31 62 31 65 32 43 32 78 33 50 33 75 34 43 34 74 35 36 35 76 36 64 36 82 37 40 37 66 38 80 38 83 39 41 39 75 40 76 40 81 41 71 42 79 42 82 43 56 43 81 44 53 44 54 44 60 45 52 46 50 46 65 47 60 47 66 48 56 48 62 49 55 49 78 50 57 50 72 51 56 51 59 51 61 51 73 52 59 52 65 52 74 53 67 53 80 54 75 55 72 57 70 57 83 58 69 58 70 59 68 59 77 60 76 60 79 61 67 62 64 63 71 63 72 65 83 66 68 67 81 68 78 71 76 72 81 73 77 73 82 74 79 75 77 78 83
0 8 0 15 0 29 0 42 1 12 1 18 1 27 1 37 2 10 2 13 2 26 2 41 3 20 3 23 3 29 3 38 4 19 4 21 4 47 4 49 5 10 5 20 5 24 5 54 6 16 6 22 6 24 6 46 7 8 7 14 7 53 7 58 8 68 8 71 9 14 9 17 9 45 9 69 10 45 10 64 11 19 11 21 11 44 11 70 12 23 12 61 12 72 13 16 13 48 13 63 14 34 14 49 15 18 15 35 15 62 16 39 16 66 17 22 17 55 17 64 18 54 18 73 19 37 19 74 20 41 20 56 21 79 21 80 22 42 22 77 23 69 23 82 24 33 24 38 25 34 25 36 25 45 25 55 26 35 26 57 26 58 27 28 27 47 27 48 28 32 28 61 28 70 29 46 29 67 30 39 30 40 30 63 30 69 31 33 31 42 31 62 31 65 32 43 32 62 32 78 33 50 33 75 34 43 34 74 35 36 35 76 36 64 36 82 37 40 37 66 38 80 38 83 39 41 39 75 40 76 40 81 41 71 42 79 43 56 43 81 44 53 44 54 44 60 45 52 46 50 46 65 47 60 47 66 48 56 48 77 49 55 49 78 50 57 50 76 51 56 51 59 51 61 51 73 52 59 52 65 52 74 53 67 53 80 54 75 55 72 57 70 57 83 58 69 58 70 59 68 59 77 60 73 60 79 61 67 62 64 63 71 63 72 65 83 66 68 67 81 68 82 71 76 72 81 73 82 74 79 75 77 78 80 78 83
0 8 0 15 0 29 0 42 1 12 1 18 1 27 1 37 2 10 2 13 2 26 2 41 3 20 3 23 3 29 3 38 4 19 4 21 4 26 4 47 5 10 5 20 5 24 5 54 6 16 6 22 6 46 6 57 7 8 7 14 7 53 7 58 8 68 8 71 9 14 9 17 9 45 9 69 10 45 10 64 11 19 11 21 11 44 11 70 12 23 12 61 12 72 13 16 13 48 13 63 14 34 14 49 15 18 15 35 15 62 16 39 16 66 17 22 17 55 17 64 18 54 18 73 19 37 19 74 20 41 20 56 21 79 21 80 22 77 22 80 23 69 23 82 24 33 24 38 24 52 25 34 25 36 25 45 25 55 26 35 26 58 27 28 27 47 27 48 28 32 28 61 28 70 29 46 29 67 30 39 30 40 30 63 30 69 31 33 31 42 31 62 31 65 32 43 32 62 32 78 33 50 33 75 34 43 34 74 35 36 35 76 36 64 36 82 37 40 37 66 38 80 38 83 39 41 39 75 40 76 40 81 41 71 42 79 42 82 43 56 43 81 44 53 44 54 44 60 45 49 46 50 46 65 47 60 47 66 48 56 48 77 49 55 49 78 50 57 50 76 51 56 51 59 51 61 51 73 52 59 52 65 52 74 53 67 53 80 54 75 55 72 57 70 57 83 58 69 58 70 59 68 59 77 60 73 60 79 61 67 62 64 63 71 63 72 65 83 66 68 67 81 68 78 71 76 72 81 73 82 74 79 75 77 78 83
0 8 0 15 0 29 0 42 1 12 1 18 1 27 1 37 2 10 2 13 2 26 2 41 3 20 3 23 3 29 3 38 4 19 4 21 4 47 4 49 5 10 5 20 5 24 5 54 6 16 6 22 6 24 6 46 7 8 7 14 7 53 7 58 8 68 8 71 9 14 9 17 9 45 9 69 10 45 10 64 11 19 11 21 11 44 11 70 12 23 12 61 12 72 13 16 13 48 13 63 14 34 14 49 15 18 15 35 15 62 16 39 16 66 17 22 17 55 17 64 18 54 18 73 19 37 19 74 20 41 20 78 21 79 21 80 22 77 22 80 23 69 23 82 24 33 24 38 25 34 25 36 25 45 25 55 26 35 26 57 26 58 27 28 27 47 27 48 28 32 28 61 28 70 29 46 29 67 30 39 30 40 30 63 30 69 31 33 31 42 31 62 31 65 32 43 32 62 32 78 33 50 33 75 34 43 34 74 35 36 35 76 36 64 36 82 37 40 37 66 38 80 38 83 39 41 39 75 40 76 40 81 41 71 42 79 42 82 43 56 43 81 44 53 44 54 44 60 45 52 46 50 46 65 47 60 47 66 48 56 48 77 49 55 49 78 50 57 50 76 51 56 51 59 51 61 51 73 52 59 52 65 52 74 53 67 53 80 54 75 55 72 56 68 57 70 57 83 58 69 58 70 59 68 59 77 60 73 60 79 61 67 62 64 63 71 63 72 65 83 66 68 67 81 71 76 72 81 73 82 74 79 75 77 78 83
0 8 0 15 0 29 0 42 1 12 1 18 1 27 1 37 2 10 2 13 2 26 2 41 3 20 3 23 3 29 3 38 4 19 4 21 4 47 4 49 5 10 5 20 5 24 5 54 6 16 6 22 6 24 6 46 7 8 7 14 7 53 7 58 8 68 8 71 9 14 9 17 9 45 9 69 10 45 10 64 11 19 11 21 11 44 11 70 12 23 12 61 12 62 13 16 13 48 13 63 14 49 14 72 15 18 15 35 15 62 16 39 16 66 17 22 17 55 17 64 18 54 18 73 19 37 19 74 20 41 20 56 21 79 21 80 22 77 22 80 23 69 23 82 24 33 24 38 25 34 25 36 25 45 25 55 26 35 26 57 26 58 27 28 27 47 27 48 28 32 28 61 28 70 29 46 29 67 30 39 30 40 30 63 30 69 31 33 31 42 31 62 31 65 32 43 32 73 32 78 33 50 33 75 34 43 34 50 34 74 35 36 35 76 36 64 36 82 37 40 37 66 38 80 38 83 39 41 39 75 40 76 40 81 41 71 42 79 42 82 43 56 43 81 44 53 44 54 44 60 45 52 46 50 46 65 47 60 47 66 48 56 48 77 49 55 49 78 50 57 51 56 51 59 51 61 51 73 52 59 52 65 52 74 53 67 53 80 54 75 55 72 57 70 57 83 58 69 58 70 59 68 59 77 60 76 60 79 61 67 62 64 63 71 63 72 65 83 66 68 67 81 68 78 71 76 72 81 73 82 74 79 75 77 78 83
0 8 0 15 0 29 0 42 1 12 1 18 1 27 1 37 2 10 2 13 2 26 2 41 3 20 3 23 3 29 3 38 4 19 4 21 4 47 4 49 5 10 5 20 5 24 5 54 6 16 6 22 6 24 6 46 7 8 7 14 7 53 7 58 8 68 8 71 9 14 9 17 9 45 9 69 10 45 10 64 11 19 11 21 11 44 11 70 12 23 12 61 12 72 13 16 13 48 13 63 14 49 14 76 15 18 15 35 15 62 16 39 16 66 17 22 17 55 17 64 18 54 18 73 19 37 19 74 20 41 20 56 21 79 21 80 22 77 22 80 23 69 23 82 24 33 24 38 25 34 25 36 25 45 25 55 26 35 26 57 26 58 27 28 27 47 27 48 28 32 28 61 28 70 29 46 29 67 30 39 30 40 30 63 30 69 31 33 31 42 31 62 31 65 32 43 32 50 32 78 33 50 33 75 34 43 34 62 34 74 35 36 35 76 36 64 36 82 37 40 37 66 38 80 38 83 39 41 39 75 40 76 40 81 41 71 42 79 42 82 43 56 43 81 44 53 44 54 44 60 45 52 46 50 46 65 47 60 47 66 48 56 48 77 49 55 49 78 50 57 51 56 51 59 51 61 51 73 52 59 52 65 52 74 53 67 53 80 54 75 55 72 57 70 57 83 58 69 58 70 59 68 59 77 60 73 60 79 61 67 62 64 63 71 63 72 65 83 66 68 67 81 68 78 71 76 72 81 73 82 74 79 75 77 78 83
0 8 0 15 0 29 0 42 1 12 1 18 1 27 1 37 2 10 2 13 2 26 2 41 3 20 3 23 3 29 3 38 4 19 4 21 4 47 4 49 5 10 5 20 5 24 5 54 6 16 6 22 6 24 6 46 7 8 7 14 7 53 7 58 8 68 8 71 9 14 9 17 9 45 9 69 10 45 10 64 11 19 11 21 11 44 11 70 12 23 12 61 12 72 13 16 13 48 13 63 14 34 14 49 15 18 15 35 15 62 16 39 16 66 17 22 17 55 17 64 18 54 18 73 19 37 19 74 20 41 20 56 21 80 21 81 22 77 22 80 23 79 23 82 24 33 24 38 25 34 25 36 25 45 25 55 26 35 26 57 26 58 27 28 27 47 27 48 28 32 28 61 28 70 29 46 29 67 30 39 30 40 30 63 30 69 31 33 31 42 31 62 31 65 32 43 32 62 32 78 33 50 33 75 34 43 34 74 35 36 35 76 36 64 36 82 37 40 37 66 38 80 38 83 39 41 39 75 40 76 40 81 41 71 42 79 42 82 43 56 43 69 44 53 44 54 44 60 45 52 46 50 46 65 47 60 47 66 48 56 48 77 49 55 49 78 50 57 50 76 51 56 51 59 51 61 51 73 52 59 52 65 52 74 53 67 53 80 54 75 55 72 57 70 57 83 58 69 58 70 59 68 59 77 60 73 60 79 61 67 62 64 63 71 63 72 65 83 66 68 67 81 68 78 71 76 72 81 73 82 74 79 75 77 78 83
0 8 0 15 0 29 0 42 1 12 1 18 1 27 1 37 2 10 2 13 2 26 2 41 3 20 3 23 3 29 3 38 4 19 4 21 4 47 4 49 5 10 5 20 5 24 5 54 6 16 6 22 6 24 6 46 7 8 7 14 7 53 7 58 8 68 8 71 9 14 9 17 9 45 9 69 10 45 10 64 11 19 11 21 11 44 11 70 12 23 12 61 12 72 13 16 13 48 13 63 14 34 14 49 15 18 15 35 15 62 16 39 16 66 17 22 17 55 17 64 18 54 18 73 19 37 19 74 20 41 20 56 21 79 21 80 22 77 22 80 23 69 23 82 24 33 24 38 25 34 25 36 25 45 25 55 26 35 26 57 26 58 27 28 27 47 27 48 28 32 28 61 28 70 29 46 29 67 30 39 30 40 30 63 30 69 31 33 31 42 31 62 31 65 32 43 32 62 32 78 33 50 33 75 34 43 34 74 35 36 35 76 36 64 36 82 37 40 37 66 38 80 38 83 39 41 39 75 40 76 40 81 41 71 42 79 42 82 43 56 43 81 44 53 44 54 44 60 45 52 46 50 46 65 47 60 47 66 48 56 48 60 49 55 49 78 50 57 50 76 51 56 51 59 51 61 51 73 52 59 52 65 52 74 53 67 53 80 54 75 55 72 57 70 57 83 58 69 58 70 59 68 59 77 60 79 61 67 62 64 63 71 63 72 65 83 66 68 67 81 68 78 71 76 72 81 73 77 73 82 74 79 75 77 78 83
0 8 0 15 0 29 0 42 1 12 1 18 1 27 1 37 2 10 2 13 2 26 2 41 3 20 3 23 3 29 3 38 4 19 4 21 4 47 4 49 5 10 5 20 5 24 5 54 6 16 6 22 6 24 6 46 7 8 7 14 7 53 7 58 8 68 8 71 9 14 9 17 9 45 9 69 10 45 10 64 11 19 11 21 11 44 11 70 12 23 12 34 12 61 13 16 13 48 13 63 14 49 14 76 15 18 15 35 15 62 16 39 16 66 17 22 17 55 17 64 18 54 18 73 19 37 19 74 20 41 20 56 21 79 21 80 22 77 22 80 23 69 23 82 24 33 24 38 25 34 25 36 25 45 25 55 26 35 26 57 26 58 27 28 27 47 27 48 28 32 28 61 28 70 29 46 29 67 30 39 30 40 30 63 30 69 31 33 31 42 31 62 31 65 32 43 32 62 32 78 33 50 33 75 34 43 34 74 35 36 35 76 36 64 36 82 37 40 37 66 38 80 38 83 39 41 39 75 40 76 40 81 41 71 42 79 42 82 43 56 43 81 44 53 44 54 44 60 45 52 46 50 46 65 47 60 47 66 48 56 48 77 49 55 49 78 50 57 50 72 51 56 51 59 51 61 51 73 52 59 52 65 52 74 53 67 53 80 54 75 55 72 57 70 57 83 58 69 58 70 59 68 59 77 60 73 60 79 61 67 62 64 63 71 63 72 65 83 66 68 67 81 68 78 71 76 72 81 73 82 74 79 75 77 78 83
0 8 0 15 0 29 0 42 1 12 1 18 1 27 1 37 2 10 2 13 2 26 2 41 3 20 3 23 3 29 3 38 4 19 4 21 4 47 4 49 5 10 5 20 5 24 5 54 6 16 6 22 6 24 6 46 7 8 7 14 7 53 7 58 8 68 8 71 9 14 9 17 9 45 9 69 10 45 10 64 11 19 11 21 11 44 11 70 12 23 12 60 12 61 13 16 13 48 13 63 14 34 14 49 15 18 15 35 15 62 16 39 16 66 17 22 17 55 17 64 18 54 18 73 19 37 19 74 20 41 20 56 21 79 21 80 22 77 22 80 23 69 23 82 24 33 24 38 25 34 25 36 25 45 25 55 26 35 26 57 26 58 27 28 27 47 27 48 28 32 28 61 28 70 29 46 29 67 30 39 30 40 30 63 30 69 31 33 31 42 31 62 31 65 32 43 32 72 32 78 33 50 33 75 34 43 34 74 35 36 35 76 36 64 36 82 37 40 37 66 38 80 38 83 39 41 39 75 40 76 40 81 41 71 42 79 42 82 43 56 43 81 44 53 44 54 44 60 45 52 46 50 46 65 47 60 47 66 48 56 48 62 49 55 49 78 50 57 50 76 51 56 51 59 51 61 51 73 52 59 52 65 52 74 53 67 53 80 54 75 55 72 57 70 57 83 58 69 58 70 59 68 59 77 60 79 61 67 62 64 63 71 63 72 65 83 66 68 67 81 68 78 71 76 72 81 73 77 73 82 74 79 75 77 78 83
0 8 0 15 0 29 0 42 1 12 1 18 1 27 1 37 2 10 2 13 2 26 2 41 3 20 3 23 3 29 3 38 4 19 4 21 4 47 4 49 5 10 5 20 5 24 5 54 6 16 6 22 6 24 6 46 7 8 7 14 7 53 7 58 8 68 8 71 9 14 9 17 9 45 9 69 10 45 10 64 11 19 11 21 11 44 11 70 12 23 12 61 12 72 13 16 13 48 13 63 14 34 14 49 15 18 15 35 15 62 16 39 16 66 17 22 17 55 17 64 18 54 18 73 19 37 19 74 20 41 20 56 21 80 21 81 22 77 22 80 23 59 23 82 24 33 24 38 25 34 25 36 25 45 25 55 26 35 26 57 26 58 27 28 27 47 27 48 28 32 28 61 28 70 29 46 29 67 30 39 30 40 30 63 30 69 31 33 31 42 31 62 31 65 32 43 32 62 32 78 33 50 33 75 34 43 34 74 35 36 35 76 36 64 36 82 37 40 37 66 38 80 38 83 39 41 39 75 40 76 40 81 41 79 42 79 42 82 43 56 43 71 44 53 44 54 44 60 45 52 46 50 46 65 47 60 47 66 48 56 48 77 49 55 49 78 50 57 50 76 51 56 51 59 51 61 51 73 52 59 52 65 52 74 53 67 53 80 54 75 55 72 57 70 57 83 58 69 58 70 59 68 60 73 60 79 61 67 62 64 63 71 63 72 65 83 66 68 67 81 68 78 69 77 71 76 72 81 73 82 74 79 75 77 78 83
0 8 0 15 0 29 0 42 1 12 1 18 1 27 1 37 2 10 2 13 2 26 2 41 3 20 3 23 3 29 3 38 4 19 4 21 4 47 4 49 5 10 5 20 5 24 5 54 6 16 6 22 6 24 6 46 7 8 7 14 7 53 7 58 8 68 8 71 9 14 9 17 9 45 9 69 10 45 10 64 11 19 11 21 11 44 11 70 12 23 12 61 12 72 13 16 13 48 13 63 14 34 14 49 15 18 15 35 15 62 16 39 16 66 17 22 17 53 17 64 18 54 18 73 19 37 19 74 20 41 20 56 21 79 21 80 22 77 22 80 23 69 23 82 24 33 24 38 25 34 25 36 25 45 25 55 26 35 26 57 26 58 27 28 27 47 27 48 28 32 28 61 28 70 29 46 29 67 30 39 30 40 30 63 30 69 31 33 31 42 31 62 31 65 32 43 32 62 32 78 33 50 33 75 34 43 34 74 35 36 35 76 36 64 36 82 37 40 37 66 38 80 38 83 39 41 39 67 40 76 40 81 41 71 42 79 42 82 43 56 43 81 44 53 44 54 44 60 45 52 46 50 46 65 47 60 47 66 48 56 48 77 49 55 49 78 50 57 50 76 51 56 51 59 51 61 51 73 52 59 52 65 52 74 53 80 54 75 55 72 55 75 57 70 57 83 58 69 58 70 59 68 59 77 60 73 60 79 61 67 62 64 63 71 63 72 65 83 66 68 67 81 68 78 71 76 72 81 73 82 74 79 75 77 78 83
0 8 0 15 0 29 0 42 1 12 1 18 1 27 1 37 2 10 2 13 2 26 2 41 3 20 3 23 3 29 3 38 4 19 4 21 4 47 4 49 5 10 5 20 5 24 5 54 6 16 6 22 6 24 6 46 7 8 7 14 7 53 7 58 8 68 8 71 9 14 9 17 9 45 9 69 10 45 10 64 11 19 11 21 11 44 11 70 12 23 12 61 12 72 13 16 13 48 13 63 14 34 14 49 15 18 15 35 15 62 16 39 16 66 17 22 17 53 17 64 18 54 18 73 19 37 19 74 20 41 20 56 21 79 21 80 22 77 22 80 23 69 23 82 24 33 24 38 25 34 25 36 25 45 25 55 26 35 26 57 26 58 27 28 27 47 27 48 28 32 28 61 28 70 29 46 29 67 30 39 30 40 30 63 30 69 31 33 31 42 31 62 31 65 32 43 32 62 32 78 33 50 33 75 34 43 34 74 35 36 35 76 36 64 36 82 37 40 37 66 38 80 38 83 39 41 39 73 40 76 40 81 41 71 42 79 42 82 43 56 43 81 44 53 44 54 44 60 45 52 46 50 46 65 47 60 47 66 48 56 48 77 49 55 49 78 50 57 50 76 51 56 51 59 51 61 51 73 52 59 52 65 52 74 53 80 54 75 55 67 55 72 57 70 57 83 58 69 58 70 59 68 59 77 60 73 60 79 61 67 62 64 63 71 63 72 65 83 66 68 67 81 68 78 71 76 72 81 74 79 75 77 75 82 78 83
0 8 0 15 0 29 0 42 1 12 1 18 1 27 1 37 2 10 2 13 2 26 2 41 3 20 3 23 3 29 3 38 4 19 4 21 4 47 4 49 5 10 5 20 5 24 5 54 6 16 6 22 6 24 6 46 7 8 7 14 7 53 7 58 8 68 8 71 9 14 9 17 9 45 9 69 10 45 10 64 11 19 11 21 11 44 11 70 12 23 12 61 12 72 13 16 13 48 13 63 14 34 14 49 15 18 15 35 15 62 16 39 16 66 17 22 17 55 17 64 18 54 18 73 19 37 19 74 20 41 20 56 21 79 21 80 22 77 22 78 23 69 23 82 24 33 24 38 25 34 25 36 25 45 25 55 26 35 26 57 26 58 27 28 27 47 27 48 28 32 28 61 28 70 29 46 29 67 30 39 30 40 30 63 30 69 31 33 31 42 31 62 31 65 32 43 32 62 32 78 33 50 33 75 34 43 34 74 35 36 35 76 36 64 36 82 37 40 37 66 38 80 38 83 39 41 39 75 40 76 40 81 41 71 42 70 42 79 43 56 43 81 44 53 44 54 44 60 45 52 46 50 46 65 47 60 47 66 48 56 48 77 49 55 49 78 50 57 50 76 51 56 51 59 51 61 51 73 52 59 52 65 52 74 53 67 53 80 54 75 55 72 57 70 57 83 58 69 58 80 59 68 59 77 60 73 60 79 61 67 62 64 63 71 63 72 65 83 66 68 67 81 68 82 71 76 72 81 73 82 74 79 75 77 78 83
0 8 0 15 0 29 0 42 1 12 1 18 1 27 1 37 2 13 2 18 2 26 2 41 3 20 3 23 3 29 3 38 4 19 4 21 4 47 4 49 5 10 5 20 5 24 5 54 6 16 6 22 6 24 6 46 7 8 7 14 7 53 7 58 8 68 8 71 9 14 9 17 9 45 9 69 10 15 10 45 10 64 11 19 11 21 11 44 11 70 12 23 12 61 12 72 13 16 13 48 13 63 14 34 14 49 15 35 15 62 16 39 16 66 17 22 17 55 17 64 18 54 18 73 19 37 19 74 20 41 20 56 21 79 21 80 22 77 22 80 23 69 23 82 24 33 24 38 25 34 25 36 25 45 25 55 26 35 26 57 26 58 27 28 27 47 27 48 28 32 28 61 28 70 29 46 29 67 30 39 30 40 30 63 30 69 31 33 31 42 31 62 31 65 32 43 32 62 32 78 33 50 33 75 34 43 34 74 35 36 35 76 36 64 36 82 37 40 37 66 38 80 38 83 39 41 39 75 40 76 40 81 41 71 42 79 42 82 43 56 43 81 44 53 44 54 44 60 45 52 46 50 46 65 47 60 47 66 48 56 48 77 49 55 49 78 50 57 50 76 51 56 51 59 51 61 51 73 52 59 52 65 52 74 53 67 53 80 54 75 55 72 57 70 57 83 58 69 58 70 59 68 59 77 60 73 60 79 61 67 62 64 63 71 63 72 65 83 66 68 67 81 68 78 71 76 72 81 73 82 74 79 75 77 78 83
0 8 0 15 0 29 0 42 1 12 1 18 1 27 1 37 2 10 2 13 2 26 2 41 3 20 3 23 3 29 3 38 4 19 4 21 4 47 4 49 5 10 5 20 5 24 5 54 6 16 6 22 6 24 6 46 7 8 7 14 7 53 7 58 8 68 8 71 9 14 9 17 9 31 9 69 10 45 10 64 11 19 11 21 11 44 11 70 12 23 12 61 12 72 13 16 13 48 13 63 14 34 14 49 15 18 15 35 15 62 16 39 16 66 17 22 17 55 17 64 18 54 18 73 19 37 19 74 20 41 20 56 21 79 21 80 22 77 22 80 23 69 23 82 24 33 24 38 25 34 25 36 25 45 25 55 26 35 26 57 26 58 27 28 27 47 27 48 28 32 28 61 28 70 29 46 29 67 30 39 30 40 30 63 30 69 31 33 31 42 31 65 32 43 32 62 32 78 33 50 33 75 34 43 34 74 35 36 35 76 36 64 36 82 37 40 37 66 38 80 38 83 39 41 39 75 40 76 40 81 41 71 42 79 42 82 43 56 43 81 44 53 44 54 44 60 45 52 45 62 46 50 46 65 47 60 47 66 48 56 48 77 49 55 49 78 50 57 50 76 51 56 51 59 51 61 51 73 52 59 52 65 52 74 53 67 53 80 54 75 55 72 57 70 57 83 58 69 58 70 59 68 59 77 60 73 60 79 61 67 62 64 63 71 63 72 65 83 66 68 67 81 68 78 71 76 72 81 73 82 74 79 75 77 78 83
0 8 0 15 0 29 0 42 1 12 1 18 1 35 1 37 2 10 2 13 2 26 2 41 3 20 3 23 3 27 3 29 4 19 4 21 4 47 4 49 5 10 5 20 5 24 5 54 6 16 6 22 6 24 6 46 7 8 7 14 7 53 7 58 8 68 8 71 9 14 9 17 9 45 9 69 10 45 10 64 11 19 11 21 11 44 11 70 12 23 12 61 12 72 13 16 13 48 13 63 14 34 14 49 15 18 15 35 15 62 16 39 16 66 17 22 17 55 17 64 18 54 18 73 19 37 19 74 20 41 20 56 21 79 21 80 22 77 22 80 23 69 23 82 24 33 24 38 25 34 25 36 25 45 25 55 26 31 26 57 26 58 27 28 27 47 27 48 28 32 28 61 28 70 29 46 29 67 30 39 30 40 30 63 30 69 31 33 31 62 31 65 32 43 32 62 32 78 33 50 33 75 34 43 34 74 35 36 35 76 36 64 36 82 37 40 37 66 38 42 38 80 38 83 39 41 39 75 40 76 40 81 41 71 42 79 42 82 43 56 43 81 44 53 44 54 44 60 45 52 46 50 46 65 47 60 47 66 48 56 48 77 49 55 49 78 50 57 50 76 51 56 51 59 51 61 51 73 52 59 52 65 52 74 53 67 53 80 54 75 55 72 57 70 57 83 58 69 58 70 59 68 59 77 60 73 60 79 61 67 62 64 63 71 63 72 65 83 66 68 67 81 68 78 71 76 72 81 73 82 74 79 75 77 78 83
0 8 0 15 0 29 0 42 1 12 1 18 1 27 1 37 2 10 2 13 2 26 2 41 3 20 3 23 3 29 3 38 4 19 4 21 4 47 4 49 5 10 5 20 5 24 5 54 6 16 6 22 6 24 6 46 7 8 7 14 7 53 7 58 8 68 8 71 9 14 9 17 9 45 9 69 10 45 10 64 11 19 11 21 11 44 11 70 12 23 12 61 12 72 13 16 13 48 13 63 14 34 14 49 15 18 15 35 15 62 16 39 16 66 17 22 17 55 17 64 18 54 18 73 19 37 19 74 20 41 20 56 21 79 21 80 22 77 22 78 23 69 23 82 24 33 24 38 25 34 25 36 25 45 25 55 26 35 26 57 26 58 27 28 27 47 27 48 28 32 28 61 28 70 29 46 29 67 30 39 30 40 30 63 30 69 31 33 31 42 31 62 31 65 32 43 32 62 32 78 33 50 33 75 34 43 34 74 35 36 35 76 36 64 36 82 37 40 37 66 38 80 38 83 39 41 39 75 40 76 40 81 41 71 42 79 42 82 43 56 43 81 44 53 44 54 44 60 45 52 46 50 46 65 47 60 47 66 48 56 48 77 49 55 49 78 50 57 50 76 51 56 51 59 51 61 51 73 52 59 52 65 52 74 53 67 53 80 54 75 55 72 57 70 57 83 58 69 58 70 59 68 59 77 60 73 60 79 61 67 62 64 63 71 63 72 65 83 66 68 67 81 68 80 71 76 72 81 73 82 74 79 75 77 78 83
0 8 0 15 0 29 0 42 1 12 1 18 1 27 1 37 2 10 2 13 2 26 2 41 3 20 3 23 3 29 3 38 4 19 4 21 4 47 4 49 5 10 5 20 5 24 5 54 6 16 6 22 6 24 6 46 7 8 7 14 7 53 7 58 8 68 8 71 9 14 9 17 9 45 9 69 10 45 10 64 11 19 11 21 11 44 11 70 12 23 12 61 12 73 13 16 13 48 13 63 14 34 14 49 15 18 15 35 15 62 16 39 16 66 17 22 17 55 17 64 18 54 18 73 19 37 19 74 20 41 20 56 21 79 21 80 22 77 22 80 23 69 23 82 24 33 24 38 25 34 25 36 25 45 25 55 26 35 26 57 26 58 27 28 27 47 27 48 28 32 28 61 28 70 29 46 29 67 30 39 30 40 30 63 30 69 31 33 31 42 31 62 31 65 32 43 32 62 32 78 33 50 33 75 34 43 34 74 35 36 35 76 36 64 36 82 37 40 37 66 38 80 38 83 39 41 39 75 40 76 40 81 41 71 42 79 42 82 43 56 43 81 44 53 44 54 44 60 45 52 46 50 46 65 47 60 47 66 48 56 48 77 49 55 49 78 50 57 50 76 51 56 51 59 51 61 51 73 52 59 52 65 52 74 53 67 53 80 54 75 55 72 57 70 57 83 58 69 58 70 59 68 59 77 60 72 60 79 61 67 62 64 63 71 63 72 65 83 66 68 67 81 68 78 71 76 72 81 73 82 74 79 75 77 78 83
0 8 0 15 0 29 0 42 1 18 1 20 1 27 1 37 2 10 2 13 2 26 2 41 3 20 3 23 3 29 3 38 4 19 4 21 4 47 4 49 5 10 5 12 5 24 5 54 6 16 6 22 6 24 6 46 7 8 7 14 7 53 7 58 8 68 8 71 9 14 9 17 9 45 9 69 10 45 10 64 11 19 11 21 11 44 11 70 12 23 12 61 12 72 13 16 13 48 13 63 14 34 14 49 15 18 15 35 15 62 16 39 16 66 17 22 17 55 17 64 18 54 18 73 19 37 19 74 20 41 20 56 21 79 21 80 22 77 22 80 23 69 23 82 24 33 24 38 25 34 25 36 25 45 25 55 26 35 26 57 26 58 27 28 27 47 27 48 28 32 28 61 28 70 29 46 29 67 30 39 30 40 30 63 30 69 31 33 31 42 31 62 31 65 32 43 32 62 32 78 33 50 33 75 34 43 34 74 35 36 35 76 36 64 36 82 37 40 37 66 38 80 38 83 39 41 39 75 40 76 40 81 41 71 42 79 42 82 43 56 43 81 44 53 44 54 44 60 45 52 46 50 46 65 47 60 47 66 48 56 48 77 49 55 49 78 50 57 50 76 51 56 51 59 51 61 51 73 52 59 52 65 52 74 53 67 53 80 54 75 55 72 57 70 57 83 58 69 58 70 59 68 59 77 60 73 60 79 61 67 62 64 63 71 63 72 65 83 66 68 67 81 68 78 71 76 72 81 73 82 74 79 75 77 78 83
0 8 0 15 0 29 0 42 1 12 1 18 1 27 1 37 2 10 2 13 2 26 2 41 3 20 3 23 3 29 3 38 4 19 4 21 4 47 4 49 5 10 5 20 5 24 5 54 6 16 6 18 6 24 6 46 7 8 7 14 7 53 7 58 8 68 8 71 9 14 9 17 9 45 9 69 10 45 10 64 11 19 11 21 11 44 11 70 12 23 12 61 12 72 13 16 13 48 13 63 14 34 14 49 15 22 15 35 15 62 16 39 16 66 17 22 17 55 17 64 18 54 18 73 19 37 19 74 20 41 20 56 21 79 21 80 22 77 22 80 23 69 23 82 24 33 24 38 25 34 25 36 25 45 25 55 26 35 26 57 26 58 27 28 27 47 27 48 28 32 28 61 28 70 29 46 29 67 30 39 30 40 30 63 30 69 31 33 31 42 31 62 31 65 32 43 32 62 32 78 33 50 33 75 34 43 34 74 35 36 35 76 36 64 36 82 37 40 37 66 38 80 38 83 39 41 39 75 40 76 40 81 41 71 42 79 42 82 43 56 43 81 44 53 44 54 44 60 45 52 46 50 46 65 47 60 47 66 48 56 48 77 49 55 49 78 50 57 50 76 51 56 51 59 51 61 51 73 52 59 52 65 52 74 53 67 53 80 54 75 55 72 57 70 57 83 58 69 58 70 59 68 59 77 60 73 60 79 61 67 62 64 63 71 63 72 65 83 66 68 67 81 68 78 71 76 72 81 73 82 74 79 75 77 78 83
0 8 0 15 0 29 0 42 1 12 1 18 1 27 1 37 2 10 2 13 2 26 2 32 3 20 3 23 3 29 3 38 4 19 4 21 4 47 4 49 5 10 5 20 5 24 5 54 6 16 6 22 6 24 6 46 7 8 7 14 7 53 7 58 8 68 8 71 9 14 9 17 9 45 9 69 10 45 10 64 11 19 11 21 11 44 11 70 12 23 12 61 12 72 13 16 13 48 13 63 14 34 14 49 15 18 15 35 15 62 16 39 16 66 17 22 17 55 17 64 18 54 18 73 19 37 19 74 20 41 20 56 21 79 21 80 22 77 22 80 23 69 23 82 24 33 24 38 25 34 25 36 25 45 25 55 26 35 26 57 26 58 27 28 27 47 27 48 28 41 28 61 28 70 29 46 29 67 30 39 30 40 30 63 30 69 31 33 31 42 31 62 31 65 32 43 32 62 32 78 33 50 33 75 34 43 34 74 35 36 35 76 36 64 36 82 37 40 37 66 38 80 38 83 39 41 39 75 40 76 40 81 41 71 42 79 42 82 43 56 43 81 44 53 44 54 44 60 45 52 46 50 46 65 47 60 47 66 48 56 48 77 49 55 49 78 50 57 50 76 51 56 51 59 51 61 51 73 52 59 52 65 52 74 53 67 53 80 54 75 55 72 57 70 57 83 58 69 58 70 59 68 59 77 60 73 60 79 61 67 62 64 63 71 63 72 65 83 66 68 67 81 68 78 71 76 72 81 73 82 74 79 75 77 78 83
0 8 0 15 0 29 0 42 1 12 1 18 1 26 1 37 2 10 2 13 2 26 2 41 3 20 3 23 3 29 3 38 4 19 4 21 4 47 4 49 5 10 5 20 5 24 5 54 6 16 6 22 6 24 6 46 7 8 7 14 7 53 7 58 8 68 8 71 9 14 9 17 9 45 9 69 10 45 10 64 11 19 11 21 11 44 11 70 12 23 12 61 12 72 13 16 13 48 13 63 14 34 14 49 15 18 15 35 15 62 16 39 16 66 17 22 17 55 17 64 18 54 18 73 19 37 19 74 20 41 20 56 21 79 21 80 22 77 22 80 23 69 23 82 24 33 24 38 25 34 25 36 25 45 25 55 26 57 26 58 27 28 27 35 27 47 27 48 28 32 28 61 28 70 29 46 29 67 30 39 30 40 30 63 30 69 31 33 31 42 31 62 31 65 32 43 32 62 32 78 33 50 33 75 34 43 34 74 35 36 35 76 36 64 36 82 37 40 37 66 38 80 38 83 39 41 39 75 40 76 40 81 41 71 42 79 42 82 43 56 43 81 44 53 44 54 44 60 45 52 46 50 46 65 47 60 47 66 48 56 48 77 49 55 49 78 50 57 50 76 51 56 51 59 51 61 51 73 52 59 52 65 52 74 53 67 53 80 54 75 55 72 57 70 57 83 58 69 58 70 59 68 59 77 60 73 60 79 61 67 62 64 63 71 63 72 65 83 66 68 67 81 68 78 71 76 72 81 73 82 74 79 75 77 78 83
0 8 0 15 0 29 0 42 1 12 1 18 1 27 1 37 2 10 2 13 2 26 2 41 3 20 3 23 3 29 3 38 4 19 4 21 4 47 4 49 5 10 5 20 5 24 5 54 6 16 6 22 6 24 6 46 7 8 7 14 7 53 7 58 8 68 8 71 9 14 9 17 9 45 9 69 10 45 10 64 11 19 11 21 11 44 11 70 12 23 12 61 12 72 13 16 13 48 13 63 14 34 14 49 15 18 15 35 15 62 16 39 16 66 17 22 17 55 17 64 18 54 18 73 19 37 19 74 20 41 20 56 21 79 21 80 22 77 22 80 23 69 23 82 24 33 24 38 25 34 25 36 25 45 25 55 26 35 26 57 26 58 27 28 27 47 27 48 28 32 28 61 28 70 29 46 29 67 30 39 30 40 30 63 30 69 31 33 31 42 31 62 31 65 32 43 32 62 32 78 33 50 33 75 34 43 34 74 35 36 35 76 36 64 36 82 37 40 37 66 38 80 38 83 39 41 39 75 40 76 40 81 41 71 42 79 42 82 43 56 43 81 44 53 44 54 44 60 45 56 46 50 46 65 47 60 47 66 48 52 48 77 49 55 49 78 50 57 50 76 51 56 51 59 51 61 51 73 52 59 52 65 52 74 53 67 53 80 54 75 55 72 57 70 57 83 58 69 58 70 59 68 59 77 60 73 60 79 61 67 62 64 63 71 63 72 65 83 66 68 67 81 68 78 71 76 72 81 73 82 74 79 75 77 78 83
0 8 0 15 0 29 0 42 1 12 1 18 1 27 1 37 2 10 2 13 2 26 2 41 3 20 3 23 3 29 3 38 4 19 4 21 4 47 4 49 5 10 5 20 5 24 5 46 6 16 6 22 6 24 6 46 7 8 7 14 7 53 7 58 8 68 8 71 9 14 9 17 9 45 9 69 10 45 10 64 11 19 11 21 11 44 11 70 12 23 12 61 12 72 13 16 13 48 13 63 14 34 14 49 15 18 15 35 15 62 16 39 16 66 17 22 17 55 17 64 18 54 18 73 19 37 19 74 20 41 20 56 21 79 21 80 22 77 22 80 23 69 23 82 24 33 24 38 25 34 25 36 25 45 25 55 26 35 26 57 26 58 27 28 27 47 27 48 28 32 28 61 28 70 29 46 29 67 30 39 30 40 30 63 30 69 31 33 31 42 31 62 31 65 32 43 32 62 32 78 33 50 33 75 34 43 34 74 35 36 35 76 36 64 36 82 37 40 37 66 38 80 38 83 39 41 39 75 40 76 40 81 41 71 42 79 42 82 43 56 43 81 44 53 44 54 44 60 45 52 46 65 47 60 47 66 48 56 48 77 49 55 49 78 50 54 50 57 50 76 51 56 51 59 51 61 51 73 52 59 52 65 52 74 53 67 53 80 54 75 55 72 57 70 57 83 58 69 58 70 59 68 59 77 60 73 60 79 61 67 62 64 63 71 63 72 65 83 66 68 67 81 68 78 71 76 72 81 73 82 74 79 75 77 78 83
0 8 0 15 0 29 0 42 1 12 1 18 1 27 1 37 2 10 2 13 2 26 2 41 3 20 3 23 3 29 3 38 4 19 4 21 4 47 4 49 5 10 5 20 5 24 5 54 6 16 6 22 6 24 6 46 7 8 7 14 7 53 7 58 8 68 8 71 9 14 9 17 9 45 9 69 10 45 10 64 11 19 11 21 11 44 11 70 12 23 12 61 12 72 13 16 13 48 13 63 14 34 14 49 15 18 15 35 15 62 16 39 16 66 17 22 17 55 17 64 18 54 18 73 19 37 19 74 20 41 20 56 21 79 21 80 22 77 22 80 23 69 23 82 24 33 24 38 25 34 25 36 25 45 25 55 26 35 26 57 26 58 27 28 27 47 27 48 28 32 28 65 28 70 29 46 29 67 30 39 30 40 30 63 30 69 31 33 31 42 31 62 31 65 32 43 32 62 32 78 33 50 33 75 34 43 34 74 35 36 35 76 36 64 36 82 37 40 37 66 38 80 38 83 39 41 39 75 40 76 40 81 41 71 42 79 42 82 43 56 43 81 44 53 44 54 44 60 45 52 46 50 46 61 47 60 47 66 48 56 48 77 49 55 49 78 50 57 50 76 51 56 51 59 51 61 51 73 52 59 52 65 52 74 53 67 53 80 54 75 55 72 57 70 57 83 58 69 58 70 59 68 59 77 60 73 60 79 61 67 62 64 63 71 63 72 65 83 66 68 67 81 68 78 71 76 72 81 73 82 74 79 75 77 78 83
0 8 0 15 0 29 0 42 1 12 1 18 1 27 1 37 2 10 2 13 2 26 2 41 3 20 3 23 3 29 3 38 4 19 4 21 4 47 4 49 5 10 5 20 5 24 5 54 6 16 6 22 6 24 6 46 7 8 7 14 7 53 7 58 8 68 8 71 9 14 9 17 9 45 9 69 10 45 10 64 11 19 11 21 11 29 11 44 12 23 12 61 12 72 13 16 13 48 13 63 14 34 14 49 15 18 15 35 15 62 16 39 16 66 17 22 17 55 17 64 18 54 18 73 19 37 19 74 20 41 20 56 21 79 21 80 22 77 22 80 23 69 23 82 24 33 24 38 25 34 25 36 25 45 25 55 26 35 26 57 26 58 27 28 27 47 27 48 28 32 28 61 28 70 29 46 30 39 30 40 30 63 30 69 31 33 31 42 31 62 31 65 32 43 32 62 32 78 33 50 33 75 34 43 34 74 35 36 35 76 36 64 36 82 37 40 37 66 38 80 38 83 39 41 39 75 40 76 40 81 41 71 42 79 42 82 43 56 43 81 44 53 44 54 44 60 45 52 46 50 46 65 47 60 47 66 48 56 48 77 49 55 49 78 50 57 50 76 51 56 51 59 51 61 51 73 52 59 52 65 52 74 53 67 53 80 54 75 55 72 57 70 57 83 58 69 58 70 59 68 59 77 60 73 60 79 61 67 62 64 63 71 63 72 65 83 66 68 67 70 67 81 68 78 71 76 72 81 73 82 74 79 75 77 78 83
0 8 0 15 0 29 0 42 1 12 1 18 1 27 1 37 2 10 2 13 2 26 2 41 3 20 3 23 3 29 3 38 4 19 4 21 4 47 4 49 5 10 5 20 5 24 5 54 6 16 6 22 6 24 6 46 7 8 7 14 7 53 7 58 8 68 8 71 9 14 9 17 9 45 9 69 10 45 10 64 11 19 11 21 11 44 11 70 12 23 12 61 12 72 13 16 13 48 13 63 14 34 14 49 15 18 15 35 15 62 16 39 16 66 17 22 17 55 17 64 18 54 18 73 19 37 19 74 20 41 20 56 21 79 21 80 22 77 22 80 23 69 23 82 24 33 24 38 25 34 25 36 25 45 25 55 26 35 26 57 26 58 27 28 27 47 27 48 28 32 28 61 28 70 29 46 29 67 30 39 30 40 30 63 30 69 31 33 31 42 31 62 31 65 32 43 32 60 32 78 33 50 33 75 34 43 34 74 35 36 35 76 36 64 36 82 37 40 37 66 38 80 38 83 39 41 39 75 40 76 40 81 41 71 42 79 42 82 43 56 43 81 44 53 44 54 44 60 45 52 46 50 46 65 47 60 47 66 48 56 48 77 49 55 49 78 50 57 50 76 51 56 51 59 51 61 51 73 52 59 52 65 52 74 53 67 53 80 54 75 55 72 57 70 57 83 58 69 58 70 59 68 59 77 60 79 61 67 62 64 62 73 63 71 63 72 65 83 66 68 67 81 68 78 71 76 72 81 73 82 74 79 75 77 78 83
0 8 0 15 0 29 0 42 1 12 1 18 1 27 1 37 2 10 2 13 2 26 2 41 3 20 3 23 3 29 3 38 4 19 4 21 4 47 4 49 5 10 5 20 5 24 5 54 6 16 6 22 6 24 6 46 7 8 7 14 7 53 7 58 8 68 8 71 9 14 9 17 9 45 9 69 10 45 10 64 11 19 11 21 11 44 11 70 12 23 12 61 12 72 13 16 13 48 13 63 14 34 14 49 15 18 15 35 15 62 16 39 16 66 17 22 17 55 17 64 18 54 18 73 19 37 19 74 20 41 20 56 21 79 21 80 22 77 22 80 23 69 23 82 24 33 24 38 25 34 25 36 25 45 25 55 26 35 26 57 26 58 27 28 27 47 27 48 28 32 28 61 28 70 29 46 29 67 30 39 30 40 30 63 30 69 31 33 31 42 31 62 31 65 32 43 32 62 32 78 33 50 33 74 34 43 34 74 35 36 35 76 36 64 36 82 37 40 37 66 38 80 38 83 39 41 39 75 40 76 40 81 41 71 42 79 42 82 43 56 43 81 44 53 44 54 44 60 45 52 46 50 46 65 47 60 47 66 48 56 48 77 49 55 49 78 50 57 50 76 51 56 51 59 51 61 51 73 52 59 52 65 52 74 53 67 53 80 54 75 55 72 57 70 57 83 58 69 58 70 59 68 59 77 60 73 60 79 61 67 62 64 63 71 63 72 65 83 66 68 67 81 68 78 71 76 72 81 73 82 75 77 75 79 78 83
0 8 0 15 0 29 0 42 1 12 1 18 1 27 1 37 2 10 2 13 2 26 2 41 3 20 3 23 3 29 3 38 4 19 4 21 4 47 4 49 5 10 5 20 5 24 5 54 6 16 6 22 6 24 6 46 7 8 7 14 7 53 7 58 8 68 8 71 9 14 9 17 9 45 9 69 10 45 10 64 11 19 11 21 11 44 11 70 12 23 12 61 12 72 13 16 13 48 13 63 14 34 14 49 15 18 15 35 15 62 16 39 16 66 17 22 17 55 17 64 18 73 18 80 19 37 19 74 20 41 20 56 21 79 21 80 22 77 22 80 23 69 23 82 24 33 24 38 25 34 25 36 25 45 25 55 26 35 26 57 26 58 27 28 27 47 27 48 28 32 28 61 28 70 29 46 29 67 30 39 30 40 30 63 30 69 31 33 31 42 31 62 31 65 32 43 32 62 32 78 33 50 33 75 34 43 34 74 35 36 35 76 36 64 36 82 37 40 37 66 38 54 38 83 39 41 39 75 40 76 40 81 41 71 42 79 42 82 43 56 43 81 44 53 44 54 44 60 45 52 46 50 46 65 47 60 47 66 48 56 48 77 49 55 49 78 50 57 50 76 51 56 51 59 51 61 51 73 52 59 52 65 52 74 53 67 53 80 54 75 55 72 57 70 57 83 58 69 58 70 59 68 59 77 60 73 60 79 61 67 62 64 63 71 63 72 65 83 66 68 67 81 68 78 71 76 72 81 73 82 74 79 75 77 78 83
0 8 0 15 0 29 0 42 1 12 1 18 1 27 1 37 2 10 2 13 2 26 2 41 3 20 3 23 3 29 3 38 4 19 4 21 4 47 4 49 5 10 5 20 5 24 5 54 6 16 6 22 6 24 6 46 7 8 7 14 7 53 7 58 8 68 8 71 9 14 9 17 9 45 9 69 10 45 10 64 11 19 11 21 11 44 11 70 12 23 12 61 12 72 13 16 13 48 13 63 14 34 14 49 15 18 15 35 15 62 16 39 16 66 17 22 17 55 17 64 18 54 18 73 19 65 19 74 20 41 20 56 21 79 21 80 22 77 22 80 23 69 23 82 24 33 24 38 25 34 25 36 25 45 25 55 26 35 26 57 26 58 27 28 27 47 27 48 28 32 28 61 28 70 29 46 29 67 30 39 30 40 30 63 30 69 31 33 31 42 31 62 31 65 32 43 32 62 32 78 33 50 33 75 34 43 34 74 35 36 35 76 36 64 36 82 37 40 37 66 37 83 38 80 38 83 39 41 39 75 40 76 40 81 41 71 42 79 42 82 43 56 43 81 44 53 44 54 44 60 45 52 46 50 46 65 47 60 47 66 48 56 48 77 49 55 49 78 50 57 50 76 51 56 51 59 51 61 51 73 52 59 52 65 52 74 53 67 53 80 54 75 55 72 57 70 57 83 58 69 58 70 59 68 59 77 60 73 60 79 61 67 62 64 63 71 63 72 66 68 67 81 68 78 71 76 72 81 73 82 74 79 75 77 78 83
0 8 0 15 0 29 0 42 1 12 1 18 1 27 1 37 2 10 2 13 2 26 2 41 3 20 3 23 3 29 3 38 4 19 4 21 4 47 4 49 5 10 5 20 5 24 5 54 6 16 6 22 6 24 6 46 7 8 7 14 7 53 7 58 8 68 8 71 9 14 9 17 9 45 9 69 10 45 10 64 11 19 11 21 11 44 11 70 12 23 12 61 12 72 13 16 13 48 13 63 14 34 14 49 15 18 15 35 15 62 16 39 16 66 17 22 17 55 17 64 18 54 18 73 19 37 19 74 20 41 20 56 21 79 21 80 22 58 22 77 23 69 23 82 24 33 24 38 25 34 25 36 25 45 25 55 26 35 26 57 26 58 27 28 27 47 27 48 28 32 28 61 28 70 29 46 29 67 30 39 30 40 30 63 30 69 31 33 31 42 31 62 31 65 32 43 32 62 32 78 33 50 33 75 34 43 34 74 35 36 35 76 36 64 36 82 37 40 37 66 38 80 38 83 39 41 39 75 40 76 40 81 41 71 42 79 42 82 43 56 43 81 44 53 44 54 44 60 45 52 46 50 46 65 47 60 47 66 48 56 48 77 49 55 49 78 50 57 50 76 51 56 51 59 51 61 51 73 52 59 52 65 52 74 53 67 53 80 54 75 55 72 57 70 57 83 58 69 59 68 59 77 60 73 60 79 61 67 62 64 63 71 63 72 65 83 66 68 67 81 68 78 70 80 71 76 72 81 73 82 74 79 75 77 78 83
0 8 0 15 0 29 0 42 1 12 1 18 1 27 1 37 2 10 2 13 2 26 2 41 3 20 3 23 3 29 3 38 4 19 4 21 4 47 4 49 5 10 5 20 5 24 5 54 6 16 6 22 6 24 6 46 7 8 7 14 7 53 7 58 8 68 8 71 9 14 9 17 9 45 9 69 10 45 10 64 11 19 11 21 11 44 11 70 12 23 12 61 12 72 13 16 13 48 13 63 14 34 14 49 15 18 15 35 15 62 16 39 16 66 17 22 17 55 17 64 18 54 18 73 19 37 19 74 20 41 20 56 21 79 21 80 22 77 22 80 23 57 23 82 24 33 24 38 25 34 25 36 25 45 25 55 26 35 26 57 26 58 27 28 27 47 27 48 28 32 28 61 28 70 29 46 29 67 30 39 30 40 30 63 30 69 31 33 31 42 31 62 31 65 32 43 32 62 32 78 33 50 33 75 34 43 34 74 35 36 35 76 36 64 36 82 37 40 37 66 38 80 38 83 39 41 39 75 40 76 40 81 41 71 42 79 42 82 43 56 43 81 44 53 44 54 44 60 45 52 46 50 46 65 47 60 47 66 48 56 48 77 49 55 49 78 50 57 50 76 51 56 51 59 51 61 51 73 52 59 52 65 52 74 53 67 53 80 54 75 55 72 57 70 58 69 58 70 59 68 59 77 60 73 60 79 61 67 62 64 63 71 63 72 65 83 66 68 67 81 68 78 69 83 71 76 72 81 73 82 74 79 75 77 78 83
0 15 0 16 0 29 0 42 1 9 1 18 1 27 1 37 2 10 2 13 2 26 2 41 3 20 3 23 3 29 3 38 4 19 4 21 4 47 4 49 5 10 5 20 5 24 5 54 6 16 6 22 6 24 6 46 7 8 7 14 7 53 7 58 8 13 8 68 8 71 9 14 9 45 9 69 10 45 10 64 11 19 11 21 11 44 11 70 12 17 12 23 12 61 12 72 13 48 13 63 14 34 14 49 15 18 15 35 15 62 16 39 16 66 17 22 17 55 17 64 18 54 18 73 19 37 19 74 20 41 20 56 21 79 21 80 22 77 22 80 23 69 23 82 24 33 24 38 25 34 25 36 25 45 25 55 26 35 26 57 26 58 27 28 27 47 27 48 28 32 28 61 28 70 29 46 29 67 30 39 30 40 30 63 30 69 31 33 31 42 31 62 31 65 32 43 32 62 32 78 33 50 33 75 34 43 34 74 35 36 35 76 36 64 36 82 37 40 37 66 38 80 38 83 39 41 39 75 40 76 40 81 41 71 42 79 42 82 43 56 43 81 44 53 44 54 44 60 45 52 46 50 46 65 47 60 47 66 48 56 48 77 49 55 49 78 50 57 50 76 51 56 51 59 51 61 51 73 52 59 52 65 52 74 53 67 53 80 54 75 55 72 57 70 57 83 58 69 58 70 59 68 59 77 60 73 60 79 61 67 62 64 63 71 63 72 65 83 66 68 67 81 68 78 71 76 72 81 73 82 74 79 75 77 78 83
0 8 0 15 0 29 0 42 1 12 1 18 1 27 1 37 2 11 2 13 2 26 2 41 3 20 3 23 3 29 3 38 4 19 4 21 4 47 4 49 5 10 5 20 5 24 5 54 6 16 6 18 6 24 6 46 7 8 7 14 7 53 7 58 8 68 8 71 9 14 9 17 9 45 9 69 10 19 10 45 10 64 11 21 11 44 11 70 12 23 12 61 12 72 13 16 13 48 13 63 14 34 14 49 15 22 15 35 15 62 16 39 16 66 17 22 17 55 17 64 18 54 18 73 19 37 19 74 20 41 20 56 21 79 21 80 22 77 22 80 23 69 23 82 24 33 24 38 25 34 25 36 25 45 25 55 26 35 26 57 26 58 27 28 27 47 27 48 28 32 28 61 28 70 29 46 29 67 30 39 30 40 30 63 30 69 31 33 31 42 31 62 31 65 32 43 32 62 32 78 33 50 33 75 34 43 34 74 35 36 35 76 36 64 36 82 37 40 37 66 38 80 38 83 39 41 39 75 40 76 40 81 41 71 42 79 42 82 43 56 43 81 44 53 44 54 44 60 45 52 46 50 46 65 47 60 47 66 48 56 48 77 49 55 49 78 50 57 50 76 51 56 51 59 51 61 51 73 52 59 52 65 52 74 53 67 53 80 54 75 55 72 57 70 57 83 58 69 58 70 59 68 59 77 60 73 60 79 61 67 62 64 63 71 63 72 65 83 66 68 67 81 68 78 71 76 72 81 73 82 74 79 75 77 78 83
0 8 0 15 0 29 0 42 1 12 1 18 1 27 1 37 2 10 2 13 2 26 2 32 3 20 3 23 3 29 3 38 4 19 4 21 4 47 4 49 5 10 5 20 5 24 5 54 6 16 6 22 6 24 6 46 7 8 7 14 7 53 7 58 8 68 8 71 9 14 9 17 9 45 9 69 10 45 10 64 11 19 11 21 11 44 11 70 12 23 12 61 12 72 13 16 13 48 13 63 14 34 14 49 15 18 15 35 15 62 16 39 16 66 17 22 17 55 17 64 18 54 18 73 19 37 19 74 20 41 20 56 21 79 21 80 22 77 22 80 23 69 23 82 24 36 24 38 25 33 25 34 25 45 25 55 26 35 26 57 26 58 27 28 27 47 27 48 28 41 28 61 28 70 29 46 29 67 30 39 30 40 30 63 30 69 31 33 31 42 31 62 31 65 32 43 32 62 32 78 33 50 33 75 34 43 34 74 35 36 35 76 36 64 36 82 37 40 37 66 38 80 38 83 39 41 39 75 40 76 40 81 41 71 42 79 42 82 43 56 43 81 44 53 44 54 44 60 45 52 46 50 46 65 47 60 47 66 48 56 48 77 49 55 49 78 50 57 50 76 51 56 51 59 51 61 51 73 52 59 52 65 52 74 53 67 53 80 54 75 55 72 57 70 57 83 58 69 58 70 59 68 59 77 60 73 60 79 61 67 62 64 63 71 63 72 65 83 66 68 67 81 68 78 71 76 72 81 73 82 74 79 75 77 78 83
0 8 0 15 0 29 0 42 1 12 1 18 1 31 1 37 2 10 2 13 2 26 2 41 3 20 3 23 3 29 3 35 4 19 4 21 4 47 4 49 5 10 5 20 5 24 5 54 6 16 6 22 6 24 6 46 7 8 7 14 7 53 7 58 8 68 8 71 9 14 9 17 9 45 9 69 10 45 10 64 11 19 11 21 11 44 11 70 12 23 12 61 12 72 13 16 13 48 13 63 14 34 14 49 15 18 15 35 15 62 16 39 16 66 17 22 17 55 17 64 18 54 18 73 19 37 19 74 20 41 20 56 21 79 21 80 22 77 22 80 23 69 23 82 24 33 24 38 25 34 25 36 25 45 25 55 26 38 26 57 26 58 27 28 27 42 27 47 27 48 28 32 28 61 28 70 29 46 29 67 30 39 30 40 30 63 30 69 31 33 31 62 31 65 32 43 32 62 32 78 33 50 33 75 34 43 34 74 35 36 35 76 36 64 36 82 37 40 37 66 38 80 38 83 39 41 39 75 40 76 40 81 41 71 42 79 42 82 43 56 43 81 44 53 44 54 44 60 45 52 46 50 46 65 47 60 47 66 48 56 48 77 49 55 49 78 50 57 50 76 51 56 51 59 51 61 51 73 52 59 52 65 52 74 53 67 53 80 54 75 55 72 57 70 57 83 58 69 58 70 59 68 59 77 60 73 60 79 61 67 62 64 63 71 63 72 65 83 66 68 67 81 68 78 71 76 72 81 73 82 74 79 75 77 78 83
0 8 0 15 0 29 0 42 1 12 1 18 1 27 1 37 2 10 2 13 2 26 2 41 3 20 3 23 3 29 3 38 4 19 4 21 4 47 4 52 5 10 5 20 5 24 5 54 6 16 6 22 6 24 6 46 7 8 7 14 7 53 7 58 8 68 8 71 9 14 9 17 9 45 9 69 10 45 10 64 11 19 11 21 11 44 11 70 12 23 12 61 12 72 13 16 13 48 13 63 14 34 14 49 15 18 15 35 15 62 16 39 16 66 17 22 17 55 17 64 18 54 18 73 19 37 19 74 20 41 20 56 21 79 21 80 22 77 22 80 23 69 23 82 24 33 24 38 25 34 25 36 25 45 25 55 26 35 26 44 26 58 27 28 27 47 27 48 28 32 28 61 28 70 29 46 29 67 30 39 30 40 30 63 30 69 31 33 31 42 31 62 31 65 32 43 32 62 32 78 33 50 33 75 34 43 34 74 35 36 35 76 36 64 36 82 37 40 37 66 38 80 38 83 39 41 39 75 40 76 40 81 41 71 42 79 42 82 43 56 43 81 44 54 44 60 45 49 46 50 46 65 47 60 47 66 48 56 48 77 49 55 49 78 50 57 50 76 51 56 51 59 51 61 51 73 52 59 52 65 52 74 53 57 53 67 53 80 54 75 55 72 57 70 57 83 58 69 58 70 59 68 59 77 60 73 60 79 61 67 62 64 63 71 63 72 65 83 66 68 67 81 68 78 71 76 72 81 73 82 74 79 75 77 78 83
0 8 0 15 0 29 0 42 1 12 1 18 1 27 1 37 2 10 2 13 2 26 2 41 3 20 3 23 3 29 3 38 4 19 4 21 4 47 4 49 5 10 5 20 5 24 5 54 6 16 6 22 6 24 6 46 7 8 7 14 7 53 7 58 8 68 8 71 9 14 9 17 9 45 9 69 10 45 10 64 11 19 11 21 11 44 11 70 12 23 12 61 12 72 13 16 13 48 13 63 14 34 14 49 15 18 15 35 15 62 16 39 16 66 17 22 17 55 17 64 18 54 18 73 19 37 19 74 20 41 20 56 21 79 21 80 22 77 22 80 23 69 23 82 24 33 24 38 25 34 25 36 25 45 25 51 26 35 26 57 26 58 27 28 27 46 27 48 28 32 28 61 28 70 29 46 29 67 30 39 30 40 30 63 30 69 31 33 31 42 31 62 31 65 32 43 32 62 32 78 33 50 33 75 34 43 34 74 35 36 35 76 36 64 36 82 37 40 37 66 38 80 38 83 39 41 39 75 40 76 40 81 41 71 42 79 42 82 43 56 43 81 44 53 44 54 44 60 45 52 46 65 47 50 47 60 47 66 48 56 48 77 49 55 49 78 50 57 50 76 51 56 51 61 51 73 52 59 52 65 52 74 53 67 53 80 54 75 55 59 55 72 57 70 57 83 58 69 58 70 59 68 59 77 60 73 60 79 61 67 62 64 63 71 63 72 65 83 66 68 67 81 68 78 71 76 72 81 73 82 74 79 75 77 78 83
0 8 0 15 0 29 0 42 1 12 1 18 1 27 1 37 2 10 2 13 2 26 2 41 3 20 3 23 3 29 3 38 4 19 4 21 4 47 4 49 5 10 5 20 5 24 5 54 6 16 6 22 6 24 6 46 7 8 7 14 7 53 7 58 8 68 8 71 9 14 9 17 9 45 9 69 10 28 10 45 11 19 11 21 11 44 11 70 12 23 12 61 12 72 13 16 13 48 13 63 14 34 14 49 15 18 15 35 15 62 16 39 16 66 17 22 17 55 17 64 18 54 18 73 19 37 19 74 20 41 20 56 21 79 21 80 22 77 22 80 23 69 23 82 24 33 24 38 25 34 25 36 25 45 25 55 26 35 26 57 26 58 27 28 27 47 27 48 28 32 28 70 29 46 29 67 30 39 30 40 30 60 30 63 31 33 31 42 31 62 31 65 32 43 32 62 32 78 33 50 33 75 34 43 34 74 35 36 35 76 36 64 36 82 37 40 37 66 38 80 38 83 39 41 39 75 40 76 40 81 41 71 42 79 42 82 43 56 43 81 44 53 44 54 44 69 45 52 46 50 46 65 47 60 47 66 48 56 48 77 49 55 49 78 50 57 50 76 51 56 51 59 51 61 51 73 52 59 52 65 52 74 53 67 53 80 54 75 55 72 57 70 57 83 58 69 58 70 59 68 59 77 60 73 60 79 61 64 61 67 62 64 63 71 63 72 65 83 66 68 67 81 68 78 71 76 72 81 73 82 74 79 75 77 78 83
0 8 0 15 0 29 0 42 1 12 1 18 1 27 1 37 2 10 2 13 2 26 2 41 3 20 3 23 3 29 3 38 4 19 4 21 4 47 4 49 5 10 5 20 5 24 5 54 6 16 6 22 6 24 6 46 7 8 7 14 7 53 7 58 8 68 8 71 9 14 9 17 9 45 9 69 10 45 10 64 11 19 11 21 11 31 11 44 12 23 12 61 12 72 13 16 13 48 13 63 14 34 14 49 15 18 15 35 15 62 16 39 16 66 17 22 17 55 17 64 18 54 18 73 19 37 19 74 20 41 20 56 21 79 21 80 22 77 22 80 23 69 23 82 24 33 24 38 25 34 25 36 25 45 25 55 26 35 26 57 26 58 27 28 27 47 27 48 28 32 28 61 28 70 29 46 29 63 30 39 30 40 30 63 30 69 31 33 31 42 31 65 32 43 32 62 32 78 33 50 33 75 34 43 34 74 35 36 35 76 36 64 36 82 37 40 37 66 38 80 38 83 39 41 39 75 40 76 40 81 41 71 42 79 42 82 43 56 43 81 44 53 44 54 44 60 45 52 46 50 46 65 47 60 47 66 48 56 48 77 49 55 49 78 50 57 50 76 51 56 51 59 51 61 51 73 52 59 52 65 52 74 53 67 53 80 54 75 55 72 57 70 57 83 58 69 58 70 59 68 59 77 60 73 60 79 61 67 62 64 62 70 63 72 65 83 66 68 67 71 67 81 68 78 71 76 72 81 73 82 74 79 75 77 78 83
0 8 0 15 0 29 0 42 1 12 1 18 1 27 1 37 2 10 2 13 2 26 2 41 3 20 3 23 3 29 3 38 4 19 4 21 4 47 4 49 5 10 5 20 5 24 5 54 6 16 6 22 6 24 6 46 7 8 7 14 7 53 7 58 8 68 8 71 9 14 9 17 9 45 9 69 10 45 10 64 11 19 11 21 11 44 11 70 12 23 12 61 12 76 13 16 13 48 13 63 14 49 14 60 15 18 15 35 15 62 16 39 16 66 17 22 17 55 17 64 18 54 18 73 19 37 19 74 20 41 20 56 21 79 21 80 22 77 22 80 23 69 23 82 24 33 24 38 25 34 25 36 25 45 25 55 26 35 26 57 26 58 27 28 27 47 27 48 28 32 28 61 28 70 29 46 29 67 30 39 30 40 30 63 30 69 31 33 31 42 31 62 31 65 32 43 32 62 32 78 33 50 33 75 34 43 34 73 34 74 35 36 35 76 36 64 36 82 37 40 37 66 38 80 38 83 39 41 39 75 40 76 40 81 41 71 42 79 42 82 43 56 43 81 44 53 44 54 44 60 45 52 46 50 46 65 47 60 47 66 48 56 48 77 49 55 49 78 50 57 50 72 51 56 51 59 51 61 51 73 52 59 52 65 52 74 53 67 53 80 54 75 55 72 57 70 57 83 58 69 58 70 59 68 59 77 60 79 61 67 62 64 63 71 63 72 65 83 66 68 67 81 68 78 71 76 72 81 73 82 74 79 75 77 78 83
0 8 0 15 0 29 0 42 1 12 1 18 1 27 1 37 2 10 2 13 2 26 2 41 3 20 3 23 3 29 3 38 4 19 4 21 4 47 4 49 5 10 5 20 5 24 5 54 6 16 6 22 6 24 6 46 7 8 7 14 7 53 7 58 8 68 8 71 9 14 9 17 9 45 9 69 10 45 10 64 11 19 11 21 11 44 11 70 12 23 12 61 12 72 13 16 13 48 13 78 14 34 14 49 15 18 15 35 15 62 16 39 16 66 17 22 17 55 17 64 18 54 18 73 19 37 19 74 20 41 20 56 21 79 21 80 22 77 22 80 23 69 23 82 24 33 24 38 25 34 25 36 25 45 25 55 26 35 26 57 26 58 27 28 27 47 27 48 28 32 28 61 28 70 29 46 29 67 30 39 30 40 30 63 30 69 31 33 31 42 31 62 31 65 32 43 32 62 32 78 33 50 33 74 34 43 34 74 35 36 35 76 36 64 36 82 37 40 37 66 38 80 38 83 39 41 39 75 40 76 40 81 41 71 42 79 42 82 43 56 43 81 44 53 44 54 44 60 45 52 46 50 46 65 47 60 47 66 48 56 48 77 49 55 49 63 50 57 50 76 51 56 51 59 51 61 51 73 52 59 52 65 52 74 53 67 53 80 54 75 55 72 57 70 57 83 58 69 58 70 59 68 59 77 60 73 60 79 61 67 62 64 63 71 63 72 65 83 66 68 67 81 68 78 71 76 72 81 73 82 75 77 75 79 78 83
0 8 0 15 0 29 0 42 1 12 1 18 1 27 1 37 2 10 2 13 2 26 2 41 3 20 3 23 3 29 3 38 4 19 4 21 4 47 4 49 5 10 5 20 5 24 5 54 6 16 6 22 6 24 6 46 7 8 7 14 7 53 7 58 8 68 8 71 9 14 9 17 9 45 9 69 10 45 10 64 11 19 11 21 11 44 11 70 12 23 12 61 12 72 13 16 13 48 13 63 14 34 14 49 15 18 15 35 15 62 16 39 16 54 17 22 17 55 17 64 18 66 18 73 19 37 19 74 20 41 20 56 21 79 21 80 22 77 22 80 23 69 23 82 24 33 24 38 25 34 25 36 25 45 25 55 26 35 26 57 26 58 27 28 27 47 27 48 28 32 28 61 28 70 29 46 29 67 30 39 30 40 30 63 30 69 31 33 31 42 31 62 31 65 32 43 32 62 32 78 33 50 33 75 34 43 34 74 35 36 35 76 36 80 36 82 37 40 37 66 38 64 38 83 39 41 39 75 40 76 40 81 41 71 42 79 42 82 43 56 43 81 44 53 44 54 44 60 45 52 46 50 46 65 47 60 47 66 48 56 48 77 49 55 49 78 50 57 50 76 51 56 51 59 51 61 51 73 52 59 52 65 52 74 53 67 53 80 54 75 55 72 57 70 57 83 58 69 58 70 59 68 59 77 60 73 60 79 61 67 62 64 63 71 63 72 65 83 66 68 67 81 68 78 71 76 72 81 73 82 74 79 75 77 78 83
0 8 0 15 0 29 0 42 1 12 1 18 1 27 1 37 2 10 2 13 2 26 2 41 3 20 3 23 3 29 3 38 4 19 4 21 4 47 4 49 5 10 5 20 5 24 5 54 6 16 6 22 6 24 6 46 7 8 7 14 7 53 7 58 8 68 8 71 9 14 9 17 9 45 9 69 10 45 10 64 11 19 11 21 11 44 11 70 12 23 12 61 12 72 13 16 13 48 13 63 14 34 14 49 15 18 15 35 15 62 16 39 16 66 17 22 17 53 17 64 18 54 18 73 19 37 19 74 20 41 20 56 21 79 21 80 22 77 22 80 23 69 23 82 24 33 24 38 25 34 25 36 25 45 25 55 26 35 26 57 26 58 27 28 27 47 27 48 28 32 28 61 28 70 29 46 29 67 30 39 30 40 30 63 30 69 31 33 31 42 31 62 31 65 32 43 32 62 32 78 33 50 33 75 34 43 34 74 35 36 35 76 36 64 36 82 37 40 37 66 38 80 38 83 39 41 39 75 40 76 40 81 41 71 42 79 42 82 43 56 43 81 44 53 44 54 44 60 45 52 46 50 46 65 47 60 47 66 48 56 48 77 49 55 49 78 50 57 50 76 51 56 51 59 51 61 51 73 52 59 52 65 52 74 53 80 54 75 55 67 55 72 57 70 57 83 58 69 58 70 59 68 59 77 60 73 60 79 61 67 62 64 63 71 63 72 65 82 66 68 67 81 68 78 71 76 72 81 73 83 74 79 75 77 78 83
0 8 0 15 0 29 0 42 1 12 1 18 1 27 1 37 2 10 2 13 2 26 2 41 3 20 3 23 3 29 3 38 4 19 4 21 4 47 4 49 5 10 5 20 5 24 5 54 6 16 6 22 6 24 6 46 7 8 7 14 7 53 7 58 8 68 8 71 9 14 9 17 9 45 9 69 10 45 10 64 11 19 11 21 11 44 11 70 12 23 12 61 12 72 13 16 13 48 13 63 14 34 14 49 15 18 15 35 15 62 16 39 16 66 17 22 17 55 17 64 18 54 18 73 19 37 19 74 20 41 20 78 21 79 21 80 22 40 22 77 23 69 23 82 24 33 24 38 25 34 25 36 25 45 25 55 26 35 26 57 26 58 27 28 27 47 27 48 28 32 28 61 28 70 29 46 29 67 30 39 30 40 30 63 30 69 31 33 31 42 31 62 31 65 32 43 32 62 32 78 33 50 33 75 34 43 34 74 35 36 35 76 36 64 36 82 37 40 37 66 38 80 38 83 39 41 39 75 40 81 41 71 42 79 42 82 43 56 43 81 44 53 44 54 44 60 45 52 46 50 46 65 47 60 47 66 48 56 48 77 49 55 49 78 50 57 50 76 51 56 51 59 51 61 51 73 52 59 52 65 52 74 53 67 53 80 54 75 55 72 56 68 57 70 57 83 58 69 58 70 59 68 59 77 60 73 60 79 61 67 62 64 63 71 63 72 65 83 66 68 67 81 71 76 72 81 73 82 74 79 75 77 76 80 78 83
0 8 0 15 0 29 0 42 1 12 1 18 1 27 1 37 2 10 2 13 2 26 2 41 3 20 3 23 3 29 3 38 4 19 4 21 4 47 4 49 5 10 5 20 5 24 5 54 6 16 6 22 6 24 6 46 7 8 7 14 7 53 7 58 8 68 8 71 9 14 9 17 9 45 9 69 10 45 10 64 11 19 11 21 11 44 11 70 12 23 12 61 12 72 13 16 13 48 13 63 14 34 14 49 15 18 15 35 15 62 16 39 16 66 17 22 17 55 17 64 18 54 18 73 19 37 19 74 20 41 20 56 21 43 21 80 22 77 22 80 23 59 23 82 24 33 24 38 25 34 25 36 25 45 25 55 26 35 26 57 26 58 27 28 27 47 27 48 28 32 28 61 28 70 29 46 29 67 30 39 30 40 30 63 30 69 31 33 31 42 31 62 31 65 32 43 32 62 32 78 33 50 33 75 34 43 34 74 35 36 35 76 36 64 36 82 37 40 37 66 38 80 38 83 39 41 39 75 40 76 40 81 41 71 42 79 42 82 43 56 44 53 44 54 44 60 45 52 46 50 46 65 47 60 47 66 48 56 48 77 49 55 49 78 50 57 50 76 51 56 51 59 51 61 51 73 52 59 52 65 52 74 53 67 53 80 54 75 55 72 57 70 57 83 58 69 58 70 59 68 60 73 60 79 61 67 62 64 63 71 63 72 65 83 66 68 67 81 68 78 69 77 71 76 72 81 73 82 74 79 75 77 78 83 79 81
0 15 0 16 0 29 0 42 1 9 1 18 1 27 1 37 2 10 2 13 2 26 2 41 3 20 3 23 3 29 3 38 4 19 4 20 4 47 4 49 5 10 5 21 5 24 5 54 6 16 6 22 6 24 6 46 7 8 7 14 7 53 7 58 8 13 8 68 8 71 9 14 9 45 9 69 10 45 10 64 11 19 11 21 11 44 11 70 12 17 12 23 12 61 12 72 13 48 13 63 14 34 14 49 15 18 15 35 15 62 16 39 16 66 17 22 17 55 17 64 18 54 18 73 19 37 19 74 20 41 20 56 21 79 21 80 22 77 22 80 23 69 23 82 24 33 24 38 25 34 25 36 25 45 25 55 26 35 26 57 26 58 27 28 27 47 27 48 28 32 28 61 28 70 29 46 29 67 30 39 30 40 30 63 30 69 31 33 31 42 31 62 31 65 32 43 32 62 32 78 33 50 33 75 34 43 34 74 35 36 35 76 36 64 36 82 37 40 37 66 38 80 38 83 39 41 39 75 40 76 40 81 41 71 42 79 42 82 43 56 43 81 44 53 44 54 44 60 45 52 46 50 46 65 47 60 47 66 48 56 48 77 49 55 49 78 50 57 50 76 51 56 51 59 51 61 51 73 52 59 52 65 52 74 53 67 53 80 54 75 55 72 57 70 57 83 58 69 58 70 59 68 59 77 60 73 60 79 61 67 62 64 63 71 63 72 65 83 66 68 67 81 68 78 71 76 72 81 73 82 74 79 75 77 78 83
0 8 0 15 0 29 0 42 1 12 1 18 1 27 1 37 2 11 2 13 2 26 2 41 3 7 3 20 3 29 3 38 4 19 4 21 4 47 4 49 5 10 5 20 5 24 5 54 6 16 6 18 6 24 6 46 7 8 7 53 7 58 8 68 8 71 9 14 9 17 9 45 9 69 10 19 10 45 10 64 11 21 11 44 11 70 12 23 12 61 12 72 13 16 13 48 13 63 14 23 14 34 14 49 15 22 15 35 15 62 16 39 16 66 17 22 17 55 17 64 18 54 18 73 19 37 19 74 20 41 20 56 21 79 21 80 22 77 22 80 23 69 23 82 24 33 24 38 25 34 25 36 25 45 25 55 26 35 26 57 26 58 27 28 27 47 27 48 28 32 28 61 28 70 29 46 29 67 30 39 30 40 30 63 30 69 31 33 31 42 31 62 31 65 32 43 32 62 32 78 33 50 33 75 34 43 34 74 35 36 35 76 36 64 36 82 37 40 37 66 38 80 38 83 39 41 39 75 40 76 40 81 41 71 42 79 42 82 43 56 43 81 44 53 44 54 44 60 45 52 46 50 46 65 47 60 47 66 48 56 48 77 49 55 49 78 50 57 50 76 51 56 51 59 51 61 51 73 52 59 52 65 52 74 53 67 53 80 54 75 55 72 57 70 57 83 58 69 58 70 59 68 59 77 60 73 60 79 61 67 62 64 63 71 63 72 65 83 66 68 67 81 68 78 71 76 72 81 73 82 74 79 75 77 78 83
0 8 0 15 0 37 0 42 1 12 1 18 1 27 1 37 2 10 2 13 2 26 2 32 3 20 3 23 3 29 3 38 4 19 4 21 4 47 4 49 5 10 5 20 5 24 5 54 6 16 6 22 6 24 6 46 7 8 7 14 7 53 7 58 8 68 8 71 9 14 9 17 9 45 9 69 10 45 10 64 11 19 11 21 11 44 11 70 12 23 12 61 12 72 13 16 13 48 13 63 14 34 14 49 15 18 15 35 15 62 16 39 16 66 17 22 17 55 17 64 18 54 18 73 19 37 19 74 20 41 20 56 21 79 21 80 22 77 22 80 23 69 23 82 24 36 24 38 25 33 25 34 25 45 25 55 26 35 26 57 26 58 27 28 27 47 27 48 28 41 28 61 28 70 29 40 29 46 29 67 30 39 30 40 30 63 30 69 31 33 31 42 31 62 31 65 32 43 32 62 32 78 33 50 33 75 34 43 34 74 35 36 35 76 36 64 36 82 37 66 38 80 38 83 39 41 39 75 40 76 40 81 41 71 42 79 42 82 43 56 43 81 44 53 44 54 44 60 45 52 46 50 46 65 47 60 47 66 48 56 48 77 49 55 49 78 50 57 50 76 51 56 51 59 51 61 51 73 52 59 52 65 52 74 53 67 53 80 54 75 55 72 57 70 57 83 58 69 58 70 59 68 59 77 60 73 60 79 61 67 62 64 63 71 63 72 65 83 66 68 67 81 68 78 71 76 72 81 73 82 74 79 75 77 78 83
0 8 0 15 0 29 0 42 1 12 1 18 1 31 1 37 2 10 2 13 2 26 2 41 3 20 3 23 3 29 3 38 4 19 4 21 4 47 4 49 5 10 5 20 5 24 5 54 6 16 6 22 6 24 6 46 7 8 7 14 7 53 7 58 8 68 8 71 9 14 9 17 9 45 9 69 10 45 10 64 11 19 11 21 11 44 11 70 12 23 12 61 12 72 13 16 13 48 13 63 14 34 14 49 15 18 15 35 15 62 16 39 16 66 17 22 17 55 17 64 18 54 18 73 19 37 19 74 20 41 20 56 21 79 21 80 22 77 22 80 23 69 23 82 24 33 24 38 25 34 25 36 25 45 25 55 26 30 26 57 26 58 27 28 27 42 27 47 27 48 28 32 28 61 28 70 29 46 29 67 30 40 30 63 30 69 31 33 31 62 31 65 32 43 32 62 32 78 33 50 33 75 34 39 34 74 35 36 35 43 35 76 36 64 36 82 37 40 37 66 38 80 38 83 39 41 39 75 40 76 40 81 41 71 42 79 42 82 43 56 43 81 44 53 44 54 44 60 45 52 46 50 46 65 47 60 47 66 48 56 48 77 49 55 49 78 50 57 50 76 51 56 51 59 51 61 51 73 52 59 52 65 52 74 53 67 53 80 54 75 55 72 57 70 57 83 58 69 58 70 59 68 59 77 60 73 60 79 61 67 62 64 63 71 63 72 65 83 66 68 67 81 68 78 71 76 72 81 73 82 74 79 75 77 78 83
0 8 0 15 0 29 0 42 1 12 1 18 1 27 1 37 2 10 2 13 2 26 2 41 3 20 3 23 3 29 3 38 4 19 4 21 4 47 4 53 5 10 5 20 5 24 5 54 6 16 6 22 6 26 6 46 7 8 7 14 7 53 7 58 8 68 8 71 9 14 9 17 9 45 9 69 10 45 10 64 11 19 11 21 11 44 11 70 12 23 12 61 12 72 13 16 13 48 13 63 14 34 14 49 15 18 15 35 15 62 16 39 16 66 17 22 17 55 17 64 18 54 18 73 19 37 19 74 20 41 20 56 21 79 21 80 22 77 22 80 23 69 23 82 24 33 24 38 24 57 25 34 25 36 25 45 25 55 26 35 26 58 27 28 27 47 27 48 28 32 28 61 28 70 29 46 29 67 30 39 30 40 30 63 30 69 31 33 31 42 31 62 31 65 32 43 32 62 32 78 33 50 33 75 34 43 34 74 35 36 35 76 36 64 36 82 37 40 37 66 38 80 38 83 39 41 39 75 40 76 40 81 41 71 42 79 42 82 43 56 43 81 44 49 44 54 44 60 45 56 46 50 46 65 47 60 47 66 48 52 48 77 49 55 49 78 50 57 50 76 51 56 51 59 51 61 51 73 52 59 52 65 52 74 53 67 53 80 54 75 55 72 57 70 57 83 58 69 58 70 59 68 59 77 60 73 60 79 61 67 62 64 63 71 63 72 65 83 66 68 67 81 68 78 71 76 72 81 73 82 74 79 75 77 78 83
0 8 0 15 0 29 0 42 1 12 1 18 1 27 1 37 2 10 2 13 2 26 2 41 3 20 3 23 3 29 3 38 4 19 4 21 4 47 4 49 5 10 5 20 5 24 5 50 6 16 6 22 6 24 6 46 7 8 7 14 7 27 7 53 8 68 8 71 9 14 9 17 9 45 9 69 10 45 10 64 11 19 11 21 11 44 11 70 12 23 12 61 12 72 13 16 13 48 13 63 14 34 14 49 15 18 15 35 15 62 16 39 16 66 17 22 17 55 17 64 18 54 18 73 19 37 19 74 20 41 20 56 21 79 21 80 22 77 22 80 23 69 23 82 24 33 24 38 25 34 25 36 25 45 25 51 26 35 26 57 26 58 27 28 27 48 28 32 28 61 28 70 29 46 29 67 30 39 30 40 30 63 30 69 31 33 31 42 31 62 31 65 32 43 32 62 32 78 33 50 33 75 34 43 34 74 35 36 35 76 36 64 36 82 37 40 37 66 38 80 38 83 39 41 39 75 40 76 40 81 41 71 42 79 42 82 43 56 43 81 44 53 44 54 44 60 45 52 46 54 46 65 47 58 47 60 47 66 48 56 48 77 49 55 49 78 50 57 50 76 51 56 51 61 51 73 52 59 52 65 52 74 53 67 53 80 54 75 55 59 55 72 57 70 57 83 58 69 58 70 59 68 59 77 60 73 60 79 61 67 62 64 63 71 63 72 65 83 66 68 67 81 68 78 71 76 72 81 73 82 74 79 75 77 78 83
0 8 0 15 0 29 0 42 1 12 1 18 1 27 1 37 2 10 2 13 2 26 2 41 3 20 3 23 3 29 3 38 4 19 4 21 4 47 4 49 5 10 5 20 5 24 5 54 6 16 6 22 6 24 6 46 7 8 7 14 7 53 7 58 8 46 8 71 9 14 9 17 9 45 9 69 10 28 10 45 11 19 11 21 11 44 11 70 12 23 12 61 12 72 13 16 13 48 13 63 14 34 14 49 15 18 15 35 15 62 16 39 16 66 17 22 17 55 17 64 18 54 18 73 19 37 19 74 20 41 20 56 21 79 21 80 22 77 22 80 23 69 23 82 24 33 24 38 25 34 25 36 25 45 25 55 26 35 26 57 26 58 27 28 27 47 27 48 28 32 28 70 29 46 29 67 30 39 30 40 30 60 30 63 31 33 31 42 31 62 31 65 32 43 32 62 32 78 33 50 33 75 34 43 34 74 35 36 35 76 36 64 36 82 37 40 37 66 38 80 38 83 39 41 39 75 40 76 40 81 41 71 42 79 42 82 43 56 43 81 44 53 44 54 44 69 45 52 46 50 47 60 47 66 48 56 48 77 49 55 49 78 50 57 50 76 51 56 51 59 51 61 51 73 52 59 52 65 52 74 53 67 53 80 54 75 55 72 57 70 57 83 58 69 58 70 59 68 59 77 60 73 60 79 61 64 61 67 62 64 63 71 63 72 65 68 65 83 66 68 67 81 68 78 71 76 72 81 73 82 74 79 75 77 78 83
0 8 0 15 0 29 0 42 1 12 1 18 1 27 1 37 2 10 2 13 2 26 2 41 3 20 3 23 3 29 3 38 4 19 4 21 4 47 4 49 5 10 5 20 5 24 5 54 6 16 6 22 6 24 6 46 7 8 7 14 7 53 7 58 8 68 8 71 9 14 9 17 9 47 9 69 10 45 10 64 11 19 11 21 11 31 11 44 12 23 12 61 12 72 13 16 13 48 13 63 14 34 14 49 15 18 15 35 15 62 16 39 16 66 17 22 17 55 17 64 18 54 18 73 19 37 19 74 20 41 20 56 21 79 21 80 22 77 22 80 23 69 23 82 24 33 24 38 25 34 25 36 25 45 25 55 26 35 26 57 26 58 27 28 27 47 27 48 28 32 28 61 28 70 29 46 29 63 30 39 30 40 30 63 30 69 31 33 31 42 31 65 32 43 32 62 32 78 33 50 33 75 34 43 34 74 35 36 35 76 36 64 36 82 37 40 37 66 38 80 38 83 39 41 39 75 40 76 40 81 41 71 42 79 42 82 43 56 43 81 44 53 44 54 44 60 45 52 45 66 46 50 46 65 47 60 48 56 48 77 49 55 49 78 50 57 50 76 51 56 51 59 51 61 51 73 52 59 52 65 52 74 53 67 53 80 54 75 55 72 57 70 57 83 58 69 58 70 59 68 59 77 60 73 60 79 61 67 62 64 62 70 63 72 65 83 66 68 67 71 67 81 68 78 71 76 72 81 73 82 74 79 75 77 78 83
0 8 0 15 0 29 0 42 1 12 1 18 1 27 1 37 2 10 2 13 2 26 2 41 3 20 3 23 3 29 3 38 4 19 4 21 4 47 4 49 5 10 5 20 5 24 5 54 6 16 6 22 6 24 6 46 7 8 7 14 7 53 7 58 8 68 8 71 9 14 9 17 9 45 9 69 10 45 10 64 11 19 11 21 11 44 11 70 12 23 12 61 12 76 13 16 13 48 13 63 14 49 14 60 15 18 15 35 15 62 16 39 16 66 17 22 17 55 17 64 18 54 18 73 19 37 19 74 20 41 20 56 21 79 21 80 22 77 22 80 23 69 23 82 24 33 24 38 25 34 25 36 25 45 25 55 26 35 26 57 26 58 27 28 27 47 27 48 28 32 28 61 28 70 29 46 29 67 30 39 30 40 30 63 30 69 31 33 31 42 31 62 31 65 32 43 32 77 32 78 33 50 33 75 34 43 34 73 34 74 35 36 35 76 36 64 36 82 37 40 37 66 38 80 38 83 39 41 39 75 40 76 40 81 41 71 42 79 42 82 43 56 43 81 44 53 44 54 44 60 45 52 46 50 46 65 47 60 47 66 48 56 48 62 49 55 49 78 50 57 50 72 51 56 51 59 51 61 51 73 52 59 52 65 52 74 53 67 53 80 54 75 55 72 57 70 57 83 58 69 58 70 59 68 59 77 60 79 61 67 62 64 63 71 63 72 65 83 66 68 67 81 68 78 71 76 72 81 73 82 74 79 75 77 78 83
0 8 0 15 0 29 0 42 1 12 1 18 1 27 1 37 2 10 2 13 2 26 2 41 3 20 3 23 3 29 3 38 4 19 4 21 4 47 4 49 5 10 5 20 5 24 5 54 6 16 6 22 6 24 6 46 7 8 7 14 7 53 7 58 8 68 8 71 9 14 9 17 9 45 9 69 10 45 10 64 11 19 11 21 11 44 11 70 12 23 12 61 12 72 13 16 13 48 13 49 14 34 14 49 15 18 15 61 15 62 16 39 16 66 17 22 17 55 17 64 18 54 18 73 19 37 19 74 20 41 20 56 21 79 21 80 22 77 22 80 23 69 23 82 24 33 24 38 25 34 25 36 25 45 25 55 26 35 26 57 26 58 27 28 27 47 27 48 28 32 28 61 28 70 29 46 29 67 30 39 30 40 30 63 30 69 31 33 31 42 31 62 31 65 32 43 32 62 32 78 33 50 33 74 34 43 34 74 35 36 35 51 35 76 36 64 36 82 37 40 37 66 38 80 38 83 39 41 39 75 40 76 40 81 41 71 42 79 42 82 43 56 43 81 44 53 44 54 44 60 45 52 46 50 46 65 47 60 47 66 48 56 48 77 49 55 50 57 50 76 51 56 51 59 51 73 52 59 52 65 52 74 53 67 53 80 54 75 55 72 57 70 57 83 58 69 58 70 59 68 59 77 60 73 60 79 61 67 62 64 63 71 63 72 63 78 65 83 66 68 67 81 68 78 71 76 72 81 73 82 75 77 75 79 78 83
0 8 0 15 0 29 0 42 1 12 1 18 1 27 1 37 2 10 2 13 2 26 2 41 3 20 3 23 3 29 3 38 4 19 4 21 4 47 4 49 5 10 5 20 5 24 5 54 6 16 6 22 6 24 6 46 7 8 7 14 7 53 7 58 8 68 8 71 9 14 9 17 9 45 9 69 10 45 10 64 11 19 11 21 11 44 11 70 12 23 12 61 12 72 13 16 13 48 13 63 14 34 14 49 15 18 15 35 15 62 16 39 16 54 17 22 17 55 17 64 18 66 18 73 19 37 19 74 20 41 20 56 21 79 21 80 22 77 22 80 23 69 23 82 24 33 24 38 25 34 25 36 25 45 25 55 26 35 26 57 26 58 27 28 27 47 27 48 28 32 28 61 28 70 29 46 29 67 30 39 30 40 30 63 30 69 31 33 31 42 31 62 31 65 32 43 32 62 32 78 33 50 33 75 34 43 34 74 35 36 35 76 36 52 36 82 37 40 37 66 38 81 38 83 39 41 39 75 40 76 40 81 41 71 42 79 42 82 43 56 43 81 44 53 44 54 44 60 45 52 46 50 46 65 47 60 47 66 48 56 48 77 49 55 49 78 50 57 50 76 51 56 51 59 51 61 51 73 52 59 52 65 53 67 53 80 54 75 55 72 57 70 57 83 58 69 58 70 59 68 59 77 60 73 60 79 61 67 62 64 63 71 63 72 64 74 65 83 66 68 67 81 68 78 71 76 72 80 73 82 74 79 75 77 78 83
0 8 0 15 0 29 0 42 1 12 1 18 1 27 1 37 2 10 2 13 2 26 2 41 3 20 3 23 3 29 3 38 4 19 4 21 4 47 4 49 5 10 5 20 5 24 5 54 6 16 6 22 6 24 6 46 7 8 7 14 7 53 7 58 8 68 8 71 9 14 9 17 9 45 9 69 10 45 10 64 11 19 11 21 11 44 11 70 12 23 12 61 12 72 13 16 13 48 13 63 14 34 14 49 15 18 15 35 15 62 16 39 16 66 17 22 17 53 17 64 18 54 18 73 19 74 19 83 20 41 20 56 21 79 21 80 22 77 22 80 23 69 23 82 24 33 24 38 25 34 25 36 25 45 25 55 26 35 26 57 26 58 27 28 27 47 27 48 28 32 28 61 28 70 29 46 29 67 30 39 30 40 30 63 30 69 31 33 31 42 31 62 31 65 32 43 32 62 32 78 33 50 33 75 34 43 34 74 35 36 35 76 36 64 36 82 37 40 37 65 37 66 38 80 38 83 39 41 39 73 40 76 40 81 41 71 42 79 42 82 43 56 43 81 44 53 44 54 44 60 45 52 46 50 46 65 47 60 47 66 48 56 48 77 49 55 49 78 50 57 50 76 51 56 51 59 51 61 51 73 52 59 52 65 52 74 53 80 54 75 55 67 55 72 57 70 57 83 58 69 58 70 59 68 59 77 60 73 60 79 61 67 62 64 63 71 63 72 66 68 67 81 68 78 71 76 72 81 74 79 75 77 75 82 78 83
0 8 0 15 0 29 0 42 1 12 1 18 1 27 1 37 2 10 2 13 2 26 2 41 3 20 3 23 3 29 3 38 4 19 4 21 4 47 4 49 5 10 5 20 5 24 5 54 6 16 6 22 6 24 6 46 7 8 7 14 7 53 7 58 8 68 8 71 9 14 9 17 9 45 9 69 10 45 10 64 11 19 11 21 11 44 11 70 12 23 12 61 12 72 13 16 13 48 13 63 14 34 14 49 15 18 15 35 15 62 16 39 16 66 17 22 17 55 17 64 18 54 18 73 19 37 19 74 20 41 20 58 21 79 21 80 22 40 22 77 23 69 23 82 24 33 24 38 25 34 25 36 25 45 25 55 26 35 26 57 26 58 27 28 27 47 27 48 28 32 28 61 28 70 29 46 29 67 30 39 30 40 30 63 30 69 31 33 31 42 31 62 31 65 32 43 32 62 32 78 33 50 33 75 34 43 34 74 35 36 35 76 36 64 36 82 37 40 37 66 38 80 38 83 39 41 39 75 40 81 41 71 42 78 42 79 43 56 43 81 44 53 44 54 44 60 45 52 46 50 46 65 47 60 47 66 48 56 48 77 49 55 49 78 50 57 50 76 51 56 51 59 51 61 51 73 52 59 52 65 52 74 53 67 53 80 54 75 55 72 56 70 57 70 57 83 58 69 59 68 59 77 60 73 60 79 61 67 62 64 63 71 63 72 65 83 66 68 67 81 68 82 71 76 72 81 73 82 74 79 75 77 76 80 78 83
0 8 0 15 0 29 0 42 1 12 1 18 1 27 1 37 2 10 2 13 2 26 2 41 3 20 3 23 3 29 3 38 4 19 4 21 4 47 4 49 5 10 5 20 5 24 5 54 6 16 6 22 6 24 6 46 7 8 7 14 7 53 7 58 8 68 8 71 9 14 9 17 9 45 9 69 10 45 10 64 11 19 11 21 11 44 11 70 12 23 12 61 12 72 13 16 13 48 13 63 14 34 14 49 15 18 15 35 15 62 16 39 16 66 17 22 17 55 17 64 18 54 18 73 19 37 19 74 20 41 20 56 21 80 21 83 22 77 22 80 23 59 23 82 24 33 24 38 25 34 25 36 25 45 25 55 26 35 26 57 26 58 27 28 27 47 27 48 28 32 28 61 28 70 29 46 29 67 30 39 30 40 30 63 30 69 31 33 31 42 31 62 31 65 32 43 32 62 32 78 33 50 33 75 34 43 34 74 35 36 35 76 36 64 36 82 37 40 37 66 38 80 38 83 39 41 39 75 40 76 40 81 41 81 42 79 42 82 43 56 43 71 44 53 44 54 44 60 45 52 46 50 46 65 47 60 47 66 48 56 48 77 49 55 49 78 50 57 50 76 51 56 51 59 51 61 51 73 52 59 52 65 52 74 53 67 53 80 54 75 55 72 57 70 57 79 58 69 58 70 59 68 60 73 60 79 61 67 62 64 63 71 63 72 65 83 66 68 67 81 68 78 69 77 71 76 72 81 73 82 74 79 75 77 78 83
0 8 0 15 0 29 0 42 1 13 1 18 1 27 1 37 2 10 2 13 2 26 2 41 3 20 3 23 3 29 3 38 4 19 4 20 4 47 4 49 5 10 5 21 5 24 5 54 6 16 6 22 6 24 6 46 7 8 7 14 7 53 7 58 8 68 8 71 9 14 9 16 9 45 9 69 10 45 10 64 11 19 11 21 11 44 11 70 12 17 12 23 12 61 12 72 13 48 13 63 14 34 14 49 15 18 15 35 15 62 16 39 16 66 17 22 17 55 17 64 18 54 18 73 19 37 19 74 20 41 20 56 21 79 21 80 22 77 22 80 23 69 23 82 24 33 24 38 25 34 25 36 25 45 25 55 26 35 26 57 26 58 27 28 27 47 27 48 28 32 28 61 28 70 29 46 29 67 30 39 30 40 30 63 30 69 31 33 31 42 31 62 31 65 32 43 32 62 32 78 33 50 33 75 34 43 34 74 35 36 35 76 36 64 36 82 37 40 37 66 38 80 38 83 39 41 39 75 40 76 40 81 41 71 42 79 42 82 43 56 43 81 44 53 44 54 44 60 45 52 46 50 46 65 47 60 47 66 48 56 48 77 49 55 49 78 50 57 50 76 51 56 51 59 51 61 51 73 52 59 52 65 52 74 53 67 53 80 54 75 55 72 57 70 57 83 58 69 58 70 59 68 59 77 60 73 60 79 61 67 62 64 63 71 63 72 65 83 66 68 67 81 68 78 71 76 72 81 73 82 74 79 75 77 78 83
0 8 0 15 0 29 0 42 1 12 1 18 1 27 1 37 2 11 2 13 2 26 2 41 3 7 3 20 3 29 3 38 4 19 4 21 4 47 4 49 5 10 5 20 5 24 5 54 6 16 6 22 6 24 6 46 7 8 7 53 7 58 8 68 8 71 9 14 9 17 9 45 9 69 10 19 10 45 10 64 11 21 11 44 11 70 12 23 12 61 12 72 13 16 13 48 13 63 14 18 14 34 14 49 15 23 15 35 15 62 16 39 16 66 17 22 17 55 17 64 18 54 18 73 19 37 19 74 20 41 20 56 21 79 21 80 22 77 22 80 23 69 23 82 24 33 24 38 25 34 25 36 25 45 25 55 26 35 26 57 26 58 27 28 27 47 27 48 28 32 28 61 28 70 29 46 29 67 30 39 30 40 30 63 30 69 31 33 31 42 31 62 31 65 32 43 32 62 32 78 33 50 33 75 34 43 34 74 35 36 35 76 36 64 36 82 37 40 37 66 38 80 38 83 39 41 39 75 40 76 40 81 41 71 42 79 42 82 43 56 43 81 44 53 44 54 44 60 45 52 46 50 46 65 47 60 47 66 48 56 48 77 49 55 49 78 50 57 50 76 51 56 51 59 51 61 51 73 52 59 52 65 52 74 53 67 53 80 54 75 55 72 57 70 57 83 58 69 58 70 59 68 59 77 60 73 60 79 61 67 62 64 63 71 63 72 65 83 66 68 67 81 68 78 71 76 72 81 73 82 74 79 75 77 78 83
0 8 0 15 0 28 0 42 1 12 1 18 1 27 1 37 2 10 2 13 2 26 2 41 3 20 3 23 3 29 3 38 4 19 4 21 4 47 4 49 5 10 5 20 5 24 5 54 6 16 6 22 6 24 6 46 7 8 7 14 7 53 7 58 8 68 8 71 9 14 9 17 9 45 9 69 10 45 10 64 11 19 11 21 11 44 11 70 12 23 12 61 12 72 13 16 13 48 13 63 14 34 14 49 15 18 15 35 15 62 16 39 16 66 17 22 17 55 17 64 18 54 18 73 19 37 19 74 20 41 20 56 21 79 21 80 22 77 22 80 23 69 23 82 24 36 24 38 25 33 25 34 25 45 25 55 26 35 26 57 26 58 27 28 27 47 27 48 28 61 28 70 29 40 29 46 29 67 30 39 30 40 30 63 30 69 31 33 31 42 31 62 31 65 32 37 32 43 32 62 32 78 33 50 33 75 34 43 34 74 35 36 35 76 36 64 36 82 37 66 38 80 38 83 39 41 39 75 40 76 40 81 41 71 42 79 42 82 43 56 43 81 44 53 44 54 44 60 45 52 46 50 46 65 47 60 47 66 48 56 48 77 49 55 49 78 50 57 50 76 51 56 51 59 51 61 51 73 52 59 52 65 52 74 53 67 53 80 54 75 55 72 57 70 57 83 58 69 58 70 59 68 59 77 60 73 60 79 61 67 62 64 63 71 63 72 65 83 66 68 67 81 68 78 71 76 72 81 73 82 74 79 75 77 78 83
0 8 0 15 0 29 0 42 1 12 1 18 1 31 1 37 2 10 2 13 2 26 2 41 3 20 3 23 3 29 3 30 4 19 4 21 4 47 4 49 5 10 5 20 5 24 5 54 6 16 6 22 6 24 6 46 7 8 7 14 7 53 7 58 8 68 8 71 9 14 9 17 9 45 9 69 10 45 10 64 11 19 11 21 11 44 11 70 12 23 12 61 12 72 13 16 13 48 13 63 14 34 14 49 15 18 15 35 15 62 16 39 16 66 17 22 17 55 17 64 18 54 18 73 19 37 19 74 20 41 20 56 21 79 21 80 22 77 22 80 23 69 23 82 24 33 24 38 25 34 25 36 25 45 25 55 26 34 26 57 26 58 27 28 27 39 27 47 27 48 28 32 28 61 28 70 29 46 29 67 30 40 30 63 30 69 31 33 31 62 31 65 32 43 32 62 32 78 33 50 33 75 34 74 35 36 35 43 35 76 36 64 36 82 37 40 37 66 38 42 38 80 38 83 39 41 39 75 40 76 40 81 41 71 42 79 42 82 43 56 43 81 44 53 44 54 44 60 45 52 46 50 46 65 47 60 47 66 48 56 48 77 49 55 49 78 50 57 50 76 51 56 51 59 51 61 51 73 52 59 52 65 52 74 53 67 53 80 54 75 55 72 57 70 57 83 58 69 58 70 59 68 59 77 60 73 60 79 61 67 62 64 63 71 63 72 65 83 66 68 67 81 68 78 71 76 72 81 73 82 74 79 75 77 78 83
0 8 0 15 0 29 0 42 1 12 1 18 1 27 1 37 2 10 2 13 2 26 2 41 3 20 3 23 3 29 3 38 4 19 4 21 4 47 4 49 5 10 5 20 5 24 5 54 6 16 6 22 6 46 6 57 7 8 7 14 7 53 7 58 8 68 8 71 9 14 9 17 9 45 9 69 10 45 10 64 11 19 11 21 11 44 11 70 12 23 12 61 12 72 13 16 13 48 13 63 14 34 14 49 15 18 15 35 15 62 16 39 16 66 17 22 17 55 17 64 18 54 18 73 19 37 19 74 20 41 20 56 21 79 21 80 22 77 22 80 23 69 23 82 24 33 24 38 24 52 25 34 25 36 25 45 25 55 26 35 26 45 26 58 27 28 27 47 27 48 28 32 28 61 28 70 29 46 29 67 30 39 30 40 30 63 30 69 31 33 31 42 31 62 31 65 32 43 32 62 32 78 33 50 33 75 34 43 34 74 35 36 35 76 36 64 36 82 37 40 37 66 38 80 38 83 39 41 39 75 40 76 40 81 41 71 42 79 42 82 43 56 43 81 44 54 44 56 44 60 46 50 46 65 47 60 47 66 48 53 48 77 49 55 49 78 50 57 50 76 51 56 51 59 51 61 51 73 52 59 52 65 52 74 53 67 53 80 54 75 55 72 57 70 57 83 58 69 58 70 59 68 59 77 60 73 60 79 61 67 62 64 63 71 63 72 65 83 66 68 67 81 68 78 71 76 72 81 73 82 74 79 75 77 78 83
0 8 0 15 0 29 0 42 1 12 1 18 1 27 1 37 2 10 2 13 2 26 2 41 3 20 3 23 3 29 3 38 4 19 4 21 4 47 4 49 5 10 5 20 5 24 5 47 6 16 6 22 6 24 6 46 7 8 7 14 7 27 7 53 8 68 8 71 9 14 9 17 9 45 9 69 10 45 10 64 11 19 11 21 11 44 11 70 12 23 12 61 12 72 13 16 13 48 13 63 14 34 14 49 15 18 15 35 15 62 16 39 16 66 17 22 17 55 17 64 18 54 18 73 19 37 19 74 20 41 20 56 21 79 21 80 22 77 22 80 23 69 23 82 24 33 24 38 25 34 25 36 25 45 25 51 26 35 26 57 26 58 27 28 27 48 28 32 28 61 28 70 29 46 29 67 30 39 30 40 30 63 30 69 31 33 31 42 31 62 31 65 32 43 32 62 32 78 33 50 33 75 34 43 34 74 35 36 35 76 36 64 36 82 37 40 37 66 38 80 38 83 39 41 39 75 40 76 40 81 41 71 42 79 42 82 43 56 43 81 44 53 44 54 44 60 45 52 46 50 46 65 47 60 47 66 48 56 48 77 49 55 49 78 50 57 50 76 51 56 51 61 51 73 52 59 52 65 52 74 53 67 53 80 54 58 54 75 55 59 55 72 57 70 57 83 58 69 58 70 59 68 59 77 60 73 60 79 61 67 62 64 63 71 63 72 65 83 66 68 67 81 68 78 71 76 72 81 73 82 74 79 75 77 78 83
0 8 0 15 0 29 0 42 1 12 1 18 1 27 1 37 2 10 2 13 2 26 2 41 3 20 3 23 3 29 3 38 4 19 4 21 4 47 4 49 5 10 5 20 5 24 5 54 6 16 6 22 6 24 6 46 7 8 7 14 7 53 7 58 8 68 8 71 9 14 9 17 9 45 9 69 10 45 10 61 11 19 11 21 11 44 11 70 12 23 12 61 12 72 13 16 13 48 13 63 14 34 14 49 15 18 15 35 15 62 16 39 16 66 17 22 17 55 17 64 18 54 18 73 19 37 19 74 20 41 20 56 21 79 21 80 22 77 22 80 23 69 23 82 24 33 24 38 25 34 25 36 25 45 25 55 26 35 26 57 26 58 27 28 27 47 27 48 28 32 28 65 28 70 29 46 29 67 30 39 30 40 30 60 30 63 31 33 31 42 31 62 31 65 32 43 32 62 32 78 33 50 33 75 34 43 34 74 35 36 35 76 36 64 36 82 37 40 37 66 38 80 38 83 39 41 39 75 40 76 40 81 41 71 42 79 42 82 43 56 43 81 44 53 44 54 44 69 45 52 46 50 46 64 47 60 47 66 48 56 48 77 49 55 49 78 50 57 50 76 51 56 51 59 51 61 51 73 52 59 52 65 52 74 53 67 53 80 54 75 55 72 57 70 57 83 58 69 58 70 59 68 59 77 60 73 60 79 61 67 62 64 63 71 63 72 65 83 66 68 67 81 68 78 71 76 72 81 73 82 74 79 75 77 78 83
0 8 0 15 0 29 0 42 1 12 1 18 1 27 1 37 2 10 2 13 2 26 2 41 3 20 3 23 3 29 3 38 4 19 4 21 4 47 4 49 5 10 5 20 5 24 5 54 6 16 6 22 6 24 6 46 7 8 7 14 7 53 7 58 8 68 8 71 9 14 9 17 9 45 9 69 10 45 10 64 11 19 11 21 11 44 11 71 12 23 12 61 12 72 13 16 13 48 13 63 14 34 14 49 15 18 15 35 15 62 16 39 16 66 17 22 17 55 17 64 18 54 18 73 19 37 19 74 20 41 20 56 21 79 21 80 22 77 22 80 23 69 23 82 24 33 24 38 25 34 25 36 25 45 25 55 26 35 26 57 26 58 27 28 27 47 27 48 28 32 28 61 28 70 29 46 29 63 30 39 30 40 30 63 30 69 31 33 31 42 31 65 31 66 32 43 32 62 32 78 33 50 33 75 34 43 34 74 35 36 35 76 36 64 36 82 37 40 37 66 38 80 38 83 39 41 39 75 40 76 40 81 41 71 42 79 42 82 43 56 43 81 44 53 44 54 44 60 45 52 46 50 46 65 47 60 47 62 48 56 48 77 49 55 49 78 50 57 50 76 51 56 51 59 51 61 51 73 52 59 52 65 52 74 53 67 53 80 54 75 55 72 57 70 57 83 58 69 58 70 59 68 59 77 60 73 60 79 61 67 62 64 63 72 65 83 66 68 67 70 67 81 68 78 71 76 72 81 73 82 74 79 75 77 78 83
0 8 0 15 0 29 0 42 1 12 1 18 1 27 1 37 2 10 2 13 2 26 2 41 3 20 3 23 3 29 3 38 4 19 4 21 4 47 4 49 5 10 5 20 5 24 5 54 6 16 6 22 6 24 6 46 7 8 7 14 7 53 7 58 8 68 8 71 9 14 9 17 9 45 9 69 10 45 10 64 11 19 11 21 11 44 11 70 12 23 12 32 12 61 13 16 13 48 13 63 14 49 14 60 15 18 15 35 15 62 16 39 16 66 17 22 17 55 17 64 18 54 18 73 19 37 19 74 20 41 20 56 21 79 21 80 22 77 22 80 23 69 23 82 24 33 24 38 25 34 25 36 25 45 25 55 26 35 26 57 26 58 27 28 27 47 27 48 28 32 28 61 28 70 29 46 29 67 30 39 30 40 30 63 30 69 31 33 31 42 31 62 31 65 32 43 32 78 33 50 33 75 34 43 34 73 34 74 35 36 35 76 36 64 36 82 37 40 37 66 38 80 38 83 39 41 39 75 40 76 40 81 41 71 42 79 42 82 43 56 43 81 44 53 44 54 44 60 45 52 46 50 46 65 47 60 47 66 48 56 48 62 49 55 49 78 50 57 50 76 51 56 51 59 51 61 51 73 52 59 52 65 52 74 53 67 53 80 54 75 55 72 57 70 57 83 58 69 58 70 59 68 59 77 60 79 61 67 62 64 63 71 63 72 65 83 66 68 67 81 68 78 71 76 72 77 72 81 73 82 74 79 75 77 78 83
0 8 0 15 0 29 0 42 1 12 1 18 1 27 1 37 2 10 2 13 2 26 2 41 3 20 3 23 3 29 3 38 4 19 4 21 4 47 4 49 5 10 5 20 5 24 5 54 6 16 6 22 6 24 6 46 7 8 7 14 7 53 7 58 8 68 8 71 9 14 9 17 9 45 9 69 10 45 10 64 11 19 11 21 11 44 11 70 12 23 12 61 12 72 13 16 13 48 13 78 14 34 14 49 15 18 15 35 15 62 16 39 16 66 17 22 17 55 17 64 18 54 18 73 19 37 19 74 20 41 20 56 21 79 21 80 22 77 22 80 23 69 23 82 24 33 24 38 25 34 25 36 25 45 25 55 26 35 26 57 26 58 27 28 27 47 27 48 28 32 28 61 28 70 29 46 29 67 30 39 30 40 30 63 30 69 31 33 31 42 31 62 31 65 32 43 32 62 32 78 33 50 33 74 34 43 34 74 35 36 35 76 36 64 36 82 37 40 37 66 38 80 38 83 39 41 39 75 40 76 40 81 41 71 42 79 42 82 43 56 43 81 44 53 44 54 44 60 45 52 46 50 46 65 47 60 47 66 48 56 48 77 49 55 49 61 50 57 50 76 51 56 51 59 51 63 51 73 52 59 52 65 52 74 53 67 53 80 54 75 55 72 57 70 57 83 58 69 58 70 59 68 59 77 60 73 60 79 61 67 62 64 63 71 63 72 65 83 66 68 67 81 68 78 71 76 72 81 73 82 75 77 75 79 78 83
0 8 0 15 0 29 0 42 1 12 1 18 1 27 1 37 2 10 2 13 2 26 2 41 3 20 3 23 3 29 3 38 4 19 4 21 4 47 4 49 5 10 5 20 5 24 5 54 6 16 6 22 6 24 6 46 7 8 7 14 7 53 7 58 8 68 8 71 9 14 9 17 9 45 9 69 10 45 10 64 11 19 11 21 11 44 11 70 12 23 12 61 12 72 13 16 13 48 13 63 14 34 14 49 15 18 15 35 15 62 16 39 16 54 17 22 17 55 17 64 18 66 18 73 19 37 19 74 20 41 20 56 21 79 21 80 22 77 22 80 23 69 23 82 24 33 24 38 25 34 25 36 25 45 25 55 26 35 26 57 26 58 27 28 27 47 27 48 28 32 28 61 28 70 29 46 29 67 30 39 30 40 30 63 30 69 31 33 31 42 31 62 31 65 32 43 32 62 32 78 33 50 33 75 34 43 34 74 35 36 35 76 36 81 36 82 37 40 37 66 38 64 38 83 39 41 39 75 40 76 40 81 41 71 42 79 42 82 43 56 43 81 44 53 44 54 44 60 45 52 46 50 46 65 47 60 47 66 48 56 48 77 49 55 49 78 50 57 50 76 51 56 51 59 51 61 51 73 52 59 52 65 52 74 53 67 53 80 54 75 55 72 57 70 57 83 58 69 58 70 59 68 59 77 60 73 60 79 61 67 62 64 63 71 63 72 65 83 66 68 67 81 68 78 71 76 72 80 73 82 74 79 75 77 78 83
0 8 0 15 0 29 0 42 1 12 1 18 1 27 1 37 2 10 2 13 2 26 2 41 3 20 3 23 3 29 3 38 4 19 4 21 4 47 4 49 5 10 5 20 5 24 5 54 6 16 6 22 6 24 6 46 7 8 7 14 7 53 7 58 8 68 8 71 9 14 9 17 9 45 9 69 10 45 10 64 11 19 11 21 11 44 11 70 12 23 12 61 12 72 13 16 13 48 13 63 14 34 14 49 15 18 15 35 15 62 16 39 16 66 17 22 17 53 17 64 18 54 18 73 19 74 19 82 20 41 20 56 21 79 21 80 22 77 22 80 23 69 23 82 24 33 24 38 25 34 25 36 25 45 25 55 26 35 26 57 26 58 27 28 27 47 27 48 28 32 28 61 28 70 29 46 29 67 30 39 30 40 30 63 30 69 31 33 31 42 31 62 31 65 32 43 32 62 32 78 33 50 33 75 34 43 34 74 35 36 35 76 36 64 36 82 37 40 37 65 37 66 38 80 38 83 39 41 39 75 40 76 40 81 41 71 42 79 42 82 43 56 43 81 44 53 44 54 44 60 45 52 46 50 46 65 47 60 47 66 48 56 48 77 49 55 49 78 50 57 50 76 51 56 51 59 51 61 51 73 52 59 52 65 52 74 53 80 54 75 55 67 55 72 57 70 57 83 58 69 58 70 59 68 59 77 60 73 60 79 61 67 62 64 63 71 63 72 66 68 67 81 68 78 71 76 72 81 73 83 74 79 75 77 78 83
0 8 0 15 0 29 0 42 1 12 1 18 1 27 1 37 2 10 2 13 2 26 2 41 3 20 3 23 3 29 3 38 4 19 4 21 4 47 4 49 5 10 5 20 5 24 5 54 6 16 6 22 6 24 6 46 7 8 7 14 7 53 7 58 8 68 8 71 9 14 9 17 9 45 9 69 10 45 10 64 11 19 11 21 11 44 11 70 12 23 12 61 12 72 13 16 13 48 13 63 14 34 14 49 15 18 15 35 15 62 16 39 16 66 17 22 17 55 17 64 18 54 18 73 19 37 19 74 20 41 20 56 21 79 21 80 22 40 22 77 23 69 23 82 24 33 24 38 25 34 25 36 25 45 25 55 26 35 26 57 26 58 27 28 27 47 27 48 28 32 28 61 28 70 29 46 29 67 30 39 30 40 30 63 30 69 31 33 31 42 31 62 31 65 32 43 32 62 32 78 33 50 33 75 34 43 34 74 35 36 35 76 36 64 36 82 37 40 37 66 38 80 38 83 39 41 39 75 40 81 41 71 42 68 42 79 43 56 43 81 44 53 44 54 44 60 45 52 46 50 46 65 47 60 47 66 48 56 48 77 49 55 49 78 50 57 50 76 51 56 51 59 51 61 51 73 52 59 52 65 52 74 53 67 53 80 54 75 55 72 57 70 57 83 58 69 58 78 59 68 59 77 60 73 60 79 61 67 62 64 63 71 63 72 65 83 66 68 67 81 70 82 71 76 72 81 73 82 74 79 75 77 76 80 78 83
0 8 0 15 0 29 0 42 1 12 1 18 1 27 1 37 2 10 2 13 2 26 2 41 3 20 3 23 3 29 3 38 4 19 4 21 4 47 4 49 5 10 5 20 5 24 5 54 6 16 6 22 6 24 6 46 7 8 7 14 7 53 7 58 8 68 8 71 9 14 9 17 9 45 9 69 10 45 10 64 11 19 11 21 11 44 11 70 12 23 12 61 12 72 13 16 13 48 13 63 14 34 14 49 15 18 15 35 15 62 16 39 16 66 17 22 17 55 17 64 18 54 18 73 19 37 19 74 20 41 20 56 21 79 21 80 22 77 22 80 23 59 23 82 24 33 24 38 25 34 25 36 25 45 25 55 26 35 26 57 26 58 27 28 27 47 27 48 28 32 28 61 28 70 29 46 29 67 30 39 30 40 30 63 30 69 31 33 31 42 31 62 31 65 32 43 32 62 32 78 33 50 33 75 34 43 34 74 35 36 35 76 36 64 36 82 37 40 37 66 38 80 38 83 39 41 39 75 40 76 40 81 41 83 42 79 42 82 43 56 43 71 44 53 44 54 44 60 45 52 46 50 46 65 47 60 47 66 48 56 48 77 49 55 49 78 50 57 50 76 51 56 51 59 51 61 51 73 52 59 52 65 52 74 53 67 53 80 54 75 55 72 57 70 57 81 58 69 58 70 59 68 60 73 60 79 61 67 62 64 63 71 63 72 65 83 66 68 67 81 68 78 69 77 71 76 72 81 73 82 74 79 75 77 78 83
0 15 0 16 0 29 0 42 1 9 1 18 1 27 1 37 2 10 2 13 2 26 2 41 3 20 3 23 3 29 3 38 4 19 4 20 4 47 4 49 5 10 5 21 5 24 5 54 6 16 6 22 6 24 6 46 7 8 7 14 7 53 7 58 8 12 8 68 8 71 9 14 9 45 9 69 10 45 10 64 11 19 11 21 11 44 11 70 12 23 12 61 12 72 13 17 13 48 13 63 14 34 14 49 15 18 15 35 15 62 16 39 16 66 17 22 17 55 17 64 18 54 18 73 19 37 19 74 20 41 20 56 21 79 21 80 22 77 22 80 23 69 23 82 24 33 24 38 25 34 25 36 25 45 25 55 26 35 26 57 26 58 27 28 27 47 27 48 28 32 28 61 28 70 29 46 29 67 30 39 30 40 30 63 30 69 31 33 31 42 31 62 31 65 32 43 32 62 32 78 33 50 33 75 34 43 34 74 35 36 35 76 36 64 36 82 37 40 37 66 38 80 38 83 39 41 39 75 40 76 40 81 41 71 42 79 42 82 43 56 43 81 44 53 44 54 44 60 45 52 46 50 46 65 47 60 47 66 48 56 48 77 49 55 49 78 50 57 50 76 51 56 51 59 51 61 51 73 52 59 52 65 52 74 53 67 53 80 54 75 55 72 57 70 57 83 58 69 58 70 59 68 59 77 60 73 60 79 61 67 62 64 63 71 63 72 65 83 66 68 67 81 68 78 71 76 72 81 73 82 74 79 75 77 78 83
0 8 0 15 0 29 0 42 1 12 1 18 1 27 1 37 2 11 2 13 2 26 2 41 3 7 3 20 3 29 3 38 4 19 4 21 4 47 4 49 5 10 5 20 5 24 5 54 6 14 6 16 6 24 6 46 7 8 7 53 7 58 8 68 8 71 9 14 9 17 9 45 9 69 10 19 10 45 10 64 11 21 11 44 11 70 12 23 12 61 12 72 13 16 13 48 13 63 14 34 14 49 15 23 15 35 15 62 16 39 16 66 17 22 17 55 17 64 18 22 18 54 18 73 19 37 19 74 20 41 20 56 21 79 21 80 22 77 22 80 23 69 23 82 24 33 24 38 25 34 25 36 25 45 25 55 26 35 26 57 26 58 27 28 27 47 27 48 28 32 28 61 28 70 29 46 29 67 30 39 30 40 30 63 30 69 31 33 31 42 31 62 31 65 32 43 32 62 32 78 33 50 33 75 34 43 34 74 35 36 35 76 36 64 36 82 37 40 37 66 38 80 38 83 39 41 39 75 40 76 40 81 41 71 42 79 42 82 43 56 43 81 44 53 44 54 44 60 45 52 46 50 46 65 47 60 47 66 48 56 48 77 49 55 49 78 50 57 50 76 51 56 51 59 51 61 51 73 52 59 52 65 52 74 53 67 53 80 54 75 55 72 57 70 57 83 58 69 58 70 59 68 59 77 60 73 60 79 61 67 62 64 63 71 63 72 65 83 66 68 67 81 68 78 71 76 72 81 73 82 74 79 75 77 78 83
0 8 0 15 0 41 0 42 1 12 1 18 1 27 1 37 2 10 2 13 2 26 2 29 3 20 3 23 3 29 3 38 4 19 4 21 4 47 4 49 5 10 5 20 5 24 5 54 6 16 6 22 6 24 6 46 7 8 7 14 7 53 7 58 8 68 8 71 9 14 9 17 9 45 9 69 10 45 10 64 11 19 11 21 11 44 11 70 12 23 12 61 12 72 13 16 13 48 13 63 14 34 14 49 15 18 15 35 15 62 16 39 16 66 17 22 17 55 17 64 18 54 18 73 19 37 19 74 20 41 20 56 21 79 21 80 22 77 22 80 23 69 23 82 24 28 24 38 25 34 25 40 25 45 25 55 26 35 26 57 26 58 27 28 27 47 27 48 28 61 28 70 29 46 29 67 30 39 30 40 30 63 30 69 31 33 31 42 31 62 31 65 32 37 32 43 32 62 32 78 33 36 33 50 33 75 34 43 34 74 35 36 35 76 36 64 36 82 37 66 38 80 38 83 39 41 39 75 40 76 40 81 41 71 42 79 42 82 43 56 43 81 44 53 44 54 44 60 45 52 46 50 46 65 47 60 47 66 48 56 48 77 49 55 49 78 50 57 50 76 51 56 51 59 51 61 51 73 52 59 52 65 52 74 53 67 53 80 54 75 55 72 57 70 57 83 58 69 58 70 59 68 59 77 60 73 60 79 61 67 62 64 63 71 63 72 65 83 66 68 67 81 68 78 71 76 72 81 73 82 74 79 75 77 78 83
0 8 0 15 0 29 0 42 1 12 1 18 1 27 1 37 2 10 2 13 2 26 2 41 3 20 3 23 3 29 3 38 4 19 4 21 4 47 4 49 5 10 5 20 5 24 5 54 6 16 6 22 6 24 6 46 7 8 7 14 7 53 7 58 8 68 8 71 9 14 9 17 9 45 9 69 10 45 10 64 11 19 11 21 11 44 11 70 12 23 12 61 12 72 13 16 13 48 13 63 14 34 14 49 15 18 15 35 15 62 16 39 16 66 17 22 17 55 17 64 18 54 18 73 19 37 19 74 20 41 20 56 21 79 21 80 22 77 22 80 23 69 23 82 24 33 24 38 25 34 25 36 25 45 25 55 26 30 26 57 26 58 27 28 27 47 27 48 28 32 28 61 28 70 29 46 29 67 30 40 30 63 30 69 31 33 31 42 31 62 31 65 32 43 32 62 32 78 33 50 33 75 34 39 34 74 35 36 35 43 35 76 36 64 36 82 37 40 37 66 38 80 38 83 39 41 39 75 40 76 40 81 41 71 42 79 42 82 43 56 43 81 44 53 44 54 44 60 45 52 46 50 46 65 47 60 47 66 48 56 48 77 49 55 49 78 50 57 50 76 51 56 51 59 51 61 51 73 52 59 52 65 52 74 53 67 53 80 54 75 55 72 57 70 57 83 58 69 58 70 59 68 59 77 60 73 60 79 61 67 62 64 63 71 63 72 65 83 66 68 67 81 68 78 71 76 72 81 73 82 74 79 75 77 78 83
0 8 0 15 0 29 0 42 1 12 1 18 1 27 1 37 2 10 2 13 2 26 2 41 3 20 3 23 3 29 3 38 4 19 4 21 4 47 4 53 5 10 5 20 5 24 5 54 6 16 6 22 6 46 6 57 7 8 7 14 7 53 7 58 8 68 8 71 9 14 9 17 9 45 9 69 10 45 10 64 11 19 11 21 11 44 11 70 12 23 12 61 12 72 13 16 13 48 13 63 14 34 14 49 15 18 15 35 15 62 16 39 16 66 17 22 17 55 17 64 18 54 18 73 19 37 19 74 20 41 20 56 21 79 21 80 22 77 22 80 23 69 23 82 24 33 24 38 24 56 25 34 25 36 25 45 25 55 26 35 26 52 26 58 27 28 27 47 27 48 28 32 28 61 28 70 29 46 29 67 30 39 30 40 30 63 30 69 31 33 31 42 31 62 31 65 32 43 32 62 32 78 33 50 33 75 34 43 34 74 35 36 35 76 36 64 36 82 37 40 37 66 38 80 38 83 39 41 39 75 40 76 40 81 41 71 42 79 42 82 43 56 43 81 44 49 44 54 44 60 45 48 46 50 46 65 47 60 47 66 48 77 49 55 49 78 50 57 50 76 51 56 51 59 51 61 51 73 52 59 52 65 52 74 53 67 53 80 54 75 55 72 57 70 57 83 58 69 58 70 59 68 59 77 60 73 60 79 61 67 62 64 63 71 63 72 65 83 66 68 67 81 68 78 71 76 72 81 73 82 74 79 75 77 78 83
0 8 0 15 0 29 0 42 1 12 1 18 1 27 1 37 2 10 2 13 2 26 2 41 3 20 3 23 3 29 3 38 4 19 4 21 4 47 4 49 5 10 5 20 5 24 5 46 6 16 6 22 6 24 6 46 7 8 7 14 7 27 7 53 8 68 8 71 9 14 9 17 9 45 9 69 10 45 10 64 11 19 11 21 11 44 11 70 12 23 12 61 12 72 13 16 13 48 13 63 14 34 14 49 15 18 15 35 15 62 16 39 16 66 17 22 17 55 17 64 18 54 18 73 19 37 19 74 20 41 20 56 21 79 21 80 22 77 22 80 23 69 23 82 24 33 24 38 25 34 25 36 25 45 25 58 26 35 26 57 26 58 27 28 27 48 28 32 28 61 28 70 29 46 29 67 30 39 30 40 30 63 30 69 31 33 31 42 31 62 31 65 32 43 32 62 32 78 33 50 33 75 34 43 34 74 35 36 35 76 36 64 36 82 37 40 37 66 38 80 38 83 39 41 39 75 40 76 40 81 41 71 42 79 42 82 43 56 43 81 44 53 44 54 44 60 45 52 46 65 47 51 47 60 47 66 48 56 48 77 49 55 49 78 50 54 50 57 50 76 51 56 51 61 51 73 52 59 52 65 52 74 53 67 53 80 54 75 55 59 55 72 57 70 57 83 58 69 58 70 59 68 59 77 60 73 60 79 61 67 62 64 63 71 63 72 65 83 66 68 67 81 68 78 71 76 72 81 73 82 74 79 75 77 78 83
0 8 0 15 0 29 0 42 1 12 1 18 1 27 1 37 2 10 2 13 2 26 2 41 3 20 3 23 3 29 3 38 4 19 4 21 4 47 4 49 5 10 5 20 5 24 5 54 6 16 6 22 6 24 6 46 7 8 7 14 7 53 7 58 8 46 8 71 9 14 9 17 9 45 9 69 10 45 10 68 11 19 11 21 11 44 11 70 12 23 12 61 12 72 13 16 13 48 13 63 14 34 14 49 15 18 15 35 15 62 16 39 16 66 17 22 17 55 17 64 18 54 18 73 19 37 19 74 20 41 20 56 21 79 21 80 22 77 22 80 23 69 23 82 24 33 24 38 25 34 25 36 25 45 25 55 26 35 26 57 26 58 27 28 27 47 27 48 28 32 28 65 28 70 29 46 29 67 30 39 30 40 30 60 30 63 31 33 31 42 31 62 31 65 32 43 32 62 32 78 33 50 33 75 34 43 34 74 35 36 35 76 36 64 36 82 37 40 37 66 38 80 38 83 39 41 39 75 40 76 40 81 41 71 42 79 42 82 43 56 43 81 44 53 44 54 44 69 45 52 46 50 47 60 47 66 48 56 48 77 49 55 49 78 50 57 50 76 51 56 51 59 51 61 51 73 52 59 52 65 52 74 53 67 53 80 54 75 55 72 57 70 57 83 58 69 58 70 59 68 59 77 60 73 60 79 61 64 61 67 62 64 63 71 63 72 65 83 66 68 67 81 68 78 71 76 72 81 73 82 74 79 75 77 78 83
0 8 0 15 0 29 0 42 1 12 1 18 1 27 1 37 2 10 2 13 2 26 2 41 3 20 3 23 3 29 3 38 4 19 4 21 4 47 4 49 5 10 5 20 5 24 5 54 6 16 6 22 6 24 6 46 7 8 7 14 7 53 7 58 8 68 8 71 9 14 9 17 9 47 9 69 10 45 10 64 11 19 11 21 11 31 11 44 12 23 12 61 12 72 13 16 13 48 13 63 14 34 14 49 15 18 15 35 15 62 16 39 16 66 17 22 17 55 17 64 18 54 18 73 19 37 19 74 20 41 20 56 21 79 21 80 22 77 22 80 23 69 23 82 24 33 24 38 25 34 25 36 25 45 25 55 26 35 26 57 26 58 27 28 27 47 27 48 28 32 28 61 28 70 29 46 29 71 30 39 30 40 30 63 30 69 31 33 31 42 31 65 32 43 32 62 32 78 33 50 33 75 34 43 34 74 35 36 35 76 36 64 36 82 37 40 37 66 38 80 38 83 39 41 39 75 40 76 40 81 41 71 42 79 42 82 43 56 43 81 44 53 44 54 44 60 45 52 45 66 46 50 46 65 47 60 48 56 48 77 49 55 49 78 50 57 50 76 51 56 51 59 51 61 51 73 52 59 52 65 52 74 53 67 53 80 54 75 55 72 57 70 57 83 58 69 58 70 59 68 59 77 60 73 60 79 61 67 62 64 62 67 63 70 63 72 65 83 66 68 67 81 68 78 71 76 72 81 73 82 74 79 75 77 78 83
